{
  "timestamp": "2025-11-03T15:18:47.610077",
  "image_shape": {
    "height": 480,
    "width": 640,
    "channels": 3
  },
  "num_persons_detected": 1,
  "persons": [
    {
      "person_id": 0,
      "keypoints": [
        {
          "name": "nose",
          "x": 308.02496337890625,
          "y": 84.40023803710938,
          "confidence": 0.9694896340370178,
          "visible": true
        },
        {
          "name": "left_eye",
          "x": 312.8450927734375,
          "y": 69.93365478515625,
          "confidence": 0.9862053990364075,
          "visible": true
        },
        {
          "name": "right_eye",
          "x": 307.29547119140625,
          "y": 70.88626098632812,
          "confidence": 0.2149353176355362,
          "visible": false
        },
        {
          "name": "left_ear",
          "x": 340.87933349609375,
          "y": 68.85856628417969,
          "confidence": 0.9776533842086792,
          "visible": true
        },
        {
          "name": "right_ear",
          "x": 327.6993103027344,
          "y": 68.96876525878906,
          "confidence": 0.012522176839411259,
          "visible": false
        },
        {
          "name": "left_shoulder",
          "x": 373.02093505859375,
          "y": 142.62806701660156,
          "confidence": 0.9992634654045105,
          "visible": true
        },
        {
          "name": "right_shoulder",
          "x": 362.6410827636719,
          "y": 136.95228576660156,
          "confidence": 0.9387552738189697,
          "visible": true
        },
        {
          "name": "left_elbow",
          "x": 339.06829833984375,
          "y": 226.47474670410156,
          "confidence": 0.9984623193740845,
          "visible": true
        },
        {
          "name": "right_elbow",
          "x": 321.4105224609375,
          "y": 224.92469787597656,
          "confidence": 0.6456570625305176,
          "visible": true
        },
        {
          "name": "left_wrist",
          "x": 267.3983154296875,
          "y": 235.64944458007812,
          "confidence": 0.9973798394203186,
          "visible": true
        },
        {
          "name": "right_wrist",
          "x": 264.82305908203125,
          "y": 235.02764892578125,
          "confidence": 0.8262741565704346,
          "visible": true
        },
        {
          "name": "left_hip",
          "x": 334.850830078125,
          "y": 289.9617004394531,
          "confidence": 0.9986875653266907,
          "visible": true
        },
        {
          "name": "right_hip",
          "x": 328.52880859375,
          "y": 274.728759765625,
          "confidence": 0.9885970950126648,
          "visible": true
        },
        {
          "name": "left_knee",
          "x": 203.32003784179688,
          "y": 297.3409423828125,
          "confidence": 0.9985896944999695,
          "visible": true
        },
        {
          "name": "right_knee",
          "x": 204.9626922607422,
          "y": 286.51788330078125,
          "confidence": 0.987133800983429,
          "visible": true
        },
        {
          "name": "left_ankle",
          "x": 77.74594116210938,
          "y": 386.32037353515625,
          "confidence": 0.9862333536148071,
          "visible": true
        },
        {
          "name": "right_ankle",
          "x": 76.86799621582031,
          "y": 376.20489501953125,
          "confidence": 0.9480983018875122,
          "visible": true
        }
      ],
      "confidence_scores": [
        0.9694896340370178,
        0.9862053990364075,
        0.2149353176355362,
        0.9776533842086792,
        0.012522176839411259,
        0.9992634654045105,
        0.9387552738189697,
        0.9984623193740845,
        0.6456570625305176,
        0.9973798394203186,
        0.8262741565704346,
        0.9986875653266907,
        0.9885970950126648,
        0.9985896944999695,
        0.987133800983429,
        0.9862333536148071,
        0.9480983018875122
      ],
      "average_confidence": 0.8514081082471153
    }
  ]
}