{
  "timestamp": "2025-11-03T15:18:48.683941",
  "image_shape": {
    "height": 480,
    "width": 640,
    "channels": 3
  },
  "num_persons_detected": 1,
  "persons": [
    {
      "person_id": 0,
      "keypoints": [
        {
          "name": "nose",
          "x": 310.3228454589844,
          "y": 84.56465148925781,
          "confidence": 0.9675549864768982,
          "visible": true
        },
        {
          "name": "left_eye",
          "x": 314.9011535644531,
          "y": 70.53265380859375,
          "confidence": 0.9846301674842834,
          "visible": true
        },
        {
          "name": "right_eye",
          "x": 310.09735107421875,
          "y": 71.77827453613281,
          "confidence": 0.21857240796089172,
          "visible": false
        },
        {
          "name": "left_ear",
          "x": 342.0413818359375,
          "y": 69.54666137695312,
          "confidence": 0.9753395915031433,
          "visible": true
        },
        {
          "name": "right_ear",
          "x": 330.5528869628906,
          "y": 70.35377502441406,
          "confidence": 0.01325618103146553,
          "visible": false
        },
        {
          "name": "left_shoulder",
          "x": 373.03558349609375,
          "y": 141.45547485351562,
          "confidence": 0.9990133047103882,
          "visible": true
        },
        {
          "name": "right_shoulder",
          "x": 362.6163635253906,
          "y": 135.55494689941406,
          "confidence": 0.9389321804046631,
          "visible": true
        },
        {
          "name": "left_elbow",
          "x": 337.74530029296875,
          "y": 225.9014129638672,
          "confidence": 0.9982993006706238,
          "visible": true
        },
        {
          "name": "right_elbow",
          "x": 322.3395690917969,
          "y": 221.63327026367188,
          "confidence": 0.6760686635971069,
          "visible": true
        },
        {
          "name": "left_wrist",
          "x": 266.21038818359375,
          "y": 237.3328857421875,
          "confidence": 0.9975600242614746,
          "visible": true
        },
        {
          "name": "right_wrist",
          "x": 263.9060363769531,
          "y": 235.64028930664062,
          "confidence": 0.8520230054855347,
          "visible": true
        },
        {
          "name": "left_hip",
          "x": 335.7554016113281,
          "y": 287.1043395996094,
          "confidence": 0.998465895652771,
          "visible": true
        },
        {
          "name": "right_hip",
          "x": 329.56927490234375,
          "y": 271.9626159667969,
          "confidence": 0.9881318807601929,
          "visible": true
        },
        {
          "name": "left_knee",
          "x": 201.4857177734375,
          "y": 297.4753723144531,
          "confidence": 0.9984900951385498,
          "visible": true
        },
        {
          "name": "right_knee",
          "x": 202.90843200683594,
          "y": 286.7498779296875,
          "confidence": 0.987174928188324,
          "visible": true
        },
        {
          "name": "left_ankle",
          "x": 91.84703063964844,
          "y": 396.8990173339844,
          "confidence": 0.9844041466712952,
          "visible": true
        },
        {
          "name": "right_ankle",
          "x": 92.52020263671875,
          "y": 387.9160461425781,
          "confidence": 0.9441736340522766,
          "visible": true
        }
      ],
      "confidence_scores": [
        0.9675549864768982,
        0.9846301674842834,
        0.21857240796089172,
        0.9753395915031433,
        0.01325618103146553,
        0.9990133047103882,
        0.9389321804046631,
        0.9982993006706238,
        0.6760686635971069,
        0.9975600242614746,
        0.8520230054855347,
        0.998465895652771,
        0.9881318807601929,
        0.9984900951385498,
        0.987174928188324,
        0.9844041466712952,
        0.9441736340522766
      ],
      "average_confidence": 0.854240611414699
    }
  ]
}