{
  "timestamp": "2025-11-03T15:18:07.474635",
  "image_shape": {
    "height": 480,
    "width": 640,
    "channels": 3
  },
  "num_persons_detected": 1,
  "persons": [
    {
      "person_id": 0,
      "keypoints": [
        {
          "name": "nose",
          "x": 282.43994140625,
          "y": 60.45881652832031,
          "confidence": 0.9602065086364746,
          "visible": true
        },
        {
          "name": "left_eye",
          "x": 289.179931640625,
          "y": 47.103759765625,
          "confidence": 0.9757640957832336,
          "visible": true
        },
        {
          "name": "right_eye",
          "x": 281.84088134765625,
          "y": 48.797149658203125,
          "confidence": 0.29587170481681824,
          "visible": false
        },
        {
          "name": "left_ear",
          "x": 314.69317626953125,
          "y": 52.94757080078125,
          "confidence": 0.9695923924446106,
          "visible": true
        },
        {
          "name": "right_ear",
          "x": 300.8227233886719,
          "y": 53.53297424316406,
          "confidence": 0.02971290424466133,
          "visible": false
        },
        {
          "name": "left_shoulder",
          "x": 340.7508544921875,
          "y": 123.3388671875,
          "confidence": 0.9967871904373169,
          "visible": true
        },
        {
          "name": "right_shoulder",
          "x": 334.133056640625,
          "y": 113.37850952148438,
          "confidence": 0.9428004026412964,
          "visible": true
        },
        {
          "name": "left_elbow",
          "x": 335.73565673828125,
          "y": 227.8721160888672,
          "confidence": 0.9957526922225952,
          "visible": true
        },
        {
          "name": "right_elbow",
          "x": 321.47576904296875,
          "y": 209.47216796875,
          "confidence": 0.7505356073379517,
          "visible": true
        },
        {
          "name": "left_wrist",
          "x": 272.04022216796875,
          "y": 229.5977783203125,
          "confidence": 0.9966180920600891,
          "visible": true
        },
        {
          "name": "right_wrist",
          "x": 267.65557861328125,
          "y": 226.17791748046875,
          "confidence": 0.8909829258918762,
          "visible": true
        },
        {
          "name": "left_hip",
          "x": 322.6424255371094,
          "y": 276.22247314453125,
          "confidence": 0.9914585947990417,
          "visible": true
        },
        {
          "name": "right_hip",
          "x": 320.79180908203125,
          "y": 260.1676025390625,
          "confidence": 0.9641438722610474,
          "visible": true
        },
        {
          "name": "left_knee",
          "x": 181.47206115722656,
          "y": 276.18035888671875,
          "confidence": 0.9946393370628357,
          "visible": true
        },
        {
          "name": "right_knee",
          "x": 188.95176696777344,
          "y": 258.9794921875,
          "confidence": 0.9716415405273438,
          "visible": true
        },
        {
          "name": "left_ankle",
          "x": 156.04397583007812,
          "y": 408.5059814453125,
          "confidence": 0.956012487411499,
          "visible": true
        },
        {
          "name": "right_ankle",
          "x": 164.21218872070312,
          "y": 392.4192199707031,
          "confidence": 0.8880440592765808,
          "visible": true
        }
      ],
      "confidence_scores": [
        0.9602065086364746,
        0.9757640957832336,
        0.29587170481681824,
        0.9695923924446106,
        0.02971290424466133,
        0.9967871904373169,
        0.9428004026412964,
        0.9957526922225952,
        0.7505356073379517,
        0.9966180920600891,
        0.8909829258918762,
        0.9914585947990417,
        0.9641438722610474,
        0.9946393370628357,
        0.9716415405273438,
        0.956012487411499,
        0.8880440592765808
      ],
      "average_confidence": 0.8570920239914867
    }
  ]
}