{
  "timestamp": "2025-11-03T15:18:00.339751",
  "image_shape": {
    "height": 480,
    "width": 640,
    "channels": 3
  },
  "num_persons_detected": 1,
  "persons": [
    {
      "person_id": 0,
      "keypoints": [
        {
          "name": "nose",
          "x": 158.77772521972656,
          "y": 120.902587890625,
          "confidence": 0.9760704636573792,
          "visible": true
        },
        {
          "name": "left_eye",
          "x": 165.34481811523438,
          "y": 108.81942749023438,
          "confidence": 0.9923191666603088,
          "visible": true
        },
        {
          "name": "right_eye",
          "x": 158.54251098632812,
          "y": 111.0103759765625,
          "confidence": 0.28929126262664795,
          "visible": false
        },
        {
          "name": "left_ear",
          "x": 197.4814910888672,
          "y": 109.12857055664062,
          "confidence": 0.9884830117225647,
          "visible": true
        },
        {
          "name": "right_ear",
          "x": 183.2255859375,
          "y": 109.8134765625,
          "confidence": 0.011262563057243824,
          "visible": false
        },
        {
          "name": "left_shoulder",
          "x": 235.63558959960938,
          "y": 157.49417114257812,
          "confidence": 0.9980760812759399,
          "visible": true
        },
        {
          "name": "right_shoulder",
          "x": 239.29971313476562,
          "y": 152.83502197265625,
          "confidence": 0.9042766094207764,
          "visible": true
        },
        {
          "name": "left_elbow",
          "x": 208.69737243652344,
          "y": 242.0409393310547,
          "confidence": 0.9970274567604065,
          "visible": true
        },
        {
          "name": "right_elbow",
          "x": 209.8292999267578,
          "y": 230.1992950439453,
          "confidence": 0.5526559948921204,
          "visible": true
        },
        {
          "name": "left_wrist",
          "x": 123.86797332763672,
          "y": 256.72845458984375,
          "confidence": 0.9963127970695496,
          "visible": true
        },
        {
          "name": "right_wrist",
          "x": 135.6490936279297,
          "y": 255.68258666992188,
          "confidence": 0.8091100454330444,
          "visible": true
        },
        {
          "name": "left_hip",
          "x": 273.6703796386719,
          "y": 279.8818054199219,
          "confidence": 0.9963105320930481,
          "visible": true
        },
        {
          "name": "right_hip",
          "x": 278.0813903808594,
          "y": 268.1647644042969,
          "confidence": 0.97571861743927,
          "visible": true
        },
        {
          "name": "left_knee",
          "x": 153.4235382080078,
          "y": 295.4522399902344,
          "confidence": 0.9976758360862732,
          "visible": true
        },
        {
          "name": "right_knee",
          "x": 164.87774658203125,
          "y": 279.8960876464844,
          "confidence": 0.9828180074691772,
          "visible": true
        },
        {
          "name": "left_ankle",
          "x": 110.02709197998047,
          "y": 420.3407287597656,
          "confidence": 0.9814297556877136,
          "visible": true
        },
        {
          "name": "right_ankle",
          "x": 111.4271011352539,
          "y": 400.77947998046875,
          "confidence": 0.9445756077766418,
          "visible": true
        }
      ],
      "confidence_scores": [
        0.9760704636573792,
        0.9923191666603088,
        0.28929126262664795,
        0.9884830117225647,
        0.011262563057243824,
        0.9980760812759399,
        0.9042766094207764,
        0.9970274567604065,
        0.5526559948921204,
        0.9963127970695496,
        0.8091100454330444,
        0.9963105320930481,
        0.97571861743927,
        0.9976758360862732,
        0.9828180074691772,
        0.9814297556877136,
        0.9445756077766418
      ],
      "average_confidence": 0.8466714005369473
    }
  ]
}