{
  "timestamp": "2025-11-03T15:18:20.550079",
  "image_shape": {
    "height": 480,
    "width": 640,
    "channels": 3
  },
  "num_persons_detected": 2,
  "persons": [
    {
      "person_id": 0,
      "keypoints": [
        {
          "name": "nose",
          "x": 350.5569763183594,
          "y": 65.44950866699219,
          "confidence": 0.9707002639770508,
          "visible": true
        },
        {
          "name": "left_eye",
          "x": 361.8108825683594,
          "y": 54.74261474609375,
          "confidence": 0.9826655387878418,
          "visible": true
        },
        {
          "name": "right_eye",
          "x": 354.7459411621094,
          "y": 56.402313232421875,
          "confidence": 0.3634573817253113,
          "visible": false
        },
        {
          "name": "left_ear",
          "x": 391.11785888671875,
          "y": 66.51158142089844,
          "confidence": 0.9616734385490417,
          "visible": true
        },
        {
          "name": "right_ear",
          "x": 374.0101623535156,
          "y": 65.60136413574219,
          "confidence": 0.019968312233686447,
          "visible": false
        },
        {
          "name": "left_shoulder",
          "x": 386.6697998046875,
          "y": 135.01251220703125,
          "confidence": 0.9927547574043274,
          "visible": true
        },
        {
          "name": "right_shoulder",
          "x": 385.7587585449219,
          "y": 122.47529602050781,
          "confidence": 0.8885495662689209,
          "visible": true
        },
        {
          "name": "left_elbow",
          "x": 343.5741271972656,
          "y": 233.26785278320312,
          "confidence": 0.9951152801513672,
          "visible": true
        },
        {
          "name": "right_elbow",
          "x": 350.5467834472656,
          "y": 207.92666625976562,
          "confidence": 0.6110667586326599,
          "visible": true
        },
        {
          "name": "left_wrist",
          "x": 252.79165649414062,
          "y": 238.93545532226562,
          "confidence": 0.9968435764312744,
          "visible": true
        },
        {
          "name": "right_wrist",
          "x": 281.14349365234375,
          "y": 229.89407348632812,
          "confidence": 0.8431572914123535,
          "visible": true
        },
        {
          "name": "left_hip",
          "x": 331.24102783203125,
          "y": 285.6434326171875,
          "confidence": 0.9830143451690674,
          "visible": true
        },
        {
          "name": "right_hip",
          "x": 329.8661193847656,
          "y": 266.2707824707031,
          "confidence": 0.9200851917266846,
          "visible": true
        },
        {
          "name": "left_knee",
          "x": 173.2333984375,
          "y": 287.1258544921875,
          "confidence": 0.9882124066352844,
          "visible": true
        },
        {
          "name": "right_knee",
          "x": 180.8616485595703,
          "y": 267.2859191894531,
          "confidence": 0.9169736504554749,
          "visible": true
        },
        {
          "name": "left_ankle",
          "x": 217.38526916503906,
          "y": 417.4923095703125,
          "confidence": 0.8936493992805481,
          "visible": true
        },
        {
          "name": "right_ankle",
          "x": 213.33267211914062,
          "y": 399.5204162597656,
          "confidence": 0.7016575932502747,
          "visible": true
        }
      ],
      "confidence_scores": [
        0.9707002639770508,
        0.9826655387878418,
        0.3634573817253113,
        0.9616734385490417,
        0.019968312233686447,
        0.9927547574043274,
        0.8885495662689209,
        0.9951152801513672,
        0.6110667586326599,
        0.9968435764312744,
        0.8431572914123535,
        0.9830143451690674,
        0.9200851917266846,
        0.9882124066352844,
        0.9169736504554749,
        0.8936493992805481,
        0.7016575932502747
      ],
      "average_confidence": 0.8252673383583041
    },
    {
      "person_id": 1,
      "keypoints": [
        {
          "name": "nose",
          "x": 7.770510673522949,
          "y": 81.8449935913086,
          "confidence": 0.055184293538331985,
          "visible": false
        },
        {
          "name": "left_eye",
          "x": 4.999610900878906,
          "y": 73.43431854248047,
          "confidence": 0.03568065166473389,
          "visible": false
        },
        {
          "name": "right_eye",
          "x": 8.307805061340332,
          "y": 73.22296142578125,
          "confidence": 0.021394280716776848,
          "visible": false
        },
        {
          "name": "left_ear",
          "x": 2.7688732147216797,
          "y": 75.48237609863281,
          "confidence": 0.04328309744596481,
          "visible": false
        },
        {
          "name": "right_ear",
          "x": 11.471099853515625,
          "y": 75.23087310791016,
          "confidence": 0.03145787492394447,
          "visible": false
        },
        {
          "name": "left_shoulder",
          "x": 12.86153507232666,
          "y": 121.63319396972656,
          "confidence": 0.17149530351161957,
          "visible": false
        },
        {
          "name": "right_shoulder",
          "x": 11.530420303344727,
          "y": 118.21004486083984,
          "confidence": 0.03399820253252983,
          "visible": false
        },
        {
          "name": "left_elbow",
          "x": 21.194984436035156,
          "y": 151.0786590576172,
          "confidence": 0.1904272586107254,
          "visible": false
        },
        {
          "name": "right_elbow",
          "x": 19.26002311706543,
          "y": 148.2623291015625,
          "confidence": 0.02613735757768154,
          "visible": false
        },
        {
          "name": "left_wrist",
          "x": 10.410545349121094,
          "y": 111.97984313964844,
          "confidence": 0.2224811464548111,
          "visible": false
        },
        {
          "name": "right_wrist",
          "x": 10.733747482299805,
          "y": 111.80435180664062,
          "confidence": 0.0628974512219429,
          "visible": false
        },
        {
          "name": "left_hip",
          "x": 4.458044052124023,
          "y": 201.58523559570312,
          "confidence": 0.14978903532028198,
          "visible": false
        },
        {
          "name": "right_hip",
          "x": 2.958702564239502,
          "y": 199.64376831054688,
          "confidence": 0.07252257317304611,
          "visible": false
        },
        {
          "name": "left_knee",
          "x": 7.453019142150879,
          "y": 291.6721496582031,
          "confidence": 0.1581469029188156,
          "visible": false
        },
        {
          "name": "right_knee",
          "x": 7.915565490722656,
          "y": 291.25286865234375,
          "confidence": 0.07907514274120331,
          "visible": false
        },
        {
          "name": "left_ankle",
          "x": 2.3652095794677734,
          "y": 397.98406982421875,
          "confidence": 0.051753412932157516,
          "visible": false
        },
        {
          "name": "right_ankle",
          "x": 2.7297871112823486,
          "y": 399.21661376953125,
          "confidence": 0.028927594423294067,
          "visible": false
        }
      ],
      "confidence_scores": [
        0.055184293538331985,
        0.03568065166473389,
        0.021394280716776848,
        0.04328309744596481,
        0.03145787492394447,
        0.17149530351161957,
        0.03399820253252983,
        0.1904272586107254,
        0.02613735757768154,
        0.2224811464548111,
        0.0628974512219429,
        0.14978903532028198,
        0.07252257317304611,
        0.1581469029188156,
        0.07907514274120331,
        0.051753412932157516,
        0.028927594423294067
      ],
      "average_confidence": 0.08439126939458005
    }
  ]
}