{
  "timestamp": "2025-11-03T15:13:27.444271",
  "image_shape": {
    "height": 480,
    "width": 640,
    "channels": 3
  },
  "num_persons_detected": 1,
  "persons": [
    {
      "person_id": 0,
      "keypoints": [
        {
          "name": "nose",
          "x": 344.9654541015625,
          "y": 90.38954162597656,
          "confidence": 0.9816630482673645,
          "visible": true
        },
        {
          "name": "left_eye",
          "x": 354.9953918457031,
          "y": 79.05670166015625,
          "confidence": 0.9867975115776062,
          "visible": true
        },
        {
          "name": "right_eye",
          "x": 346.2305603027344,
          "y": 81.39332580566406,
          "confidence": 0.5313148498535156,
          "visible": true
        },
        {
          "name": "left_ear",
          "x": 381.47747802734375,
          "y": 85.1351318359375,
          "confidence": 0.9633119106292725,
          "visible": true
        },
        {
          "name": "right_ear",
          "x": 360.29345703125,
          "y": 88.05924987792969,
          "confidence": 0.035588689148426056,
          "visible": false
        },
        {
          "name": "left_shoulder",
          "x": 377.9787902832031,
          "y": 147.83987426757812,
          "confidence": 0.9952772855758667,
          "visible": true
        },
        {
          "name": "right_shoulder",
          "x": 368.3983154296875,
          "y": 140.65365600585938,
          "confidence": 0.9404359459877014,
          "visible": true
        },
        {
          "name": "left_elbow",
          "x": 320.1227722167969,
          "y": 225.49053955078125,
          "confidence": 0.9956557750701904,
          "visible": true
        },
        {
          "name": "right_elbow",
          "x": 320.5364685058594,
          "y": 208.96029663085938,
          "confidence": 0.7220737934112549,
          "visible": true
        },
        {
          "name": "left_wrist",
          "x": 226.54946899414062,
          "y": 243.1031036376953,
          "confidence": 0.9965266585350037,
          "visible": true
        },
        {
          "name": "right_wrist",
          "x": 246.18692016601562,
          "y": 238.07504272460938,
          "confidence": 0.8751714825630188,
          "visible": true
        },
        {
          "name": "left_hip",
          "x": 306.2206726074219,
          "y": 284.72052001953125,
          "confidence": 0.9911779761314392,
          "visible": true
        },
        {
          "name": "right_hip",
          "x": 298.9102478027344,
          "y": 267.79443359375,
          "confidence": 0.9615159034729004,
          "visible": true
        },
        {
          "name": "left_knee",
          "x": 161.84146118164062,
          "y": 287.8695373535156,
          "confidence": 0.9927917718887329,
          "visible": true
        },
        {
          "name": "right_knee",
          "x": 165.48858642578125,
          "y": 274.81170654296875,
          "confidence": 0.9555124044418335,
          "visible": true
        },
        {
          "name": "left_ankle",
          "x": 182.8343505859375,
          "y": 408.0793762207031,
          "confidence": 0.9355270266532898,
          "visible": true
        },
        {
          "name": "right_ankle",
          "x": 179.46612548828125,
          "y": 402.495361328125,
          "confidence": 0.8173357844352722,
          "visible": true
        }
      ],
      "confidence_scores": [
        0.9816630482673645,
        0.9867975115776062,
        0.5313148498535156,
        0.9633119106292725,
        0.035588689148426056,
        0.9952772855758667,
        0.9404359459877014,
        0.9956557750701904,
        0.7220737934112549,
        0.9965266585350037,
        0.8751714825630188,
        0.9911779761314392,
        0.9615159034729004,
        0.9927917718887329,
        0.9555124044418335,
        0.9355270266532898,
        0.8173357844352722
      ],
      "average_confidence": 0.8633928128025111
    }
  ]
}