{
  "timestamp": "2025-11-03T15:18:04.380368",
  "image_shape": {
    "height": 480,
    "width": 640,
    "channels": 3
  },
  "num_persons_detected": 1,
  "persons": [
    {
      "person_id": 0,
      "keypoints": [
        {
          "name": "nose",
          "x": 189.49008178710938,
          "y": 212.71881103515625,
          "confidence": 0.8750847578048706,
          "visible": true
        },
        {
          "name": "left_eye",
          "x": 184.18450927734375,
          "y": 202.10226440429688,
          "confidence": 0.8812114596366882,
          "visible": true
        },
        {
          "name": "right_eye",
          "x": 183.54144287109375,
          "y": 202.65884399414062,
          "confidence": 0.1261330097913742,
          "visible": false
        },
        {
          "name": "left_ear",
          "x": 199.07176208496094,
          "y": 172.60153198242188,
          "confidence": 0.6869603991508484,
          "visible": true
        },
        {
          "name": "right_ear",
          "x": 193.7681121826172,
          "y": 177.11709594726562,
          "confidence": 0.011437737382948399,
          "visible": false
        },
        {
          "name": "left_shoulder",
          "x": 246.51141357421875,
          "y": 171.0576934814453,
          "confidence": 0.9867528676986694,
          "visible": true
        },
        {
          "name": "right_shoulder",
          "x": 247.38858032226562,
          "y": 169.30514526367188,
          "confidence": 0.8090831637382507,
          "visible": true
        },
        {
          "name": "left_elbow",
          "x": 216.69789123535156,
          "y": 244.79006958007812,
          "confidence": 0.9932015538215637,
          "visible": true
        },
        {
          "name": "right_elbow",
          "x": 217.08712768554688,
          "y": 239.73744201660156,
          "confidence": 0.7287836074829102,
          "visible": true
        },
        {
          "name": "left_wrist",
          "x": 141.29417419433594,
          "y": 257.42828369140625,
          "confidence": 0.9922269582748413,
          "visible": true
        },
        {
          "name": "right_wrist",
          "x": 146.34310913085938,
          "y": 260.831787109375,
          "confidence": 0.8832223415374756,
          "visible": true
        },
        {
          "name": "left_hip",
          "x": 296.3376770019531,
          "y": 266.4449462890625,
          "confidence": 0.9931951761245728,
          "visible": true
        },
        {
          "name": "right_hip",
          "x": 298.1365966796875,
          "y": 257.5462646484375,
          "confidence": 0.9754873514175415,
          "visible": true
        },
        {
          "name": "left_knee",
          "x": 167.88748168945312,
          "y": 298.01019287109375,
          "confidence": 0.9951842427253723,
          "visible": true
        },
        {
          "name": "right_knee",
          "x": 174.03257751464844,
          "y": 286.470703125,
          "confidence": 0.9794424176216125,
          "visible": true
        },
        {
          "name": "left_ankle",
          "x": 115.25224304199219,
          "y": 412.68585205078125,
          "confidence": 0.9617167711257935,
          "visible": true
        },
        {
          "name": "right_ankle",
          "x": 115.42570495605469,
          "y": 403.1065979003906,
          "confidence": 0.9155355095863342,
          "visible": true
        }
      ],
      "confidence_scores": [
        0.8750847578048706,
        0.8812114596366882,
        0.1261330097913742,
        0.6869603991508484,
        0.011437737382948399,
        0.9867528676986694,
        0.8090831637382507,
        0.9932015538215637,
        0.7287836074829102,
        0.9922269582748413,
        0.8832223415374756,
        0.9931951761245728,
        0.9754873514175415,
        0.9951842427253723,
        0.9794424176216125,
        0.9617167711257935,
        0.9155355095863342
      ],
      "average_confidence": 0.811450548524804
    }
  ]
}