{
  "timestamp": "2025-11-03T15:18:44.725713",
  "image_shape": {
    "height": 480,
    "width": 640,
    "channels": 3
  },
  "num_persons_detected": 1,
  "persons": [
    {
      "person_id": 0,
      "keypoints": [
        {
          "name": "nose",
          "x": 310.60565185546875,
          "y": 77.26237487792969,
          "confidence": 0.9572321176528931,
          "visible": true
        },
        {
          "name": "left_eye",
          "x": 314.689208984375,
          "y": 62.698486328125,
          "confidence": 0.9778348803520203,
          "visible": true
        },
        {
          "name": "right_eye",
          "x": 309.892578125,
          "y": 63.568115234375,
          "confidence": 0.1661086529493332,
          "visible": false
        },
        {
          "name": "left_ear",
          "x": 340.0352478027344,
          "y": 63.76222229003906,
          "confidence": 0.9681240320205688,
          "visible": true
        },
        {
          "name": "right_ear",
          "x": 328.99212646484375,
          "y": 63.617401123046875,
          "confidence": 0.014232665300369263,
          "visible": false
        },
        {
          "name": "left_shoulder",
          "x": 367.8695373535156,
          "y": 146.22384643554688,
          "confidence": 0.9993364214897156,
          "visible": true
        },
        {
          "name": "right_shoulder",
          "x": 368.97503662109375,
          "y": 140.984375,
          "confidence": 0.9486132860183716,
          "visible": true
        },
        {
          "name": "left_elbow",
          "x": 339.9642639160156,
          "y": 229.3443603515625,
          "confidence": 0.9982043504714966,
          "visible": true
        },
        {
          "name": "right_elbow",
          "x": 330.7469177246094,
          "y": 230.30958557128906,
          "confidence": 0.6437808275222778,
          "visible": true
        },
        {
          "name": "left_wrist",
          "x": 271.54473876953125,
          "y": 236.6710205078125,
          "confidence": 0.9964436888694763,
          "visible": true
        },
        {
          "name": "right_wrist",
          "x": 265.37567138671875,
          "y": 233.16546630859375,
          "confidence": 0.8037422299385071,
          "visible": true
        },
        {
          "name": "left_hip",
          "x": 332.03173828125,
          "y": 287.2156982421875,
          "confidence": 0.9986165761947632,
          "visible": true
        },
        {
          "name": "right_hip",
          "x": 334.0339050292969,
          "y": 271.0696716308594,
          "confidence": 0.9887542724609375,
          "visible": true
        },
        {
          "name": "left_knee",
          "x": 191.24227905273438,
          "y": 287.3670349121094,
          "confidence": 0.9978629946708679,
          "visible": true
        },
        {
          "name": "right_knee",
          "x": 202.69021606445312,
          "y": 274.1759033203125,
          "confidence": 0.981400728225708,
          "visible": true
        },
        {
          "name": "left_ankle",
          "x": 59.79643249511719,
          "y": 332.7362976074219,
          "confidence": 0.9808541536331177,
          "visible": true
        },
        {
          "name": "right_ankle",
          "x": 64.7969970703125,
          "y": 317.79107666015625,
          "confidence": 0.9301379323005676,
          "visible": true
        }
      ],
      "confidence_scores": [
        0.9572321176528931,
        0.9778348803520203,
        0.1661086529493332,
        0.9681240320205688,
        0.014232665300369263,
        0.9993364214897156,
        0.9486132860183716,
        0.9982043504714966,
        0.6437808275222778,
        0.9964436888694763,
        0.8037422299385071,
        0.9986165761947632,
        0.9887542724609375,
        0.9978629946708679,
        0.981400728225708,
        0.9808541536331177,
        0.9301379323005676
      ],
      "average_confidence": 0.844192930004176
    }
  ]
}