{
  "timestamp": "2025-11-03T15:14:06.017631",
  "image_shape": {
    "height": 480,
    "width": 640,
    "channels": 3
  },
  "num_persons_detected": 1,
  "persons": [
    {
      "person_id": 0,
      "keypoints": [
        {
          "name": "nose",
          "x": 319.7217102050781,
          "y": 58.786346435546875,
          "confidence": 0.9874289631843567,
          "visible": true
        },
        {
          "name": "left_eye",
          "x": 328.3977966308594,
          "y": 44.87530517578125,
          "confidence": 0.9927704930305481,
          "visible": true
        },
        {
          "name": "right_eye",
          "x": 318.3604431152344,
          "y": 46.350677490234375,
          "confidence": 0.46058353781700134,
          "visible": false
        },
        {
          "name": "left_ear",
          "x": 358.9886474609375,
          "y": 48.03279113769531,
          "confidence": 0.9835397005081177,
          "visible": true
        },
        {
          "name": "right_ear",
          "x": 336.1270446777344,
          "y": 49.37583923339844,
          "confidence": 0.015139179304242134,
          "visible": false
        },
        {
          "name": "left_shoulder",
          "x": 378.13092041015625,
          "y": 120.32901000976562,
          "confidence": 0.9983296990394592,
          "visible": true
        },
        {
          "name": "right_shoulder",
          "x": 369.4967041015625,
          "y": 108.49403381347656,
          "confidence": 0.9503564238548279,
          "visible": true
        },
        {
          "name": "left_elbow",
          "x": 359.9608154296875,
          "y": 225.33969116210938,
          "confidence": 0.9980927109718323,
          "visible": true
        },
        {
          "name": "right_elbow",
          "x": 341.4564208984375,
          "y": 203.37762451171875,
          "confidence": 0.7712838649749756,
          "visible": true
        },
        {
          "name": "left_wrist",
          "x": 276.84027099609375,
          "y": 205.4610595703125,
          "confidence": 0.998417854309082,
          "visible": true
        },
        {
          "name": "right_wrist",
          "x": 276.93316650390625,
          "y": 207.62042236328125,
          "confidence": 0.9149120450019836,
          "visible": true
        },
        {
          "name": "left_hip",
          "x": 340.05474853515625,
          "y": 275.0894470214844,
          "confidence": 0.9961786270141602,
          "visible": true
        },
        {
          "name": "right_hip",
          "x": 336.2500305175781,
          "y": 256.4143981933594,
          "confidence": 0.9792661070823669,
          "visible": true
        },
        {
          "name": "left_knee",
          "x": 201.37060546875,
          "y": 282.6412658691406,
          "confidence": 0.9975718855857849,
          "visible": true
        },
        {
          "name": "right_knee",
          "x": 215.4024658203125,
          "y": 261.14697265625,
          "confidence": 0.9837709665298462,
          "visible": true
        },
        {
          "name": "left_ankle",
          "x": 202.01351928710938,
          "y": 409.5880432128906,
          "confidence": 0.9734511375427246,
          "visible": true
        },
        {
          "name": "right_ankle",
          "x": 207.073974609375,
          "y": 393.3271484375,
          "confidence": 0.9214408993721008,
          "visible": true
        }
      ],
      "confidence_scores": [
        0.9874289631843567,
        0.9927704930305481,
        0.46058353781700134,
        0.9835397005081177,
        0.015139179304242134,
        0.9983296990394592,
        0.9503564238548279,
        0.9980927109718323,
        0.7712838649749756,
        0.998417854309082,
        0.9149120450019836,
        0.9961786270141602,
        0.9792661070823669,
        0.9975718855857849,
        0.9837709665298462,
        0.9734511375427246,
        0.9214408993721008
      ],
      "average_confidence": 0.8777961232425535
    }
  ]
}