{
  "timestamp": "2025-11-03T15:15:12.185884",
  "image_shape": {
    "height": 480,
    "width": 640,
    "channels": 3
  },
  "num_persons_detected": 1,
  "persons": [
    {
      "person_id": 0,
      "keypoints": [
        {
          "name": "nose",
          "x": 146.3323974609375,
          "y": 208.17227172851562,
          "confidence": 0.8976907134056091,
          "visible": true
        },
        {
          "name": "left_eye",
          "x": 146.8438720703125,
          "y": 198.25064086914062,
          "confidence": 0.9788879752159119,
          "visible": true
        },
        {
          "name": "right_eye",
          "x": 147.60372924804688,
          "y": 195.76539611816406,
          "confidence": 0.10859295725822449,
          "visible": false
        },
        {
          "name": "left_ear",
          "x": 170.34463500976562,
          "y": 184.60394287109375,
          "confidence": 0.9842460751533508,
          "visible": true
        },
        {
          "name": "right_ear",
          "x": 170.02099609375,
          "y": 177.8447265625,
          "confidence": 0.007303171791136265,
          "visible": false
        },
        {
          "name": "left_shoulder",
          "x": 213.9931182861328,
          "y": 209.97964477539062,
          "confidence": 0.9897096753120422,
          "visible": true
        },
        {
          "name": "right_shoulder",
          "x": 236.64508056640625,
          "y": 185.59140014648438,
          "confidence": 0.7832167148590088,
          "visible": true
        },
        {
          "name": "left_elbow",
          "x": 214.27256774902344,
          "y": 319.297607421875,
          "confidence": 0.9664976596832275,
          "visible": true
        },
        {
          "name": "right_elbow",
          "x": 227.9031219482422,
          "y": 264.0501708984375,
          "confidence": 0.26691654324531555,
          "visible": false
        },
        {
          "name": "left_wrist",
          "x": 218.6737518310547,
          "y": 415.7411193847656,
          "confidence": 0.8760380148887634,
          "visible": true
        },
        {
          "name": "right_wrist",
          "x": 209.8132781982422,
          "y": 352.3835144042969,
          "confidence": 0.2476571649312973,
          "visible": false
        },
        {
          "name": "left_hip",
          "x": 339.6227111816406,
          "y": 285.89898681640625,
          "confidence": 0.9685717225074768,
          "visible": true
        },
        {
          "name": "right_hip",
          "x": 356.1961975097656,
          "y": 271.48858642578125,
          "confidence": 0.89178866147995,
          "visible": true
        },
        {
          "name": "left_knee",
          "x": 186.66705322265625,
          "y": 294.95172119140625,
          "confidence": 0.9877580404281616,
          "visible": true
        },
        {
          "name": "right_knee",
          "x": 205.9894256591797,
          "y": 272.493896484375,
          "confidence": 0.9428113102912903,
          "visible": true
        },
        {
          "name": "left_ankle",
          "x": 239.40036010742188,
          "y": 416.89306640625,
          "confidence": 0.9706736207008362,
          "visible": true
        },
        {
          "name": "right_ankle",
          "x": 248.84754943847656,
          "y": 392.626708984375,
          "confidence": 0.934644341468811,
          "visible": true
        }
      ],
      "confidence_scores": [
        0.8976907134056091,
        0.9788879752159119,
        0.10859295725822449,
        0.9842460751533508,
        0.007303171791136265,
        0.9897096753120422,
        0.7832167148590088,
        0.9664976596832275,
        0.26691654324531555,
        0.8760380148887634,
        0.2476571649312973,
        0.9685717225074768,
        0.89178866147995,
        0.9877580404281616,
        0.9428113102912903,
        0.9706736207008362,
        0.934644341468811
      ],
      "average_confidence": 0.7531179036835537
    }
  ]
}