{
  "timestamp": "2025-11-03T15:13:40.553605",
  "image_shape": {
    "height": 480,
    "width": 640,
    "channels": 3
  },
  "num_persons_detected": 1,
  "persons": [
    {
      "person_id": 0,
      "keypoints": [
        {
          "name": "nose",
          "x": 358.2881164550781,
          "y": 64.76319885253906,
          "confidence": 0.9430601000785828,
          "visible": true
        },
        {
          "name": "left_eye",
          "x": 367.5467529296875,
          "y": 54.31202697753906,
          "confidence": 0.9675496220588684,
          "visible": true
        },
        {
          "name": "right_eye",
          "x": 359.8282470703125,
          "y": 55.367095947265625,
          "confidence": 0.21538735926151276,
          "visible": false
        },
        {
          "name": "left_ear",
          "x": 388.99591064453125,
          "y": 67.37225341796875,
          "confidence": 0.9678508043289185,
          "visible": true
        },
        {
          "name": "right_ear",
          "x": 376.09344482421875,
          "y": 68.16984558105469,
          "confidence": 0.036603763699531555,
          "visible": false
        },
        {
          "name": "left_shoulder",
          "x": 377.89593505859375,
          "y": 137.02638244628906,
          "confidence": 0.9982099533081055,
          "visible": true
        },
        {
          "name": "right_shoulder",
          "x": 391.75787353515625,
          "y": 134.4888458251953,
          "confidence": 0.9313008785247803,
          "visible": true
        },
        {
          "name": "left_elbow",
          "x": 297.1640625,
          "y": 209.00350952148438,
          "confidence": 0.9971056580543518,
          "visible": true
        },
        {
          "name": "right_elbow",
          "x": 322.05804443359375,
          "y": 211.52999877929688,
          "confidence": 0.566550076007843,
          "visible": true
        },
        {
          "name": "left_wrist",
          "x": 203.8677978515625,
          "y": 249.75582885742188,
          "confidence": 0.9933575987815857,
          "visible": true
        },
        {
          "name": "right_wrist",
          "x": 227.98497009277344,
          "y": 243.10025024414062,
          "confidence": 0.6972821354866028,
          "visible": true
        },
        {
          "name": "left_hip",
          "x": 302.6253356933594,
          "y": 281.2781982421875,
          "confidence": 0.997479259967804,
          "visible": true
        },
        {
          "name": "right_hip",
          "x": 310.3506164550781,
          "y": 265.77947998046875,
          "confidence": 0.9823428988456726,
          "visible": true
        },
        {
          "name": "left_knee",
          "x": 163.75355529785156,
          "y": 305.0567626953125,
          "confidence": 0.9970051646232605,
          "visible": true
        },
        {
          "name": "right_knee",
          "x": 180.45127868652344,
          "y": 296.0763244628906,
          "confidence": 0.9741554260253906,
          "visible": true
        },
        {
          "name": "left_ankle",
          "x": 105.48597717285156,
          "y": 399.80126953125,
          "confidence": 0.9729436039924622,
          "visible": true
        },
        {
          "name": "right_ankle",
          "x": 104.11581420898438,
          "y": 391.432861328125,
          "confidence": 0.8980178833007812,
          "visible": true
        }
      ],
      "confidence_scores": [
        0.9430601000785828,
        0.9675496220588684,
        0.21538735926151276,
        0.9678508043289185,
        0.036603763699531555,
        0.9982099533081055,
        0.9313008785247803,
        0.9971056580543518,
        0.566550076007843,
        0.9933575987815857,
        0.6972821354866028,
        0.997479259967804,
        0.9823428988456726,
        0.9970051646232605,
        0.9741554260253906,
        0.9729436039924622,
        0.8980178833007812
      ],
      "average_confidence": 0.8315413050791797
    }
  ]
}