{
  "timestamp": "2025-11-03T15:18:01.920043",
  "image_shape": {
    "height": 480,
    "width": 640,
    "channels": 3
  },
  "num_persons_detected": 1,
  "persons": [
    {
      "person_id": 0,
      "keypoints": [
        {
          "name": "nose",
          "x": 151.5868682861328,
          "y": 118.88577270507812,
          "confidence": 0.9789479374885559,
          "visible": true
        },
        {
          "name": "left_eye",
          "x": 159.14869689941406,
          "y": 106.78057861328125,
          "confidence": 0.9928582906723022,
          "visible": true
        },
        {
          "name": "right_eye",
          "x": 152.19264221191406,
          "y": 108.68301391601562,
          "confidence": 0.31655430793762207,
          "visible": false
        },
        {
          "name": "left_ear",
          "x": 193.60877990722656,
          "y": 109.11590576171875,
          "confidence": 0.9892709255218506,
          "visible": true
        },
        {
          "name": "right_ear",
          "x": 177.4831085205078,
          "y": 108.39959716796875,
          "confidence": 0.01167015265673399,
          "visible": false
        },
        {
          "name": "left_shoulder",
          "x": 235.96420288085938,
          "y": 161.93472290039062,
          "confidence": 0.9982001781463623,
          "visible": true
        },
        {
          "name": "right_shoulder",
          "x": 229.94839477539062,
          "y": 154.22915649414062,
          "confidence": 0.923470139503479,
          "visible": true
        },
        {
          "name": "left_elbow",
          "x": 207.02691650390625,
          "y": 248.5021209716797,
          "confidence": 0.9968166947364807,
          "visible": true
        },
        {
          "name": "right_elbow",
          "x": 201.31495666503906,
          "y": 229.6522674560547,
          "confidence": 0.610495924949646,
          "visible": true
        },
        {
          "name": "left_wrist",
          "x": 124.12614440917969,
          "y": 257.66412353515625,
          "confidence": 0.9963183403015137,
          "visible": true
        },
        {
          "name": "right_wrist",
          "x": 134.41940307617188,
          "y": 256.9002380371094,
          "confidence": 0.838051438331604,
          "visible": true
        },
        {
          "name": "left_hip",
          "x": 277.44659423828125,
          "y": 279.5401611328125,
          "confidence": 0.9963846206665039,
          "visible": true
        },
        {
          "name": "right_hip",
          "x": 275.23876953125,
          "y": 266.74041748046875,
          "confidence": 0.9788289070129395,
          "visible": true
        },
        {
          "name": "left_knee",
          "x": 155.13861083984375,
          "y": 294.4216613769531,
          "confidence": 0.9976477026939392,
          "visible": true
        },
        {
          "name": "right_knee",
          "x": 159.20541381835938,
          "y": 277.2997741699219,
          "confidence": 0.9844418168067932,
          "visible": true
        },
        {
          "name": "left_ankle",
          "x": 113.00009155273438,
          "y": 418.55133056640625,
          "confidence": 0.9804243445396423,
          "visible": true
        },
        {
          "name": "right_ankle",
          "x": 113.9041976928711,
          "y": 398.65081787109375,
          "confidence": 0.9460638165473938,
          "visible": true
        }
      ],
      "confidence_scores": [
        0.9789479374885559,
        0.9928582906723022,
        0.31655430793762207,
        0.9892709255218506,
        0.01167015265673399,
        0.9982001781463623,
        0.923470139503479,
        0.9968166947364807,
        0.610495924949646,
        0.9963183403015137,
        0.838051438331604,
        0.9963846206665039,
        0.9788289070129395,
        0.9976477026939392,
        0.9844418168067932,
        0.9804243445396423,
        0.9460638165473938
      ],
      "average_confidence": 0.8550850316772566
    }
  ]
}