{
  "timestamp": "2025-11-03T15:13:15.183776",
  "image_shape": {
    "height": 480,
    "width": 640,
    "channels": 3
  },
  "num_persons_detected": 1,
  "persons": [
    {
      "person_id": 0,
      "keypoints": [
        {
          "name": "nose",
          "x": 360.3551940917969,
          "y": 61.609832763671875,
          "confidence": 0.9815933108329773,
          "visible": true
        },
        {
          "name": "left_eye",
          "x": 375.8189697265625,
          "y": 49.70256042480469,
          "confidence": 0.980809211730957,
          "visible": true
        },
        {
          "name": "right_eye",
          "x": 359.57037353515625,
          "y": 50.41090393066406,
          "confidence": 0.7378432154655457,
          "visible": true
        },
        {
          "name": "left_ear",
          "x": 403.2566833496094,
          "y": 62.08880615234375,
          "confidence": 0.9108849167823792,
          "visible": true
        },
        {
          "name": "right_ear",
          "x": 365.2959899902344,
          "y": 60.51679992675781,
          "confidence": 0.09395668655633926,
          "visible": false
        },
        {
          "name": "left_shoulder",
          "x": 379.0857238769531,
          "y": 126.31979370117188,
          "confidence": 0.9833577275276184,
          "visible": true
        },
        {
          "name": "right_shoulder",
          "x": 367.5675048828125,
          "y": 118.69419860839844,
          "confidence": 0.9390241503715515,
          "visible": true
        },
        {
          "name": "left_elbow",
          "x": 313.51214599609375,
          "y": 195.65029907226562,
          "confidence": 0.9690129160881042,
          "visible": true
        },
        {
          "name": "right_elbow",
          "x": 313.8132019042969,
          "y": 191.2149658203125,
          "confidence": 0.7373523712158203,
          "visible": true
        },
        {
          "name": "left_wrist",
          "x": 292.294189453125,
          "y": 168.45571899414062,
          "confidence": 0.9770427942276001,
          "visible": true
        },
        {
          "name": "right_wrist",
          "x": 302.1221923828125,
          "y": 182.1710662841797,
          "confidence": 0.8276411294937134,
          "visible": true
        },
        {
          "name": "left_hip",
          "x": 314.3719787597656,
          "y": 266.98626708984375,
          "confidence": 0.9763739705085754,
          "visible": true
        },
        {
          "name": "right_hip",
          "x": 305.8880920410156,
          "y": 253.9539794921875,
          "confidence": 0.9473702311515808,
          "visible": true
        },
        {
          "name": "left_knee",
          "x": 171.24212646484375,
          "y": 275.8235778808594,
          "confidence": 0.9893710613250732,
          "visible": true
        },
        {
          "name": "right_knee",
          "x": 181.44161987304688,
          "y": 269.236083984375,
          "confidence": 0.9663181900978088,
          "visible": true
        },
        {
          "name": "left_ankle",
          "x": 189.32760620117188,
          "y": 399.128173828125,
          "confidence": 0.9484241008758545,
          "visible": true
        },
        {
          "name": "right_ankle",
          "x": 186.21926879882812,
          "y": 402.89788818359375,
          "confidence": 0.8942157030105591,
          "visible": true
        }
      ],
      "confidence_scores": [
        0.9815933108329773,
        0.980809211730957,
        0.7378432154655457,
        0.9108849167823792,
        0.09395668655633926,
        0.9833577275276184,
        0.9390241503715515,
        0.9690129160881042,
        0.7373523712158203,
        0.9770427942276001,
        0.8276411294937134,
        0.9763739705085754,
        0.9473702311515808,
        0.9893710613250732,
        0.9663181900978088,
        0.9484241008758545,
        0.8942157030105591
      ],
      "average_confidence": 0.8741524521918858
    }
  ]
}