{
  "timestamp": "2025-11-03T15:16:35.699079",
  "image_shape": {
    "height": 480,
    "width": 640,
    "channels": 3
  },
  "num_persons_detected": 1,
  "persons": [
    {
      "person_id": 0,
      "keypoints": [
        {
          "name": "nose",
          "x": 156.48220825195312,
          "y": 110.27023315429688,
          "confidence": 0.9698287844657898,
          "visible": true
        },
        {
          "name": "left_eye",
          "x": 160.43118286132812,
          "y": 99.48040771484375,
          "confidence": 0.9904982447624207,
          "visible": true
        },
        {
          "name": "right_eye",
          "x": 156.7949981689453,
          "y": 100.43511962890625,
          "confidence": 0.24372242391109467,
          "visible": false
        },
        {
          "name": "left_ear",
          "x": 185.99200439453125,
          "y": 101.14823913574219,
          "confidence": 0.9891839027404785,
          "visible": true
        },
        {
          "name": "right_ear",
          "x": 180.19944763183594,
          "y": 100.7523193359375,
          "confidence": 0.011526655405759811,
          "visible": false
        },
        {
          "name": "left_shoulder",
          "x": 229.64666748046875,
          "y": 151.7850799560547,
          "confidence": 0.9988325238227844,
          "visible": true
        },
        {
          "name": "right_shoulder",
          "x": 225.59890747070312,
          "y": 145.95376586914062,
          "confidence": 0.90146803855896,
          "visible": true
        },
        {
          "name": "left_elbow",
          "x": 209.77085876464844,
          "y": 239.4359130859375,
          "confidence": 0.9981628060340881,
          "visible": true
        },
        {
          "name": "right_elbow",
          "x": 198.72784423828125,
          "y": 227.12611389160156,
          "confidence": 0.5328036546707153,
          "visible": true
        },
        {
          "name": "left_wrist",
          "x": 124.03377532958984,
          "y": 251.45140075683594,
          "confidence": 0.9969899654388428,
          "visible": true
        },
        {
          "name": "right_wrist",
          "x": 129.4619903564453,
          "y": 251.746337890625,
          "confidence": 0.7832778096199036,
          "visible": true
        },
        {
          "name": "left_hip",
          "x": 262.843017578125,
          "y": 275.5561828613281,
          "confidence": 0.9972347617149353,
          "visible": true
        },
        {
          "name": "right_hip",
          "x": 262.507568359375,
          "y": 263.9347229003906,
          "confidence": 0.9766210913658142,
          "visible": true
        },
        {
          "name": "left_knee",
          "x": 156.4297637939453,
          "y": 289.62261962890625,
          "confidence": 0.9977982044219971,
          "visible": true
        },
        {
          "name": "right_knee",
          "x": 159.71510314941406,
          "y": 272.7504577636719,
          "confidence": 0.9803409576416016,
          "visible": true
        },
        {
          "name": "left_ankle",
          "x": 92.76534271240234,
          "y": 417.34210205078125,
          "confidence": 0.9805609583854675,
          "visible": true
        },
        {
          "name": "right_ankle",
          "x": 95.69286346435547,
          "y": 394.3511657714844,
          "confidence": 0.9342412352561951,
          "visible": true
        }
      ],
      "confidence_scores": [
        0.9698287844657898,
        0.9904982447624207,
        0.24372242391109467,
        0.9891839027404785,
        0.011526655405759811,
        0.9988325238227844,
        0.90146803855896,
        0.9981628060340881,
        0.5328036546707153,
        0.9969899654388428,
        0.7832778096199036,
        0.9972347617149353,
        0.9766210913658142,
        0.9977982044219971,
        0.9803409576416016,
        0.9805609583854675,
        0.9342412352561951
      ],
      "average_confidence": 0.8401818834245205
    }
  ]
}