{
  "timestamp": "2025-11-03T15:12:49.317071",
  "image_shape": {
    "height": 480,
    "width": 640,
    "channels": 3
  },
  "num_persons_detected": 1,
  "persons": [
    {
      "person_id": 0,
      "keypoints": [
        {
          "name": "nose",
          "x": 123.9201431274414,
          "y": 181.6349334716797,
          "confidence": 0.886560320854187,
          "visible": true
        },
        {
          "name": "left_eye",
          "x": 126.21678161621094,
          "y": 170.46287536621094,
          "confidence": 0.9720121622085571,
          "visible": true
        },
        {
          "name": "right_eye",
          "x": 125.11522674560547,
          "y": 174.68997192382812,
          "confidence": 0.12920475006103516,
          "visible": false
        },
        {
          "name": "left_ear",
          "x": 154.3203887939453,
          "y": 167.71475219726562,
          "confidence": 0.9847247004508972,
          "visible": true
        },
        {
          "name": "right_ear",
          "x": 151.33889770507812,
          "y": 173.6422576904297,
          "confidence": 0.006489932537078857,
          "visible": false
        },
        {
          "name": "left_shoulder",
          "x": 232.26376342773438,
          "y": 191.48037719726562,
          "confidence": 0.9889028668403625,
          "visible": true
        },
        {
          "name": "right_shoulder",
          "x": 213.53773498535156,
          "y": 201.88510131835938,
          "confidence": 0.6715230345726013,
          "visible": true
        },
        {
          "name": "left_elbow",
          "x": 298.4994201660156,
          "y": 240.58070373535156,
          "confidence": 0.9732236862182617,
          "visible": true
        },
        {
          "name": "right_elbow",
          "x": 233.7495574951172,
          "y": 254.00701904296875,
          "confidence": 0.22606167197227478,
          "visible": false
        },
        {
          "name": "left_wrist",
          "x": 234.58013916015625,
          "y": 253.418701171875,
          "confidence": 0.9697787165641785,
          "visible": true
        },
        {
          "name": "right_wrist",
          "x": 211.11927795410156,
          "y": 265.71148681640625,
          "confidence": 0.44319096207618713,
          "visible": false
        },
        {
          "name": "left_hip",
          "x": 312.56756591796875,
          "y": 278.69488525390625,
          "confidence": 0.9606236815452576,
          "visible": true
        },
        {
          "name": "right_hip",
          "x": 304.1257629394531,
          "y": 273.0107727050781,
          "confidence": 0.8351159691810608,
          "visible": true
        },
        {
          "name": "left_knee",
          "x": 192.81764221191406,
          "y": 285.0713806152344,
          "confidence": 0.9858251214027405,
          "visible": true
        },
        {
          "name": "right_knee",
          "x": 192.57318115234375,
          "y": 270.4819641113281,
          "confidence": 0.9333107471466064,
          "visible": true
        },
        {
          "name": "left_ankle",
          "x": 176.17086791992188,
          "y": 430.0613708496094,
          "confidence": 0.9508650898933411,
          "visible": true
        },
        {
          "name": "right_ankle",
          "x": 185.87843322753906,
          "y": 400.4765319824219,
          "confidence": 0.8926578164100647,
          "visible": true
        }
      ],
      "confidence_scores": [
        0.886560320854187,
        0.9720121622085571,
        0.12920475006103516,
        0.9847247004508972,
        0.006489932537078857,
        0.9889028668403625,
        0.6715230345726013,
        0.9732236862182617,
        0.22606167197227478,
        0.9697787165641785,
        0.44319096207618713,
        0.9606236815452576,
        0.8351159691810608,
        0.9858251214027405,
        0.9333107471466064,
        0.9508650898933411,
        0.8926578164100647
      ],
      "average_confidence": 0.7535336017608643
    }
  ]
}