{
  "timestamp": "2025-11-03T15:15:57.061202",
  "image_shape": {
    "height": 480,
    "width": 640,
    "channels": 3
  },
  "num_persons_detected": 1,
  "persons": [
    {
      "person_id": 0,
      "keypoints": [
        {
          "name": "nose",
          "x": 186.03343200683594,
          "y": 165.01361083984375,
          "confidence": 0.5031358599662781,
          "visible": true
        },
        {
          "name": "left_eye",
          "x": 184.0152130126953,
          "y": 156.1031036376953,
          "confidence": 0.624545693397522,
          "visible": true
        },
        {
          "name": "right_eye",
          "x": 189.85787963867188,
          "y": 157.5070037841797,
          "confidence": 0.017704203724861145,
          "visible": false
        },
        {
          "name": "left_ear",
          "x": 201.4603271484375,
          "y": 146.95233154296875,
          "confidence": 0.8503257632255554,
          "visible": true
        },
        {
          "name": "right_ear",
          "x": 218.14132690429688,
          "y": 148.63919067382812,
          "confidence": 0.011142006143927574,
          "visible": false
        },
        {
          "name": "left_shoulder",
          "x": 232.40248107910156,
          "y": 158.41827392578125,
          "confidence": 0.9824998378753662,
          "visible": true
        },
        {
          "name": "right_shoulder",
          "x": 263.75604248046875,
          "y": 171.24920654296875,
          "confidence": 0.9069893956184387,
          "visible": true
        },
        {
          "name": "left_elbow",
          "x": 163.15780639648438,
          "y": 185.9600372314453,
          "confidence": 0.9918591380119324,
          "visible": true
        },
        {
          "name": "right_elbow",
          "x": 243.39707946777344,
          "y": 242.56582641601562,
          "confidence": 0.8409832715988159,
          "visible": true
        },
        {
          "name": "left_wrist",
          "x": 155.20941162109375,
          "y": 155.51577758789062,
          "confidence": 0.9874947667121887,
          "visible": true
        },
        {
          "name": "right_wrist",
          "x": 205.66529846191406,
          "y": 249.77076721191406,
          "confidence": 0.89756178855896,
          "visible": true
        },
        {
          "name": "left_hip",
          "x": 334.6571044921875,
          "y": 256.5595397949219,
          "confidence": 0.9950828552246094,
          "visible": true
        },
        {
          "name": "right_hip",
          "x": 352.546630859375,
          "y": 258.43145751953125,
          "confidence": 0.9890890717506409,
          "visible": true
        },
        {
          "name": "left_knee",
          "x": 204.27322387695312,
          "y": 266.76806640625,
          "confidence": 0.9970964193344116,
          "visible": true
        },
        {
          "name": "right_knee",
          "x": 214.08985900878906,
          "y": 270.68487548828125,
          "confidence": 0.9913631677627563,
          "visible": true
        },
        {
          "name": "left_ankle",
          "x": 221.31800842285156,
          "y": 404.8333740234375,
          "confidence": 0.9776684045791626,
          "visible": true
        },
        {
          "name": "right_ankle",
          "x": 230.4829864501953,
          "y": 409.19915771484375,
          "confidence": 0.962159276008606,
          "visible": true
        }
      ],
      "confidence_scores": [
        0.5031358599662781,
        0.624545693397522,
        0.017704203724861145,
        0.8503257632255554,
        0.011142006143927574,
        0.9824998378753662,
        0.9069893956184387,
        0.9918591380119324,
        0.8409832715988159,
        0.9874947667121887,
        0.89756178855896,
        0.9950828552246094,
        0.9890890717506409,
        0.9970964193344116,
        0.9913631677627563,
        0.9776684045791626,
        0.962159276008606
      ],
      "average_confidence": 0.795688289382002
    }
  ]
}