{
  "timestamp": "2025-11-03T15:18:00.794294",
  "image_shape": {
    "height": 480,
    "width": 640,
    "channels": 3
  },
  "num_persons_detected": 1,
  "persons": [
    {
      "person_id": 0,
      "keypoints": [
        {
          "name": "nose",
          "x": 157.6706085205078,
          "y": 119.51948547363281,
          "confidence": 0.9758192896842957,
          "visible": true
        },
        {
          "name": "left_eye",
          "x": 164.28897094726562,
          "y": 107.68756103515625,
          "confidence": 0.9924355149269104,
          "visible": true
        },
        {
          "name": "right_eye",
          "x": 158.33192443847656,
          "y": 109.93017578125,
          "confidence": 0.2722676694393158,
          "visible": false
        },
        {
          "name": "left_ear",
          "x": 197.42311096191406,
          "y": 108.84225463867188,
          "confidence": 0.9887567162513733,
          "visible": true
        },
        {
          "name": "right_ear",
          "x": 185.22677612304688,
          "y": 109.17413330078125,
          "confidence": 0.010165026411414146,
          "visible": false
        },
        {
          "name": "left_shoulder",
          "x": 234.83920288085938,
          "y": 157.44161987304688,
          "confidence": 0.9980974793434143,
          "visible": true
        },
        {
          "name": "right_shoulder",
          "x": 241.85838317871094,
          "y": 152.20944213867188,
          "confidence": 0.8969801664352417,
          "visible": true
        },
        {
          "name": "left_elbow",
          "x": 207.29299926757812,
          "y": 242.38641357421875,
          "confidence": 0.9972091317176819,
          "visible": true
        },
        {
          "name": "right_elbow",
          "x": 210.79476928710938,
          "y": 229.76934814453125,
          "confidence": 0.5360252261161804,
          "visible": true
        },
        {
          "name": "left_wrist",
          "x": 121.17261505126953,
          "y": 257.2941589355469,
          "confidence": 0.9965425133705139,
          "visible": true
        },
        {
          "name": "right_wrist",
          "x": 134.05918884277344,
          "y": 255.30238342285156,
          "confidence": 0.8053723573684692,
          "visible": true
        },
        {
          "name": "left_hip",
          "x": 272.9815368652344,
          "y": 280.3276672363281,
          "confidence": 0.996168315410614,
          "visible": true
        },
        {
          "name": "right_hip",
          "x": 279.57904052734375,
          "y": 268.2786865234375,
          "confidence": 0.9736346006393433,
          "visible": true
        },
        {
          "name": "left_knee",
          "x": 154.3818359375,
          "y": 294.5823974609375,
          "confidence": 0.9976049661636353,
          "visible": true
        },
        {
          "name": "right_knee",
          "x": 167.655517578125,
          "y": 278.40631103515625,
          "confidence": 0.9816049933433533,
          "visible": true
        },
        {
          "name": "left_ankle",
          "x": 111.96035766601562,
          "y": 420.765869140625,
          "confidence": 0.9806617498397827,
          "visible": true
        },
        {
          "name": "right_ankle",
          "x": 112.89421081542969,
          "y": 399.8860778808594,
          "confidence": 0.9410828948020935,
          "visible": true
        }
      ],
      "confidence_scores": [
        0.9758192896842957,
        0.9924355149269104,
        0.2722676694393158,
        0.9887567162513733,
        0.010165026411414146,
        0.9980974793434143,
        0.8969801664352417,
        0.9972091317176819,
        0.5360252261161804,
        0.9965425133705139,
        0.8053723573684692,
        0.996168315410614,
        0.9736346006393433,
        0.9976049661636353,
        0.9816049933433533,
        0.9806617498397827,
        0.9410828948020935
      ],
      "average_confidence": 0.8435546241919784
    }
  ]
}