{
  "timestamp": "2025-11-03T15:14:46.678893",
  "image_shape": {
    "height": 480,
    "width": 640,
    "channels": 3
  },
  "num_persons_detected": 1,
  "persons": [
    {
      "person_id": 0,
      "keypoints": [
        {
          "name": "nose",
          "x": 218.33731079101562,
          "y": 131.869384765625,
          "confidence": 0.9772453904151917,
          "visible": true
        },
        {
          "name": "left_eye",
          "x": 219.82008361816406,
          "y": 120.60066223144531,
          "confidence": 0.9893804788589478,
          "visible": true
        },
        {
          "name": "right_eye",
          "x": 220.1748504638672,
          "y": 121.41252136230469,
          "confidence": 0.3044123947620392,
          "visible": false
        },
        {
          "name": "left_ear",
          "x": 248.47872924804688,
          "y": 111.84872436523438,
          "confidence": 0.9846634864807129,
          "visible": true
        },
        {
          "name": "right_ear",
          "x": 250.36904907226562,
          "y": 111.53111267089844,
          "confidence": 0.014140310697257519,
          "visible": false
        },
        {
          "name": "left_shoulder",
          "x": 288.6749267578125,
          "y": 155.090576171875,
          "confidence": 0.9972041845321655,
          "visible": true
        },
        {
          "name": "right_shoulder",
          "x": 300.094970703125,
          "y": 141.80862426757812,
          "confidence": 0.9586072564125061,
          "visible": true
        },
        {
          "name": "left_elbow",
          "x": 267.9407958984375,
          "y": 249.3286590576172,
          "confidence": 0.9965184926986694,
          "visible": true
        },
        {
          "name": "right_elbow",
          "x": 278.9283447265625,
          "y": 207.3383331298828,
          "confidence": 0.8337568640708923,
          "visible": true
        },
        {
          "name": "left_wrist",
          "x": 195.42990112304688,
          "y": 235.73936462402344,
          "confidence": 0.997037410736084,
          "visible": true
        },
        {
          "name": "right_wrist",
          "x": 217.83642578125,
          "y": 190.21786499023438,
          "confidence": 0.9320699572563171,
          "visible": true
        },
        {
          "name": "left_hip",
          "x": 320.1793212890625,
          "y": 287.0724182128906,
          "confidence": 0.9955757856369019,
          "visible": true
        },
        {
          "name": "right_hip",
          "x": 328.41815185546875,
          "y": 272.8626403808594,
          "confidence": 0.9841716885566711,
          "visible": true
        },
        {
          "name": "left_knee",
          "x": 203.5852813720703,
          "y": 279.7562561035156,
          "confidence": 0.9977903366088867,
          "visible": true
        },
        {
          "name": "right_knee",
          "x": 210.00650024414062,
          "y": 262.0648498535156,
          "confidence": 0.9907683730125427,
          "visible": true
        },
        {
          "name": "left_ankle",
          "x": 191.9067840576172,
          "y": 418.1285400390625,
          "confidence": 0.9826769232749939,
          "visible": true
        },
        {
          "name": "right_ankle",
          "x": 188.08828735351562,
          "y": 398.42205810546875,
          "confidence": 0.9648675918579102,
          "visible": true
        }
      ],
      "confidence_scores": [
        0.9772453904151917,
        0.9893804788589478,
        0.3044123947620392,
        0.9846634864807129,
        0.014140310697257519,
        0.9972041845321655,
        0.9586072564125061,
        0.9965184926986694,
        0.8337568640708923,
        0.997037410736084,
        0.9320699572563171,
        0.9955757856369019,
        0.9841716885566711,
        0.9977903366088867,
        0.9907683730125427,
        0.9826769232749939,
        0.9648675918579102
      ],
      "average_confidence": 0.876522760345217
    }
  ]
}