{
  "timestamp": "2025-11-03T15:13:11.328866",
  "image_shape": {
    "height": 480,
    "width": 640,
    "channels": 3
  },
  "num_persons_detected": 1,
  "persons": [
    {
      "person_id": 0,
      "keypoints": [
        {
          "name": "nose",
          "x": 335.5704650878906,
          "y": 59.68949890136719,
          "confidence": 0.9812437891960144,
          "visible": true
        },
        {
          "name": "left_eye",
          "x": 347.934814453125,
          "y": 47.64385986328125,
          "confidence": 0.9882029891014099,
          "visible": true
        },
        {
          "name": "right_eye",
          "x": 336.5282897949219,
          "y": 50.39013671875,
          "confidence": 0.4909036159515381,
          "visible": false
        },
        {
          "name": "left_ear",
          "x": 378.9336853027344,
          "y": 57.15504455566406,
          "confidence": 0.9648129940032959,
          "visible": true
        },
        {
          "name": "right_ear",
          "x": 354.8638000488281,
          "y": 58.90248107910156,
          "confidence": 0.030379939824342728,
          "visible": false
        },
        {
          "name": "left_shoulder",
          "x": 369.498291015625,
          "y": 121.72172546386719,
          "confidence": 0.9952424764633179,
          "visible": true
        },
        {
          "name": "right_shoulder",
          "x": 377.3503112792969,
          "y": 113.97715759277344,
          "confidence": 0.9276105165481567,
          "visible": true
        },
        {
          "name": "left_elbow",
          "x": 302.5786437988281,
          "y": 183.89297485351562,
          "confidence": 0.9958230257034302,
          "visible": true
        },
        {
          "name": "right_elbow",
          "x": 317.3266906738281,
          "y": 171.82322692871094,
          "confidence": 0.6863179802894592,
          "visible": true
        },
        {
          "name": "left_wrist",
          "x": 210.9347381591797,
          "y": 182.41607666015625,
          "confidence": 0.9962620139122009,
          "visible": true
        },
        {
          "name": "right_wrist",
          "x": 227.10855102539062,
          "y": 183.79177856445312,
          "confidence": 0.8669021129608154,
          "visible": true
        },
        {
          "name": "left_hip",
          "x": 312.8050842285156,
          "y": 275.42138671875,
          "confidence": 0.9936351776123047,
          "visible": true
        },
        {
          "name": "right_hip",
          "x": 317.4220886230469,
          "y": 259.16949462890625,
          "confidence": 0.9700434803962708,
          "visible": true
        },
        {
          "name": "left_knee",
          "x": 181.54086303710938,
          "y": 278.5577697753906,
          "confidence": 0.9964888095855713,
          "visible": true
        },
        {
          "name": "right_knee",
          "x": 200.38394165039062,
          "y": 265.0280456542969,
          "confidence": 0.9780835509300232,
          "visible": true
        },
        {
          "name": "left_ankle",
          "x": 190.2645263671875,
          "y": 402.123779296875,
          "confidence": 0.9731540083885193,
          "visible": true
        },
        {
          "name": "right_ankle",
          "x": 189.0675506591797,
          "y": 395.36907958984375,
          "confidence": 0.9201915860176086,
          "visible": true
        }
      ],
      "confidence_scores": [
        0.9812437891960144,
        0.9882029891014099,
        0.4909036159515381,
        0.9648129940032959,
        0.030379939824342728,
        0.9952424764633179,
        0.9276105165481567,
        0.9958230257034302,
        0.6863179802894592,
        0.9962620139122009,
        0.8669021129608154,
        0.9936351776123047,
        0.9700434803962708,
        0.9964888095855713,
        0.9780835509300232,
        0.9731540083885193,
        0.9201915860176086
      ],
      "average_confidence": 0.8679587098167223
    }
  ]
}