{
  "timestamp": "2025-11-03T15:17:26.365991",
  "image_shape": {
    "height": 480,
    "width": 640,
    "channels": 3
  },
  "num_persons_detected": 1,
  "persons": [
    {
      "person_id": 0,
      "keypoints": [
        {
          "name": "nose",
          "x": 300.6467590332031,
          "y": 49.39289855957031,
          "confidence": 0.9792242646217346,
          "visible": true
        },
        {
          "name": "left_eye",
          "x": 307.8066711425781,
          "y": 35.93119812011719,
          "confidence": 0.9911148548126221,
          "visible": true
        },
        {
          "name": "right_eye",
          "x": 299.66864013671875,
          "y": 37.38932800292969,
          "confidence": 0.3963095545768738,
          "visible": false
        },
        {
          "name": "left_ear",
          "x": 334.9273986816406,
          "y": 40.03135681152344,
          "confidence": 0.9826483130455017,
          "visible": true
        },
        {
          "name": "right_ear",
          "x": 317.19720458984375,
          "y": 41.53373718261719,
          "confidence": 0.016570573672652245,
          "visible": false
        },
        {
          "name": "left_shoulder",
          "x": 355.2540283203125,
          "y": 112.71278381347656,
          "confidence": 0.9969984292984009,
          "visible": true
        },
        {
          "name": "right_shoulder",
          "x": 344.9970397949219,
          "y": 104.76203918457031,
          "confidence": 0.8709613680839539,
          "visible": true
        },
        {
          "name": "left_elbow",
          "x": 330.9754333496094,
          "y": 226.62686157226562,
          "confidence": 0.9954357743263245,
          "visible": true
        },
        {
          "name": "right_elbow",
          "x": 320.7968444824219,
          "y": 209.4232177734375,
          "confidence": 0.4316393733024597,
          "visible": false
        },
        {
          "name": "left_wrist",
          "x": 243.1959228515625,
          "y": 242.6459197998047,
          "confidence": 0.994127631187439,
          "visible": true
        },
        {
          "name": "right_wrist",
          "x": 258.61279296875,
          "y": 235.20916748046875,
          "confidence": 0.6845903992652893,
          "visible": true
        },
        {
          "name": "left_hip",
          "x": 329.3271789550781,
          "y": 273.5579528808594,
          "confidence": 0.9878537654876709,
          "visible": true
        },
        {
          "name": "right_hip",
          "x": 323.9482421875,
          "y": 258.36322021484375,
          "confidence": 0.9222834706306458,
          "visible": true
        },
        {
          "name": "left_knee",
          "x": 204.6083984375,
          "y": 275.8143310546875,
          "confidence": 0.9931378960609436,
          "visible": true
        },
        {
          "name": "right_knee",
          "x": 212.4377899169922,
          "y": 258.5941162109375,
          "confidence": 0.9469220042228699,
          "visible": true
        },
        {
          "name": "left_ankle",
          "x": 206.54763793945312,
          "y": 413.33721923828125,
          "confidence": 0.951198160648346,
          "visible": true
        },
        {
          "name": "right_ankle",
          "x": 210.2052459716797,
          "y": 396.83514404296875,
          "confidence": 0.8450186252593994,
          "visible": true
        }
      ],
      "confidence_scores": [
        0.9792242646217346,
        0.9911148548126221,
        0.3963095545768738,
        0.9826483130455017,
        0.016570573672652245,
        0.9969984292984009,
        0.8709613680839539,
        0.9954357743263245,
        0.4316393733024597,
        0.994127631187439,
        0.6845903992652893,
        0.9878537654876709,
        0.9222834706306458,
        0.9931378960609436,
        0.9469220042228699,
        0.951198160648346,
        0.8450186252593994
      ],
      "average_confidence": 0.8227079093237134
    }
  ]
}