{
  "timestamp": "2025-11-03T15:13:53.471583",
  "image_shape": {
    "height": 480,
    "width": 640,
    "channels": 3
  },
  "num_persons_detected": 1,
  "persons": [
    {
      "person_id": 0,
      "keypoints": [
        {
          "name": "nose",
          "x": 306.81353759765625,
          "y": 47.80006408691406,
          "confidence": 0.9673778414726257,
          "visible": true
        },
        {
          "name": "left_eye",
          "x": 312.6465759277344,
          "y": 36.00218200683594,
          "confidence": 0.9825100302696228,
          "visible": true
        },
        {
          "name": "right_eye",
          "x": 308.07684326171875,
          "y": 37.41131591796875,
          "confidence": 0.2645197808742523,
          "visible": false
        },
        {
          "name": "left_ear",
          "x": 336.3168029785156,
          "y": 42.69480895996094,
          "confidence": 0.985137939453125,
          "visible": true
        },
        {
          "name": "right_ear",
          "x": 328.5138854980469,
          "y": 44.07484436035156,
          "confidence": 0.018989617004990578,
          "visible": false
        },
        {
          "name": "left_shoulder",
          "x": 357.7955322265625,
          "y": 114.42207336425781,
          "confidence": 0.9986478686332703,
          "visible": true
        },
        {
          "name": "right_shoulder",
          "x": 352.8547058105469,
          "y": 103.31938171386719,
          "confidence": 0.9539954662322998,
          "visible": true
        },
        {
          "name": "left_elbow",
          "x": 344.0518493652344,
          "y": 216.11288452148438,
          "confidence": 0.9983797073364258,
          "visible": true
        },
        {
          "name": "right_elbow",
          "x": 327.3598937988281,
          "y": 192.44003295898438,
          "confidence": 0.7381623387336731,
          "visible": true
        },
        {
          "name": "left_wrist",
          "x": 261.9834899902344,
          "y": 192.46043395996094,
          "confidence": 0.9980170726776123,
          "visible": true
        },
        {
          "name": "right_wrist",
          "x": 255.19100952148438,
          "y": 192.56283569335938,
          "confidence": 0.8725972175598145,
          "visible": true
        },
        {
          "name": "left_hip",
          "x": 336.37322998046875,
          "y": 270.1664123535156,
          "confidence": 0.9975622892379761,
          "visible": true
        },
        {
          "name": "right_hip",
          "x": 334.9630432128906,
          "y": 253.22740173339844,
          "confidence": 0.9852918386459351,
          "visible": true
        },
        {
          "name": "left_knee",
          "x": 204.8519287109375,
          "y": 284.9207763671875,
          "confidence": 0.9983043670654297,
          "visible": true
        },
        {
          "name": "right_knee",
          "x": 213.70196533203125,
          "y": 263.3838195800781,
          "confidence": 0.9870823621749878,
          "visible": true
        },
        {
          "name": "left_ankle",
          "x": 229.77789306640625,
          "y": 416.9640197753906,
          "confidence": 0.9795998334884644,
          "visible": true
        },
        {
          "name": "right_ankle",
          "x": 233.18362426757812,
          "y": 397.3526611328125,
          "confidence": 0.933961033821106,
          "visible": true
        }
      ],
      "confidence_scores": [
        0.9673778414726257,
        0.9825100302696228,
        0.2645197808742523,
        0.985137939453125,
        0.018989617004990578,
        0.9986478686332703,
        0.9539954662322998,
        0.9983797073364258,
        0.7381623387336731,
        0.9980170726776123,
        0.8725972175598145,
        0.9975622892379761,
        0.9852918386459351,
        0.9983043670654297,
        0.9870823621749878,
        0.9795998334884644,
        0.933961033821106
      ],
      "average_confidence": 0.8623609767459771
    }
  ]
}