{
  "timestamp": "2025-11-03T15:13:38.334404",
  "image_shape": {
    "height": 480,
    "width": 640,
    "channels": 3
  },
  "num_persons_detected": 1,
  "persons": [
    {
      "person_id": 0,
      "keypoints": [
        {
          "name": "nose",
          "x": 374.3548583984375,
          "y": 77.37625122070312,
          "confidence": 0.9770767092704773,
          "visible": true
        },
        {
          "name": "left_eye",
          "x": 385.56182861328125,
          "y": 66.04791259765625,
          "confidence": 0.9827736616134644,
          "visible": true
        },
        {
          "name": "right_eye",
          "x": 369.89862060546875,
          "y": 66.53158569335938,
          "confidence": 0.5308875441551208,
          "visible": true
        },
        {
          "name": "left_ear",
          "x": 402.5835266113281,
          "y": 75.88716125488281,
          "confidence": 0.9385196566581726,
          "visible": true
        },
        {
          "name": "right_ear",
          "x": 369.5177001953125,
          "y": 77.03509521484375,
          "confidence": 0.05760232359170914,
          "visible": false
        },
        {
          "name": "left_shoulder",
          "x": 382.9586486816406,
          "y": 138.9432373046875,
          "confidence": 0.9973461627960205,
          "visible": true
        },
        {
          "name": "right_shoulder",
          "x": 384.830322265625,
          "y": 136.97735595703125,
          "confidence": 0.9319193959236145,
          "visible": true
        },
        {
          "name": "left_elbow",
          "x": 300.88153076171875,
          "y": 205.01234436035156,
          "confidence": 0.9958985447883606,
          "visible": true
        },
        {
          "name": "right_elbow",
          "x": 315.9259338378906,
          "y": 206.02232360839844,
          "confidence": 0.6216356754302979,
          "visible": true
        },
        {
          "name": "left_wrist",
          "x": 207.02996826171875,
          "y": 250.135986328125,
          "confidence": 0.9922375082969666,
          "visible": true
        },
        {
          "name": "right_wrist",
          "x": 231.10189819335938,
          "y": 234.41683959960938,
          "confidence": 0.7578852772712708,
          "visible": true
        },
        {
          "name": "left_hip",
          "x": 302.450439453125,
          "y": 283.2693786621094,
          "confidence": 0.9974583983421326,
          "visible": true
        },
        {
          "name": "right_hip",
          "x": 301.5466613769531,
          "y": 269.1384582519531,
          "confidence": 0.9849342107772827,
          "visible": true
        },
        {
          "name": "left_knee",
          "x": 168.46556091308594,
          "y": 301.86724853515625,
          "confidence": 0.997298538684845,
          "visible": true
        },
        {
          "name": "right_knee",
          "x": 180.87109375,
          "y": 294.9734191894531,
          "confidence": 0.9799522757530212,
          "visible": true
        },
        {
          "name": "left_ankle",
          "x": 106.92756652832031,
          "y": 398.1829528808594,
          "confidence": 0.9799841046333313,
          "visible": true
        },
        {
          "name": "right_ankle",
          "x": 99.09547424316406,
          "y": 394.25933837890625,
          "confidence": 0.9283816814422607,
          "visible": true
        }
      ],
      "confidence_scores": [
        0.9770767092704773,
        0.9827736616134644,
        0.5308875441551208,
        0.9385196566581726,
        0.05760232359170914,
        0.9973461627960205,
        0.9319193959236145,
        0.9958985447883606,
        0.6216356754302979,
        0.9922375082969666,
        0.7578852772712708,
        0.9974583983421326,
        0.9849342107772827,
        0.997298538684845,
        0.9799522757530212,
        0.9799841046333313,
        0.9283816814422607
      ],
      "average_confidence": 0.8618700982016676
    }
  ]
}