{
  "timestamp": "2025-11-03T15:18:10.408312",
  "image_shape": {
    "height": 480,
    "width": 640,
    "channels": 3
  },
  "num_persons_detected": 2,
  "persons": [
    {
      "person_id": 0,
      "keypoints": [
        {
          "name": "nose",
          "x": 268.612548828125,
          "y": 99.21878051757812,
          "confidence": 0.8914721608161926,
          "visible": true
        },
        {
          "name": "left_eye",
          "x": 267.5975341796875,
          "y": 83.70985412597656,
          "confidence": 0.9349541664123535,
          "visible": true
        },
        {
          "name": "right_eye",
          "x": 265.63983154296875,
          "y": 88.73460388183594,
          "confidence": 0.13747252523899078,
          "visible": false
        },
        {
          "name": "left_ear",
          "x": 287.70733642578125,
          "y": 68.31845092773438,
          "confidence": 0.961258053779602,
          "visible": true
        },
        {
          "name": "right_ear",
          "x": 286.12017822265625,
          "y": 79.26203918457031,
          "confidence": 0.022532030940055847,
          "visible": false
        },
        {
          "name": "left_shoulder",
          "x": 330.6042175292969,
          "y": 121.6065673828125,
          "confidence": 0.9915466904640198,
          "visible": true
        },
        {
          "name": "right_shoulder",
          "x": 334.7777099609375,
          "y": 116.68367004394531,
          "confidence": 0.9230079054832458,
          "visible": true
        },
        {
          "name": "left_elbow",
          "x": 342.1854248046875,
          "y": 227.63217163085938,
          "confidence": 0.9901366233825684,
          "visible": true
        },
        {
          "name": "right_elbow",
          "x": 342.2896728515625,
          "y": 196.1990509033203,
          "confidence": 0.6975352168083191,
          "visible": true
        },
        {
          "name": "left_wrist",
          "x": 261.75457763671875,
          "y": 242.2383575439453,
          "confidence": 0.9925478100776672,
          "visible": true
        },
        {
          "name": "right_wrist",
          "x": 277.15679931640625,
          "y": 212.10650634765625,
          "confidence": 0.84381103515625,
          "visible": true
        },
        {
          "name": "left_hip",
          "x": 335.205810546875,
          "y": 278.28485107421875,
          "confidence": 0.9839558005332947,
          "visible": true
        },
        {
          "name": "right_hip",
          "x": 340.10174560546875,
          "y": 264.9246520996094,
          "confidence": 0.949949324131012,
          "visible": true
        },
        {
          "name": "left_knee",
          "x": 201.83279418945312,
          "y": 289.2198181152344,
          "confidence": 0.9894290566444397,
          "visible": true
        },
        {
          "name": "right_knee",
          "x": 209.0535888671875,
          "y": 274.5916442871094,
          "confidence": 0.9569826126098633,
          "visible": true
        },
        {
          "name": "left_ankle",
          "x": 218.9162139892578,
          "y": 417.6978454589844,
          "confidence": 0.9144691228866577,
          "visible": true
        },
        {
          "name": "right_ankle",
          "x": 222.91998291015625,
          "y": 409.94427490234375,
          "confidence": 0.8271641731262207,
          "visible": true
        }
      ],
      "confidence_scores": [
        0.8914721608161926,
        0.9349541664123535,
        0.13747252523899078,
        0.961258053779602,
        0.022532030940055847,
        0.9915466904640198,
        0.9230079054832458,
        0.9901366233825684,
        0.6975352168083191,
        0.9925478100776672,
        0.84381103515625,
        0.9839558005332947,
        0.949949324131012,
        0.9894290566444397,
        0.9569826126098633,
        0.9144691228866577,
        0.8271641731262207
      ],
      "average_confidence": 0.8240131946171031
    },
    {
      "person_id": 1,
      "keypoints": [
        {
          "name": "nose",
          "x": 11.170938491821289,
          "y": 83.27155303955078,
          "confidence": 0.05965087562799454,
          "visible": false
        },
        {
          "name": "left_eye",
          "x": 9.28310489654541,
          "y": 72.98336029052734,
          "confidence": 0.03027062490582466,
          "visible": false
        },
        {
          "name": "right_eye",
          "x": 10.339375495910645,
          "y": 73.85279846191406,
          "confidence": 0.03622842952609062,
          "visible": false
        },
        {
          "name": "left_ear",
          "x": 6.399730682373047,
          "y": 76.49988555908203,
          "confidence": 0.0546632818877697,
          "visible": false
        },
        {
          "name": "right_ear",
          "x": 14.902885437011719,
          "y": 78.53389739990234,
          "confidence": 0.08063675463199615,
          "visible": false
        },
        {
          "name": "left_shoulder",
          "x": 13.35560131072998,
          "y": 134.10008239746094,
          "confidence": 0.09381736069917679,
          "visible": false
        },
        {
          "name": "right_shoulder",
          "x": 15.448121070861816,
          "y": 134.1488037109375,
          "confidence": 0.141629159450531,
          "visible": false
        },
        {
          "name": "left_elbow",
          "x": 16.346044540405273,
          "y": 142.1217041015625,
          "confidence": 0.0652945265173912,
          "visible": false
        },
        {
          "name": "right_elbow",
          "x": 17.914337158203125,
          "y": 142.88156127929688,
          "confidence": 0.11585202813148499,
          "visible": false
        },
        {
          "name": "left_wrist",
          "x": 3.5589599609375,
          "y": 115.36856842041016,
          "confidence": 0.08433308452367783,
          "visible": false
        },
        {
          "name": "right_wrist",
          "x": 5.387459754943848,
          "y": 120.05036163330078,
          "confidence": 0.14076083898544312,
          "visible": false
        },
        {
          "name": "left_hip",
          "x": 2.9743080139160156,
          "y": 307.1138610839844,
          "confidence": 0.06896594166755676,
          "visible": false
        },
        {
          "name": "right_hip",
          "x": 2.909541606903076,
          "y": 306.357177734375,
          "confidence": 0.09289737790822983,
          "visible": false
        },
        {
          "name": "left_knee",
          "x": 10.763747215270996,
          "y": 313.63140869140625,
          "confidence": 0.028399355709552765,
          "visible": false
        },
        {
          "name": "right_knee",
          "x": 9.659536361694336,
          "y": 314.2124328613281,
          "confidence": 0.03922687843441963,
          "visible": false
        },
        {
          "name": "left_ankle",
          "x": 2.5133471488952637,
          "y": 402.4468994140625,
          "confidence": 0.016402024775743484,
          "visible": false
        },
        {
          "name": "right_ankle",
          "x": 6.361110687255859,
          "y": 406.741455078125,
          "confidence": 0.01928524300456047,
          "visible": false
        }
      ],
      "confidence_scores": [
        0.05965087562799454,
        0.03027062490582466,
        0.03622842952609062,
        0.0546632818877697,
        0.08063675463199615,
        0.09381736069917679,
        0.141629159450531,
        0.0652945265173912,
        0.11585202813148499,
        0.08433308452367783,
        0.14076083898544312,
        0.06896594166755676,
        0.09289737790822983,
        0.028399355709552765,
        0.03922687843441963,
        0.016402024775743484,
        0.01928524300456047
      ],
      "average_confidence": 0.06872434037573197
    }
  ]
}