{
  "timestamp": "2025-11-03T15:15:26.426322",
  "image_shape": {
    "height": 480,
    "width": 640,
    "channels": 3
  },
  "num_persons_detected": 1,
  "persons": [
    {
      "person_id": 0,
      "keypoints": [
        {
          "name": "nose",
          "x": 354.64569091796875,
          "y": 163.93441772460938,
          "confidence": 0.9572335481643677,
          "visible": true
        },
        {
          "name": "left_eye",
          "x": 370.29107666015625,
          "y": 159.29165649414062,
          "confidence": 0.9494046568870544,
          "visible": true
        },
        {
          "name": "right_eye",
          "x": 357.7417297363281,
          "y": 156.4597930908203,
          "confidence": 0.6591311693191528,
          "visible": true
        },
        {
          "name": "left_ear",
          "x": 393.1470947265625,
          "y": 181.67543029785156,
          "confidence": 0.9182999730110168,
          "visible": true
        },
        {
          "name": "right_ear",
          "x": 360.756591796875,
          "y": 173.72958374023438,
          "confidence": 0.1862040013074875,
          "visible": false
        },
        {
          "name": "left_shoulder",
          "x": 368.96429443359375,
          "y": 231.16212463378906,
          "confidence": 0.9805641770362854,
          "visible": true
        },
        {
          "name": "right_shoulder",
          "x": 337.22784423828125,
          "y": 210.3114013671875,
          "confidence": 0.9683876037597656,
          "visible": true
        },
        {
          "name": "left_elbow",
          "x": 294.89874267578125,
          "y": 257.8407897949219,
          "confidence": 0.9285469055175781,
          "visible": true
        },
        {
          "name": "right_elbow",
          "x": 278.9889831542969,
          "y": 222.03053283691406,
          "confidence": 0.81708824634552,
          "visible": true
        },
        {
          "name": "left_wrist",
          "x": 250.9304656982422,
          "y": 228.33233642578125,
          "confidence": 0.9426530003547668,
          "visible": true
        },
        {
          "name": "right_wrist",
          "x": 265.9085388183594,
          "y": 218.2794952392578,
          "confidence": 0.8047109842300415,
          "visible": true
        },
        {
          "name": "left_hip",
          "x": 248.86541748046875,
          "y": 290.5403137207031,
          "confidence": 0.9753224849700928,
          "visible": true
        },
        {
          "name": "right_hip",
          "x": 226.09693908691406,
          "y": 267.5657958984375,
          "confidence": 0.9650194048881531,
          "visible": true
        },
        {
          "name": "left_knee",
          "x": 78.44208526611328,
          "y": 270.64947509765625,
          "confidence": 0.9872187376022339,
          "visible": true
        },
        {
          "name": "right_knee",
          "x": 76.595947265625,
          "y": 254.3033447265625,
          "confidence": 0.9736992716789246,
          "visible": true
        },
        {
          "name": "left_ankle",
          "x": 72.29000854492188,
          "y": 383.97137451171875,
          "confidence": 0.9562703371047974,
          "visible": true
        },
        {
          "name": "right_ankle",
          "x": 84.60575103759766,
          "y": 379.05645751953125,
          "confidence": 0.9300814270973206,
          "visible": true
        }
      ],
      "confidence_scores": [
        0.9572335481643677,
        0.9494046568870544,
        0.6591311693191528,
        0.9182999730110168,
        0.1862040013074875,
        0.9805641770362854,
        0.9683876037597656,
        0.9285469055175781,
        0.81708824634552,
        0.9426530003547668,
        0.8047109842300415,
        0.9753224849700928,
        0.9650194048881531,
        0.9872187376022339,
        0.9736992716789246,
        0.9562703371047974,
        0.9300814270973206
      ],
      "average_confidence": 0.8764609370161506
    }
  ]
}