{
  "timestamp": "2025-11-03T15:16:33.959195",
  "image_shape": {
    "height": 480,
    "width": 640,
    "channels": 3
  },
  "num_persons_detected": 1,
  "persons": [
    {
      "person_id": 0,
      "keypoints": [
        {
          "name": "nose",
          "x": 163.84719848632812,
          "y": 101.78790283203125,
          "confidence": 0.9798538088798523,
          "visible": true
        },
        {
          "name": "left_eye",
          "x": 168.80172729492188,
          "y": 89.4219970703125,
          "confidence": 0.9915032386779785,
          "visible": true
        },
        {
          "name": "right_eye",
          "x": 162.31509399414062,
          "y": 90.98519897460938,
          "confidence": 0.3705320954322815,
          "visible": false
        },
        {
          "name": "left_ear",
          "x": 195.83360290527344,
          "y": 89.92207336425781,
          "confidence": 0.9855615496635437,
          "visible": true
        },
        {
          "name": "right_ear",
          "x": 183.24932861328125,
          "y": 90.79673767089844,
          "confidence": 0.01751120574772358,
          "visible": false
        },
        {
          "name": "left_shoulder",
          "x": 235.56039428710938,
          "y": 144.90170288085938,
          "confidence": 0.9985430240631104,
          "visible": true
        },
        {
          "name": "right_shoulder",
          "x": 231.22352600097656,
          "y": 140.0982666015625,
          "confidence": 0.9426974058151245,
          "visible": true
        },
        {
          "name": "left_elbow",
          "x": 215.047607421875,
          "y": 238.32327270507812,
          "confidence": 0.9975726008415222,
          "visible": true
        },
        {
          "name": "right_elbow",
          "x": 205.04281616210938,
          "y": 224.96722412109375,
          "confidence": 0.7147945165634155,
          "visible": true
        },
        {
          "name": "left_wrist",
          "x": 132.67919921875,
          "y": 240.33102416992188,
          "confidence": 0.9970460534095764,
          "visible": true
        },
        {
          "name": "right_wrist",
          "x": 144.38015747070312,
          "y": 229.3259735107422,
          "confidence": 0.8855940699577332,
          "visible": true
        },
        {
          "name": "left_hip",
          "x": 263.0093688964844,
          "y": 281.2864685058594,
          "confidence": 0.9969251751899719,
          "visible": true
        },
        {
          "name": "right_hip",
          "x": 262.35614013671875,
          "y": 270.35980224609375,
          "confidence": 0.9824814200401306,
          "visible": true
        },
        {
          "name": "left_knee",
          "x": 157.17031860351562,
          "y": 286.84393310546875,
          "confidence": 0.9977239966392517,
          "visible": true
        },
        {
          "name": "right_knee",
          "x": 164.37950134277344,
          "y": 272.50860595703125,
          "confidence": 0.9861670136451721,
          "visible": true
        },
        {
          "name": "left_ankle",
          "x": 95.21171569824219,
          "y": 410.7974853515625,
          "confidence": 0.9809699058532715,
          "visible": true
        },
        {
          "name": "right_ankle",
          "x": 98.99559783935547,
          "y": 392.1070861816406,
          "confidence": 0.9493675827980042,
          "visible": true
        }
      ],
      "confidence_scores": [
        0.9798538088798523,
        0.9915032386779785,
        0.3705320954322815,
        0.9855615496635437,
        0.01751120574772358,
        0.9985430240631104,
        0.9426974058151245,
        0.9975726008415222,
        0.7147945165634155,
        0.9970460534095764,
        0.8855940699577332,
        0.9969251751899719,
        0.9824814200401306,
        0.9977239966392517,
        0.9861670136451721,
        0.9809699058532715,
        0.9493675827980042
      ],
      "average_confidence": 0.869108509601039
    }
  ]
}