{
  "timestamp": "2025-11-03T15:14:28.129305",
  "image_shape": {
    "height": 480,
    "width": 640,
    "channels": 3
  },
  "num_persons_detected": 1,
  "persons": [
    {
      "person_id": 0,
      "keypoints": [
        {
          "name": "nose",
          "x": 245.57992553710938,
          "y": 73.15750122070312,
          "confidence": 0.97393798828125,
          "visible": true
        },
        {
          "name": "left_eye",
          "x": 254.22515869140625,
          "y": 61.81544494628906,
          "confidence": 0.9885822534561157,
          "visible": true
        },
        {
          "name": "right_eye",
          "x": 248.44387817382812,
          "y": 64.04981994628906,
          "confidence": 0.3067300021648407,
          "visible": false
        },
        {
          "name": "left_ear",
          "x": 286.9820861816406,
          "y": 73.27192687988281,
          "confidence": 0.9848231077194214,
          "visible": true
        },
        {
          "name": "right_ear",
          "x": 273.5016174316406,
          "y": 72.83233642578125,
          "confidence": 0.012324393726885319,
          "visible": false
        },
        {
          "name": "left_shoulder",
          "x": 321.5269470214844,
          "y": 141.1508026123047,
          "confidence": 0.9980922341346741,
          "visible": true
        },
        {
          "name": "right_shoulder",
          "x": 305.2410888671875,
          "y": 129.623046875,
          "confidence": 0.9141517877578735,
          "visible": true
        },
        {
          "name": "left_elbow",
          "x": 313.185546875,
          "y": 235.35281372070312,
          "confidence": 0.9975742697715759,
          "visible": true
        },
        {
          "name": "right_elbow",
          "x": 290.0110168457031,
          "y": 210.9061737060547,
          "confidence": 0.6290823817253113,
          "visible": true
        },
        {
          "name": "left_wrist",
          "x": 240.30743408203125,
          "y": 212.48941040039062,
          "confidence": 0.9979439377784729,
          "visible": true
        },
        {
          "name": "right_wrist",
          "x": 239.34674072265625,
          "y": 217.46559143066406,
          "confidence": 0.8614697456359863,
          "visible": true
        },
        {
          "name": "left_hip",
          "x": 322.92779541015625,
          "y": 274.68719482421875,
          "confidence": 0.9958077669143677,
          "visible": true
        },
        {
          "name": "right_hip",
          "x": 314.55810546875,
          "y": 258.9847412109375,
          "confidence": 0.9722093343734741,
          "visible": true
        },
        {
          "name": "left_knee",
          "x": 202.6316680908203,
          "y": 278.4541320800781,
          "confidence": 0.9977306723594666,
          "visible": true
        },
        {
          "name": "right_knee",
          "x": 201.84506225585938,
          "y": 258.333740234375,
          "confidence": 0.9824175238609314,
          "visible": true
        },
        {
          "name": "left_ankle",
          "x": 190.51194763183594,
          "y": 415.7882080078125,
          "confidence": 0.9790102243423462,
          "visible": true
        },
        {
          "name": "right_ankle",
          "x": 193.58706665039062,
          "y": 395.6307678222656,
          "confidence": 0.9329895377159119,
          "visible": true
        }
      ],
      "confidence_scores": [
        0.97393798828125,
        0.9885822534561157,
        0.3067300021648407,
        0.9848231077194214,
        0.012324393726885319,
        0.9980922341346741,
        0.9141517877578735,
        0.9975742697715759,
        0.6290823817253113,
        0.9979439377784729,
        0.8614697456359863,
        0.9958077669143677,
        0.9722093343734741,
        0.9977306723594666,
        0.9824175238609314,
        0.9790102243423462,
        0.9329895377159119
      ],
      "average_confidence": 0.8544045389246415
    }
  ]
}