{
  "timestamp": "2025-11-03T15:13:54.339499",
  "image_shape": {
    "height": 480,
    "width": 640,
    "channels": 3
  },
  "num_persons_detected": 1,
  "persons": [
    {
      "person_id": 0,
      "keypoints": [
        {
          "name": "nose",
          "x": 296.8576354980469,
          "y": 55.9237060546875,
          "confidence": 0.980440616607666,
          "visible": true
        },
        {
          "name": "left_eye",
          "x": 303.266357421875,
          "y": 42.60087585449219,
          "confidence": 0.9894126057624817,
          "visible": true
        },
        {
          "name": "right_eye",
          "x": 296.7854309082031,
          "y": 45.05033874511719,
          "confidence": 0.35256141424179077,
          "visible": false
        },
        {
          "name": "left_ear",
          "x": 332.92010498046875,
          "y": 43.166259765625,
          "confidence": 0.9863926768302917,
          "visible": true
        },
        {
          "name": "right_ear",
          "x": 317.1766052246094,
          "y": 47.16590881347656,
          "confidence": 0.012394665740430355,
          "visible": false
        },
        {
          "name": "left_shoulder",
          "x": 362.74566650390625,
          "y": 113.44960021972656,
          "confidence": 0.998375415802002,
          "visible": true
        },
        {
          "name": "right_shoulder",
          "x": 344.01458740234375,
          "y": 103.148193359375,
          "confidence": 0.9519315361976624,
          "visible": true
        },
        {
          "name": "left_elbow",
          "x": 353.0933837890625,
          "y": 219.5645751953125,
          "confidence": 0.9980825185775757,
          "visible": true
        },
        {
          "name": "right_elbow",
          "x": 320.7906799316406,
          "y": 191.32850646972656,
          "confidence": 0.7612103223800659,
          "visible": true
        },
        {
          "name": "left_wrist",
          "x": 272.1564636230469,
          "y": 188.9169921875,
          "confidence": 0.998129665851593,
          "visible": true
        },
        {
          "name": "right_wrist",
          "x": 255.26446533203125,
          "y": 184.87545776367188,
          "confidence": 0.8927469849586487,
          "visible": true
        },
        {
          "name": "left_hip",
          "x": 333.65594482421875,
          "y": 276.1704406738281,
          "confidence": 0.9968884587287903,
          "visible": true
        },
        {
          "name": "right_hip",
          "x": 323.5250549316406,
          "y": 259.0423583984375,
          "confidence": 0.9830281734466553,
          "visible": true
        },
        {
          "name": "left_knee",
          "x": 202.6535186767578,
          "y": 286.1885986328125,
          "confidence": 0.9979323148727417,
          "visible": true
        },
        {
          "name": "right_knee",
          "x": 208.3379364013672,
          "y": 265.9800109863281,
          "confidence": 0.9862238168716431,
          "visible": true
        },
        {
          "name": "left_ankle",
          "x": 228.2729949951172,
          "y": 414.20220947265625,
          "confidence": 0.976441502571106,
          "visible": true
        },
        {
          "name": "right_ankle",
          "x": 233.79527282714844,
          "y": 400.48834228515625,
          "confidence": 0.9310865998268127,
          "visible": true
        }
      ],
      "confidence_scores": [
        0.980440616607666,
        0.9894126057624817,
        0.35256141424179077,
        0.9863926768302917,
        0.012394665740430355,
        0.998375415802002,
        0.9519315361976624,
        0.9980825185775757,
        0.7612103223800659,
        0.998129665851593,
        0.8927469849586487,
        0.9968884587287903,
        0.9830281734466553,
        0.9979323148727417,
        0.9862238168716431,
        0.976441502571106,
        0.9310865998268127
      ],
      "average_confidence": 0.8701928993687034
    }
  ]
}