{
  "timestamp": "2025-11-03T15:18:07.048230",
  "image_shape": {
    "height": 480,
    "width": 640,
    "channels": 3
  },
  "num_persons_detected": 1,
  "persons": [
    {
      "person_id": 0,
      "keypoints": [
        {
          "name": "nose",
          "x": 231.7860107421875,
          "y": 90.77714538574219,
          "confidence": 0.9493963718414307,
          "visible": true
        },
        {
          "name": "left_eye",
          "x": 235.46888732910156,
          "y": 80.13461303710938,
          "confidence": 0.9839721918106079,
          "visible": true
        },
        {
          "name": "right_eye",
          "x": 234.39064025878906,
          "y": 80.60899353027344,
          "confidence": 0.14528414607048035,
          "visible": false
        },
        {
          "name": "left_ear",
          "x": 259.2392578125,
          "y": 86.29690551757812,
          "confidence": 0.9887808561325073,
          "visible": true
        },
        {
          "name": "right_ear",
          "x": 261.4400329589844,
          "y": 84.61087036132812,
          "confidence": 0.012202360667288303,
          "visible": false
        },
        {
          "name": "left_shoulder",
          "x": 288.6991882324219,
          "y": 148.2892303466797,
          "confidence": 0.9990548491477966,
          "visible": true
        },
        {
          "name": "right_shoulder",
          "x": 299.11566162109375,
          "y": 138.5738983154297,
          "confidence": 0.8920127153396606,
          "visible": true
        },
        {
          "name": "left_elbow",
          "x": 260.8692626953125,
          "y": 240.81298828125,
          "confidence": 0.9985201954841614,
          "visible": true
        },
        {
          "name": "right_elbow",
          "x": 268.0206604003906,
          "y": 225.56594848632812,
          "confidence": 0.45541912317276,
          "visible": false
        },
        {
          "name": "left_wrist",
          "x": 176.4700927734375,
          "y": 246.27072143554688,
          "confidence": 0.9969749450683594,
          "visible": true
        },
        {
          "name": "right_wrist",
          "x": 201.5023956298828,
          "y": 242.10647583007812,
          "confidence": 0.704792320728302,
          "visible": true
        },
        {
          "name": "left_hip",
          "x": 299.4034118652344,
          "y": 282.859375,
          "confidence": 0.9974281191825867,
          "visible": true
        },
        {
          "name": "right_hip",
          "x": 307.84747314453125,
          "y": 268.5335388183594,
          "confidence": 0.9736648797988892,
          "visible": true
        },
        {
          "name": "left_knee",
          "x": 184.7509002685547,
          "y": 287.47821044921875,
          "confidence": 0.9980446100234985,
          "visible": true
        },
        {
          "name": "right_knee",
          "x": 195.66566467285156,
          "y": 268.544921875,
          "confidence": 0.9781463146209717,
          "visible": true
        },
        {
          "name": "left_ankle",
          "x": 138.704345703125,
          "y": 412.8912353515625,
          "confidence": 0.9827610850334167,
          "visible": true
        },
        {
          "name": "right_ankle",
          "x": 140.85679626464844,
          "y": 388.279541015625,
          "confidence": 0.9301048517227173,
          "visible": true
        }
      ],
      "confidence_scores": [
        0.9493963718414307,
        0.9839721918106079,
        0.14528414607048035,
        0.9887808561325073,
        0.012202360667288303,
        0.9990548491477966,
        0.8920127153396606,
        0.9985201954841614,
        0.45541912317276,
        0.9969749450683594,
        0.704792320728302,
        0.9974281191825867,
        0.9736648797988892,
        0.9980446100234985,
        0.9781463146209717,
        0.9827610850334167,
        0.9301048517227173
      ],
      "average_confidence": 0.8227388197556138
    }
  ]
}