{
  "timestamp": "2025-11-03T15:15:12.883474",
  "image_shape": {
    "height": 480,
    "width": 640,
    "channels": 3
  },
  "num_persons_detected": 1,
  "persons": [
    {
      "person_id": 0,
      "keypoints": [
        {
          "name": "nose",
          "x": 146.70335388183594,
          "y": 214.0194091796875,
          "confidence": 0.8924512267112732,
          "visible": true
        },
        {
          "name": "left_eye",
          "x": 146.9644012451172,
          "y": 203.95103454589844,
          "confidence": 0.974843442440033,
          "visible": true
        },
        {
          "name": "right_eye",
          "x": 147.07521057128906,
          "y": 201.46487426757812,
          "confidence": 0.11216040700674057,
          "visible": false
        },
        {
          "name": "left_ear",
          "x": 169.96078491210938,
          "y": 188.55584716796875,
          "confidence": 0.981002688407898,
          "visible": true
        },
        {
          "name": "right_ear",
          "x": 167.77317810058594,
          "y": 182.56243896484375,
          "confidence": 0.007852451875805855,
          "visible": false
        },
        {
          "name": "left_shoulder",
          "x": 216.69430541992188,
          "y": 210.95506286621094,
          "confidence": 0.9883986115455627,
          "visible": true
        },
        {
          "name": "right_shoulder",
          "x": 232.0497283935547,
          "y": 188.37664794921875,
          "confidence": 0.8151519298553467,
          "visible": true
        },
        {
          "name": "left_elbow",
          "x": 217.80747985839844,
          "y": 322.3607177734375,
          "confidence": 0.9648992419242859,
          "visible": true
        },
        {
          "name": "right_elbow",
          "x": 228.07855224609375,
          "y": 270.6809387207031,
          "confidence": 0.3475663661956787,
          "visible": false
        },
        {
          "name": "left_wrist",
          "x": 222.285400390625,
          "y": 417.3997802734375,
          "confidence": 0.8742373585700989,
          "visible": true
        },
        {
          "name": "right_wrist",
          "x": 213.2183837890625,
          "y": 359.09710693359375,
          "confidence": 0.3010179102420807,
          "visible": false
        },
        {
          "name": "left_hip",
          "x": 339.66546630859375,
          "y": 286.187255859375,
          "confidence": 0.967803955078125,
          "visible": true
        },
        {
          "name": "right_hip",
          "x": 351.1648254394531,
          "y": 272.580810546875,
          "confidence": 0.9042471647262573,
          "visible": true
        },
        {
          "name": "left_knee",
          "x": 189.76454162597656,
          "y": 296.6268310546875,
          "confidence": 0.9850522875785828,
          "visible": true
        },
        {
          "name": "right_knee",
          "x": 202.97520446777344,
          "y": 275.4564514160156,
          "confidence": 0.9406405687332153,
          "visible": true
        },
        {
          "name": "left_ankle",
          "x": 239.05284118652344,
          "y": 418.3265380859375,
          "confidence": 0.9616449475288391,
          "visible": true
        },
        {
          "name": "right_ankle",
          "x": 247.47247314453125,
          "y": 396.19085693359375,
          "confidence": 0.9236074090003967,
          "visible": true
        }
      ],
      "confidence_scores": [
        0.8924512267112732,
        0.974843442440033,
        0.11216040700674057,
        0.981002688407898,
        0.007852451875805855,
        0.9883986115455627,
        0.8151519298553467,
        0.9648992419242859,
        0.3475663661956787,
        0.8742373585700989,
        0.3010179102420807,
        0.967803955078125,
        0.9042471647262573,
        0.9850522875785828,
        0.9406405687332153,
        0.9616449475288391,
        0.9236074090003967
      ],
      "average_confidence": 0.7613281157306012
    }
  ]
}