{
  "timestamp": "2025-11-03T15:17:58.261425",
  "image_shape": {
    "height": 480,
    "width": 640,
    "channels": 3
  },
  "num_persons_detected": 1,
  "persons": [
    {
      "person_id": 0,
      "keypoints": [
        {
          "name": "nose",
          "x": 211.359619140625,
          "y": 104.24639892578125,
          "confidence": 0.9821345806121826,
          "visible": true
        },
        {
          "name": "left_eye",
          "x": 218.59796142578125,
          "y": 91.51948547363281,
          "confidence": 0.9923972487449646,
          "visible": true
        },
        {
          "name": "right_eye",
          "x": 210.884765625,
          "y": 93.53428649902344,
          "confidence": 0.39522314071655273,
          "visible": false
        },
        {
          "name": "left_ear",
          "x": 249.92831420898438,
          "y": 92.09175109863281,
          "confidence": 0.9860867261886597,
          "visible": true
        },
        {
          "name": "right_ear",
          "x": 231.56536865234375,
          "y": 93.40115356445312,
          "confidence": 0.018581662327051163,
          "visible": false
        },
        {
          "name": "left_shoulder",
          "x": 283.1788024902344,
          "y": 151.69921875,
          "confidence": 0.9979910850524902,
          "visible": true
        },
        {
          "name": "right_shoulder",
          "x": 268.2467956542969,
          "y": 144.76806640625,
          "confidence": 0.9491273760795593,
          "visible": true
        },
        {
          "name": "left_elbow",
          "x": 227.67652893066406,
          "y": 239.69195556640625,
          "confidence": 0.9964996576309204,
          "visible": true
        },
        {
          "name": "right_elbow",
          "x": 226.17831420898438,
          "y": 221.70260620117188,
          "confidence": 0.680304765701294,
          "visible": true
        },
        {
          "name": "left_wrist",
          "x": 129.29476928710938,
          "y": 250.97702026367188,
          "confidence": 0.9959149956703186,
          "visible": true
        },
        {
          "name": "right_wrist",
          "x": 147.8073272705078,
          "y": 246.9424285888672,
          "confidence": 0.8553406596183777,
          "visible": true
        },
        {
          "name": "left_hip",
          "x": 288.801513671875,
          "y": 282.2244567871094,
          "confidence": 0.996346652507782,
          "visible": true
        },
        {
          "name": "right_hip",
          "x": 280.03082275390625,
          "y": 267.9893798828125,
          "confidence": 0.9819902181625366,
          "visible": true
        },
        {
          "name": "left_knee",
          "x": 151.25112915039062,
          "y": 287.039794921875,
          "confidence": 0.9978669285774231,
          "visible": true
        },
        {
          "name": "right_knee",
          "x": 151.58978271484375,
          "y": 272.62274169921875,
          "confidence": 0.9870326519012451,
          "visible": true
        },
        {
          "name": "left_ankle",
          "x": 113.20397186279297,
          "y": 411.81683349609375,
          "confidence": 0.9829939603805542,
          "visible": true
        },
        {
          "name": "right_ankle",
          "x": 118.98990631103516,
          "y": 399.9368896484375,
          "confidence": 0.95371413230896,
          "visible": true
        }
      ],
      "confidence_scores": [
        0.9821345806121826,
        0.9923972487449646,
        0.39522314071655273,
        0.9860867261886597,
        0.018581662327051163,
        0.9979910850524902,
        0.9491273760795593,
        0.9964996576309204,
        0.680304765701294,
        0.9959149956703186,
        0.8553406596183777,
        0.996346652507782,
        0.9819902181625366,
        0.9978669285774231,
        0.9870326519012451,
        0.9829939603805542,
        0.95371413230896
      ],
      "average_confidence": 0.867620378951816
    }
  ]
}