{
  "timestamp": "2025-11-03T15:17:50.656692",
  "image_shape": {
    "height": 480,
    "width": 640,
    "channels": 3
  },
  "num_persons_detected": 1,
  "persons": [
    {
      "person_id": 0,
      "keypoints": [
        {
          "name": "nose",
          "x": 352.8206481933594,
          "y": 130.39471435546875,
          "confidence": 0.9669181704521179,
          "visible": true
        },
        {
          "name": "left_eye",
          "x": 363.98260498046875,
          "y": 120.89593505859375,
          "confidence": 0.9724705815315247,
          "visible": true
        },
        {
          "name": "right_eye",
          "x": 357.06689453125,
          "y": 121.99537658691406,
          "confidence": 0.32876965403556824,
          "visible": false
        },
        {
          "name": "left_ear",
          "x": 391.87615966796875,
          "y": 131.30447387695312,
          "confidence": 0.9623718857765198,
          "visible": true
        },
        {
          "name": "right_ear",
          "x": 372.232421875,
          "y": 131.39602661132812,
          "confidence": 0.023377949371933937,
          "visible": false
        },
        {
          "name": "left_shoulder",
          "x": 384.77532958984375,
          "y": 192.85755920410156,
          "confidence": 0.9970846772193909,
          "visible": true
        },
        {
          "name": "right_shoulder",
          "x": 362.14288330078125,
          "y": 173.4789581298828,
          "confidence": 0.9449111223220825,
          "visible": true
        },
        {
          "name": "left_elbow",
          "x": 331.51080322265625,
          "y": 264.6026916503906,
          "confidence": 0.9962689876556396,
          "visible": true
        },
        {
          "name": "right_elbow",
          "x": 309.79937744140625,
          "y": 227.39414978027344,
          "confidence": 0.7579522728919983,
          "visible": true
        },
        {
          "name": "left_wrist",
          "x": 282.9341125488281,
          "y": 214.37237548828125,
          "confidence": 0.9965053796768188,
          "visible": true
        },
        {
          "name": "right_wrist",
          "x": 273.53466796875,
          "y": 204.32086181640625,
          "confidence": 0.8509165048599243,
          "visible": true
        },
        {
          "name": "left_hip",
          "x": 259.9501953125,
          "y": 288.2711486816406,
          "confidence": 0.9922102689743042,
          "visible": true
        },
        {
          "name": "right_hip",
          "x": 244.02664184570312,
          "y": 264.3387756347656,
          "confidence": 0.9619638919830322,
          "visible": true
        },
        {
          "name": "left_knee",
          "x": 86.81541442871094,
          "y": 278.90704345703125,
          "confidence": 0.9922971129417419,
          "visible": true
        },
        {
          "name": "right_knee",
          "x": 92.98628234863281,
          "y": 263.42742919921875,
          "confidence": 0.9489521384239197,
          "visible": true
        },
        {
          "name": "left_ankle",
          "x": 93.60418701171875,
          "y": 392.8196105957031,
          "confidence": 0.9200145602226257,
          "visible": true
        },
        {
          "name": "right_ankle",
          "x": 103.73617553710938,
          "y": 395.96917724609375,
          "confidence": 0.7622502446174622,
          "visible": true
        }
      ],
      "confidence_scores": [
        0.9669181704521179,
        0.9724705815315247,
        0.32876965403556824,
        0.9623718857765198,
        0.023377949371933937,
        0.9970846772193909,
        0.9449111223220825,
        0.9962689876556396,
        0.7579522728919983,
        0.9965053796768188,
        0.8509165048599243,
        0.9922102689743042,
        0.9619638919830322,
        0.9922971129417419,
        0.9489521384239197,
        0.9200145602226257,
        0.7622502446174622
      ],
      "average_confidence": 0.8456020825268591
    }
  ]
}