{
  "timestamp": "2025-11-03T15:16:29.792592",
  "image_shape": {
    "height": 480,
    "width": 640,
    "channels": 3
  },
  "num_persons_detected": 1,
  "persons": [
    {
      "person_id": 0,
      "keypoints": [
        {
          "name": "nose",
          "x": 205.64088439941406,
          "y": 80.67918395996094,
          "confidence": 0.9728457927703857,
          "visible": true
        },
        {
          "name": "left_eye",
          "x": 210.51248168945312,
          "y": 68.69985961914062,
          "confidence": 0.9898920059204102,
          "visible": true
        },
        {
          "name": "right_eye",
          "x": 205.82272338867188,
          "y": 69.49166870117188,
          "confidence": 0.23744937777519226,
          "visible": false
        },
        {
          "name": "left_ear",
          "x": 237.01296997070312,
          "y": 72.712158203125,
          "confidence": 0.9871687889099121,
          "visible": true
        },
        {
          "name": "right_ear",
          "x": 229.325439453125,
          "y": 71.71940612792969,
          "confidence": 0.010037948377430439,
          "visible": false
        },
        {
          "name": "left_shoulder",
          "x": 274.22808837890625,
          "y": 134.53294372558594,
          "confidence": 0.9989542961120605,
          "visible": true
        },
        {
          "name": "right_shoulder",
          "x": 280.14654541015625,
          "y": 127.62895202636719,
          "confidence": 0.9037814140319824,
          "visible": true
        },
        {
          "name": "left_elbow",
          "x": 275.70709228515625,
          "y": 221.9386749267578,
          "confidence": 0.9984455704689026,
          "visible": true
        },
        {
          "name": "right_elbow",
          "x": 273.2323303222656,
          "y": 213.8807373046875,
          "confidence": 0.5858395099639893,
          "visible": true
        },
        {
          "name": "left_wrist",
          "x": 200.0532989501953,
          "y": 232.08901977539062,
          "confidence": 0.9976783394813538,
          "visible": true
        },
        {
          "name": "right_wrist",
          "x": 212.67941284179688,
          "y": 231.12290954589844,
          "confidence": 0.8099786043167114,
          "visible": true
        },
        {
          "name": "left_hip",
          "x": 277.4732666015625,
          "y": 275.2100830078125,
          "confidence": 0.9974725842475891,
          "visible": true
        },
        {
          "name": "right_hip",
          "x": 283.232177734375,
          "y": 259.7037048339844,
          "confidence": 0.9786575436592102,
          "visible": true
        },
        {
          "name": "left_knee",
          "x": 152.0885009765625,
          "y": 297.8896179199219,
          "confidence": 0.9973057508468628,
          "visible": true
        },
        {
          "name": "right_knee",
          "x": 163.62026977539062,
          "y": 277.88458251953125,
          "confidence": 0.9758071303367615,
          "visible": true
        },
        {
          "name": "left_ankle",
          "x": 84.24295043945312,
          "y": 414.95281982421875,
          "confidence": 0.9707821607589722,
          "visible": true
        },
        {
          "name": "right_ankle",
          "x": 86.71089935302734,
          "y": 387.98760986328125,
          "confidence": 0.8995389342308044,
          "visible": true
        }
      ],
      "confidence_scores": [
        0.9728457927703857,
        0.9898920059204102,
        0.23744937777519226,
        0.9871687889099121,
        0.010037948377430439,
        0.9989542961120605,
        0.9037814140319824,
        0.9984455704689026,
        0.5858395099639893,
        0.9976783394813538,
        0.8099786043167114,
        0.9974725842475891,
        0.9786575436592102,
        0.9973057508468628,
        0.9758071303367615,
        0.9707821607589722,
        0.8995389342308044
      ],
      "average_confidence": 0.8418609266005018
    }
  ]
}