{
  "timestamp": "2025-11-03T15:14:06.843112",
  "image_shape": {
    "height": 480,
    "width": 640,
    "channels": 3
  },
  "num_persons_detected": 1,
  "persons": [
    {
      "person_id": 0,
      "keypoints": [
        {
          "name": "nose",
          "x": 319.6099853515625,
          "y": 56.58711242675781,
          "confidence": 0.9879580736160278,
          "visible": true
        },
        {
          "name": "left_eye",
          "x": 329.28839111328125,
          "y": 42.76025390625,
          "confidence": 0.9931337833404541,
          "visible": true
        },
        {
          "name": "right_eye",
          "x": 318.37322998046875,
          "y": 43.95225524902344,
          "confidence": 0.4701809883117676,
          "visible": false
        },
        {
          "name": "left_ear",
          "x": 360.47430419921875,
          "y": 48.160919189453125,
          "confidence": 0.9835220575332642,
          "visible": true
        },
        {
          "name": "right_ear",
          "x": 336.4327697753906,
          "y": 48.279815673828125,
          "confidence": 0.01595272868871689,
          "visible": false
        },
        {
          "name": "left_shoulder",
          "x": 375.35211181640625,
          "y": 121.71794128417969,
          "confidence": 0.9984096884727478,
          "visible": true
        },
        {
          "name": "right_shoulder",
          "x": 370.684814453125,
          "y": 108.38311767578125,
          "confidence": 0.9498831629753113,
          "visible": true
        },
        {
          "name": "left_elbow",
          "x": 351.1247253417969,
          "y": 227.14224243164062,
          "confidence": 0.9981880784034729,
          "visible": true
        },
        {
          "name": "right_elbow",
          "x": 337.4721984863281,
          "y": 204.48220825195312,
          "confidence": 0.7674832940101624,
          "visible": true
        },
        {
          "name": "left_wrist",
          "x": 269.99896240234375,
          "y": 205.36968994140625,
          "confidence": 0.9984341263771057,
          "visible": true
        },
        {
          "name": "right_wrist",
          "x": 269.91204833984375,
          "y": 209.31393432617188,
          "confidence": 0.9148584604263306,
          "visible": true
        },
        {
          "name": "left_hip",
          "x": 339.0484313964844,
          "y": 277.8447265625,
          "confidence": 0.9963598847389221,
          "visible": true
        },
        {
          "name": "right_hip",
          "x": 337.583251953125,
          "y": 258.9091491699219,
          "confidence": 0.9796098470687866,
          "visible": true
        },
        {
          "name": "left_knee",
          "x": 203.32025146484375,
          "y": 280.88507080078125,
          "confidence": 0.9978023171424866,
          "visible": true
        },
        {
          "name": "right_knee",
          "x": 218.69203186035156,
          "y": 258.822021484375,
          "confidence": 0.9849165081977844,
          "visible": true
        },
        {
          "name": "left_ankle",
          "x": 202.77886962890625,
          "y": 409.2347412109375,
          "confidence": 0.9771342873573303,
          "visible": true
        },
        {
          "name": "right_ankle",
          "x": 204.67266845703125,
          "y": 392.46514892578125,
          "confidence": 0.9307031631469727,
          "visible": true
        }
      ],
      "confidence_scores": [
        0.9879580736160278,
        0.9931337833404541,
        0.4701809883117676,
        0.9835220575332642,
        0.01595272868871689,
        0.9984096884727478,
        0.9498831629753113,
        0.9981880784034729,
        0.7674832940101624,
        0.9984341263771057,
        0.9148584604263306,
        0.9963598847389221,
        0.9796098470687866,
        0.9978023171424866,
        0.9849165081977844,
        0.9771342873573303,
        0.9307031631469727
      ],
      "average_confidence": 0.8790900264592731
    }
  ]
}