{
  "timestamp": "2025-11-03T15:14:50.659165",
  "image_shape": {
    "height": 480,
    "width": 640,
    "channels": 3
  },
  "num_persons_detected": 1,
  "persons": [
    {
      "person_id": 0,
      "keypoints": [
        {
          "name": "nose",
          "x": 216.00653076171875,
          "y": 138.67950439453125,
          "confidence": 0.9713597297668457,
          "visible": true
        },
        {
          "name": "left_eye",
          "x": 215.515625,
          "y": 126.79928588867188,
          "confidence": 0.9890234470367432,
          "visible": true
        },
        {
          "name": "right_eye",
          "x": 215.24118041992188,
          "y": 127.34609985351562,
          "confidence": 0.2495460957288742,
          "visible": false
        },
        {
          "name": "left_ear",
          "x": 240.23048400878906,
          "y": 111.90850830078125,
          "confidence": 0.984460175037384,
          "visible": true
        },
        {
          "name": "right_ear",
          "x": 240.24795532226562,
          "y": 112.71127319335938,
          "confidence": 0.011193135753273964,
          "visible": false
        },
        {
          "name": "left_shoulder",
          "x": 283.4053039550781,
          "y": 149.7743682861328,
          "confidence": 0.996921181678772,
          "visible": true
        },
        {
          "name": "right_shoulder",
          "x": 296.4349060058594,
          "y": 137.58969116210938,
          "confidence": 0.9303438067436218,
          "visible": true
        },
        {
          "name": "left_elbow",
          "x": 264.3511962890625,
          "y": 242.00393676757812,
          "confidence": 0.9965614676475525,
          "visible": true
        },
        {
          "name": "right_elbow",
          "x": 277.7443542480469,
          "y": 205.64370727539062,
          "confidence": 0.725998044013977,
          "visible": true
        },
        {
          "name": "left_wrist",
          "x": 191.10577392578125,
          "y": 238.3164520263672,
          "confidence": 0.9967657327651978,
          "visible": true
        },
        {
          "name": "right_wrist",
          "x": 220.8369598388672,
          "y": 206.08132934570312,
          "confidence": 0.8914156556129456,
          "visible": true
        },
        {
          "name": "left_hip",
          "x": 329.16461181640625,
          "y": 280.644287109375,
          "confidence": 0.9949245452880859,
          "visible": true
        },
        {
          "name": "right_hip",
          "x": 338.66558837890625,
          "y": 267.2449951171875,
          "confidence": 0.9772915244102478,
          "visible": true
        },
        {
          "name": "left_knee",
          "x": 200.83810424804688,
          "y": 280.5984802246094,
          "confidence": 0.9977061748504639,
          "visible": true
        },
        {
          "name": "right_knee",
          "x": 211.10252380371094,
          "y": 262.5155944824219,
          "confidence": 0.987644612789154,
          "visible": true
        },
        {
          "name": "left_ankle",
          "x": 193.38375854492188,
          "y": 414.6163330078125,
          "confidence": 0.9829069972038269,
          "visible": true
        },
        {
          "name": "right_ankle",
          "x": 192.8242950439453,
          "y": 396.1408996582031,
          "confidence": 0.959061861038208,
          "visible": true
        }
      ],
      "confidence_scores": [
        0.9713597297668457,
        0.9890234470367432,
        0.2495460957288742,
        0.984460175037384,
        0.011193135753273964,
        0.996921181678772,
        0.9303438067436218,
        0.9965614676475525,
        0.725998044013977,
        0.9967657327651978,
        0.8914156556129456,
        0.9949245452880859,
        0.9772915244102478,
        0.9977061748504639,
        0.987644612789154,
        0.9829069972038269,
        0.959061861038208
      ],
      "average_confidence": 0.8613602463155985
    }
  ]
}