{
  "timestamp": "2025-11-03T15:16:17.117533",
  "image_shape": {
    "height": 480,
    "width": 640,
    "channels": 3
  },
  "num_persons_detected": 1,
  "persons": [
    {
      "person_id": 0,
      "keypoints": [
        {
          "name": "nose",
          "x": 334.09600830078125,
          "y": 110.11984252929688,
          "confidence": 0.9419174790382385,
          "visible": true
        },
        {
          "name": "left_eye",
          "x": 340.4730224609375,
          "y": 99.62582397460938,
          "confidence": 0.9646665453910828,
          "visible": true
        },
        {
          "name": "right_eye",
          "x": 338.8863220214844,
          "y": 101.23910522460938,
          "confidence": 0.19181430339813232,
          "visible": false
        },
        {
          "name": "left_ear",
          "x": 366.99072265625,
          "y": 101.25984191894531,
          "confidence": 0.9705691933631897,
          "visible": true
        },
        {
          "name": "right_ear",
          "x": 364.0580139160156,
          "y": 103.0679931640625,
          "confidence": 0.01937386393547058,
          "visible": false
        },
        {
          "name": "left_shoulder",
          "x": 369.7589111328125,
          "y": 160.08203125,
          "confidence": 0.9963144659996033,
          "visible": true
        },
        {
          "name": "right_shoulder",
          "x": 373.1119384765625,
          "y": 144.25057983398438,
          "confidence": 0.9228329658508301,
          "visible": true
        },
        {
          "name": "left_elbow",
          "x": 314.3065185546875,
          "y": 236.6023406982422,
          "confidence": 0.9967825412750244,
          "visible": true
        },
        {
          "name": "right_elbow",
          "x": 325.99169921875,
          "y": 204.65557861328125,
          "confidence": 0.6560004949569702,
          "visible": true
        },
        {
          "name": "left_wrist",
          "x": 238.65985107421875,
          "y": 198.32681274414062,
          "confidence": 0.9969441294670105,
          "visible": true
        },
        {
          "name": "right_wrist",
          "x": 247.56365966796875,
          "y": 201.0914764404297,
          "confidence": 0.8264110088348389,
          "visible": true
        },
        {
          "name": "left_hip",
          "x": 300.700439453125,
          "y": 281.672607421875,
          "confidence": 0.9921436309814453,
          "visible": true
        },
        {
          "name": "right_hip",
          "x": 302.7860107421875,
          "y": 261.64361572265625,
          "confidence": 0.9565537571907043,
          "visible": true
        },
        {
          "name": "left_knee",
          "x": 159.65420532226562,
          "y": 275.5293884277344,
          "confidence": 0.9951424598693848,
          "visible": true
        },
        {
          "name": "right_knee",
          "x": 168.7939910888672,
          "y": 258.254150390625,
          "confidence": 0.9626935124397278,
          "visible": true
        },
        {
          "name": "left_ankle",
          "x": 195.0547332763672,
          "y": 397.5731506347656,
          "confidence": 0.9551275372505188,
          "visible": true
        },
        {
          "name": "right_ankle",
          "x": 200.62986755371094,
          "y": 393.98944091796875,
          "confidence": 0.8523107171058655,
          "visible": true
        }
      ],
      "confidence_scores": [
        0.9419174790382385,
        0.9646665453910828,
        0.19181430339813232,
        0.9705691933631897,
        0.01937386393547058,
        0.9963144659996033,
        0.9228329658508301,
        0.9967825412750244,
        0.6560004949569702,
        0.9969441294670105,
        0.8264110088348389,
        0.9921436309814453,
        0.9565537571907043,
        0.9951424598693848,
        0.9626935124397278,
        0.9551275372505188,
        0.8523107171058655
      ],
      "average_confidence": 0.8351528591969434
    }
  ]
}