{
  "timestamp": "2025-11-03T15:16:20.717833",
  "image_shape": {
    "height": 480,
    "width": 640,
    "channels": 3
  },
  "num_persons_detected": 1,
  "persons": [
    {
      "person_id": 0,
      "keypoints": [
        {
          "name": "nose",
          "x": 274.4979553222656,
          "y": 74.71849060058594,
          "confidence": 0.9665320515632629,
          "visible": true
        },
        {
          "name": "left_eye",
          "x": 284.0262451171875,
          "y": 64.60775756835938,
          "confidence": 0.9813438653945923,
          "visible": true
        },
        {
          "name": "right_eye",
          "x": 278.4481201171875,
          "y": 65.57846069335938,
          "confidence": 0.31287840008735657,
          "visible": false
        },
        {
          "name": "left_ear",
          "x": 312.9936828613281,
          "y": 79.8642578125,
          "confidence": 0.9688109755516052,
          "visible": true
        },
        {
          "name": "right_ear",
          "x": 302.8116455078125,
          "y": 77.12919616699219,
          "confidence": 0.024568848311901093,
          "visible": false
        },
        {
          "name": "left_shoulder",
          "x": 316.335205078125,
          "y": 151.54269409179688,
          "confidence": 0.99730384349823,
          "visible": true
        },
        {
          "name": "right_shoulder",
          "x": 323.2313232421875,
          "y": 135.5047607421875,
          "confidence": 0.9192483425140381,
          "visible": true
        },
        {
          "name": "left_elbow",
          "x": 264.57415771484375,
          "y": 230.4744873046875,
          "confidence": 0.9970500469207764,
          "visible": true
        },
        {
          "name": "right_elbow",
          "x": 278.8192443847656,
          "y": 208.27207946777344,
          "confidence": 0.6598138213157654,
          "visible": true
        },
        {
          "name": "left_wrist",
          "x": 195.45672607421875,
          "y": 203.04827880859375,
          "confidence": 0.9973229765892029,
          "visible": true
        },
        {
          "name": "right_wrist",
          "x": 212.07968139648438,
          "y": 215.02569580078125,
          "confidence": 0.8654446601867676,
          "visible": true
        },
        {
          "name": "left_hip",
          "x": 275.354736328125,
          "y": 281.39208984375,
          "confidence": 0.9949937462806702,
          "visible": true
        },
        {
          "name": "right_hip",
          "x": 280.31536865234375,
          "y": 263.4836730957031,
          "confidence": 0.9696378111839294,
          "visible": true
        },
        {
          "name": "left_knee",
          "x": 157.34661865234375,
          "y": 276.6280212402344,
          "confidence": 0.9971753358840942,
          "visible": true
        },
        {
          "name": "right_knee",
          "x": 167.61196899414062,
          "y": 258.6029968261719,
          "confidence": 0.9790546894073486,
          "visible": true
        },
        {
          "name": "left_ankle",
          "x": 130.63973999023438,
          "y": 400.9711608886719,
          "confidence": 0.977191686630249,
          "visible": true
        },
        {
          "name": "right_ankle",
          "x": 130.21310424804688,
          "y": 388.561279296875,
          "confidence": 0.9249955415725708,
          "visible": true
        }
      ],
      "confidence_scores": [
        0.9665320515632629,
        0.9813438653945923,
        0.31287840008735657,
        0.9688109755516052,
        0.024568848311901093,
        0.99730384349823,
        0.9192483425140381,
        0.9970500469207764,
        0.6598138213157654,
        0.9973229765892029,
        0.8654446601867676,
        0.9949937462806702,
        0.9696378111839294,
        0.9971753358840942,
        0.9790546894073486,
        0.977191686630249,
        0.9249955415725708
      ],
      "average_confidence": 0.8549039201701388
    }
  ]
}