{
  "timestamp": "2025-11-03T15:14:17.348792",
  "image_shape": {
    "height": 480,
    "width": 640,
    "channels": 3
  },
  "num_persons_detected": 1,
  "persons": [
    {
      "person_id": 0,
      "keypoints": [
        {
          "name": "nose",
          "x": 265.5340881347656,
          "y": 72.72834777832031,
          "confidence": 0.9610861539840698,
          "visible": true
        },
        {
          "name": "left_eye",
          "x": 272.9863586425781,
          "y": 61.22157287597656,
          "confidence": 0.9834485054016113,
          "visible": true
        },
        {
          "name": "right_eye",
          "x": 267.89923095703125,
          "y": 63.393035888671875,
          "confidence": 0.25915640592575073,
          "visible": false
        },
        {
          "name": "left_ear",
          "x": 301.4135437011719,
          "y": 69.83500671386719,
          "confidence": 0.9767448306083679,
          "visible": true
        },
        {
          "name": "right_ear",
          "x": 291.0568542480469,
          "y": 70.23031616210938,
          "confidence": 0.013930496759712696,
          "visible": false
        },
        {
          "name": "left_shoulder",
          "x": 325.7205505371094,
          "y": 134.07315063476562,
          "confidence": 0.9961916208267212,
          "visible": true
        },
        {
          "name": "right_shoulder",
          "x": 323.6759033203125,
          "y": 127.2203369140625,
          "confidence": 0.8609004616737366,
          "visible": true
        },
        {
          "name": "left_elbow",
          "x": 314.2323303222656,
          "y": 226.19871520996094,
          "confidence": 0.9963197708129883,
          "visible": true
        },
        {
          "name": "right_elbow",
          "x": 314.6629333496094,
          "y": 210.39065551757812,
          "confidence": 0.5042631030082703,
          "visible": true
        },
        {
          "name": "left_wrist",
          "x": 231.8968048095703,
          "y": 242.7991485595703,
          "confidence": 0.9969128370285034,
          "visible": true
        },
        {
          "name": "right_wrist",
          "x": 255.39852905273438,
          "y": 234.9970703125,
          "confidence": 0.7992637753486633,
          "visible": true
        },
        {
          "name": "left_hip",
          "x": 320.3685607910156,
          "y": 276.4666748046875,
          "confidence": 0.9911020994186401,
          "visible": true
        },
        {
          "name": "right_hip",
          "x": 320.4688720703125,
          "y": 262.2456359863281,
          "confidence": 0.9418965578079224,
          "visible": true
        },
        {
          "name": "left_knee",
          "x": 197.01141357421875,
          "y": 277.0125427246094,
          "confidence": 0.9953547716140747,
          "visible": true
        },
        {
          "name": "right_knee",
          "x": 201.39393615722656,
          "y": 259.9385986328125,
          "confidence": 0.9620915651321411,
          "visible": true
        },
        {
          "name": "left_ankle",
          "x": 192.05384826660156,
          "y": 417.608154296875,
          "confidence": 0.9636910557746887,
          "visible": true
        },
        {
          "name": "right_ankle",
          "x": 194.73223876953125,
          "y": 395.8899230957031,
          "confidence": 0.8806317448616028,
          "visible": true
        }
      ],
      "confidence_scores": [
        0.9610861539840698,
        0.9834485054016113,
        0.25915640592575073,
        0.9767448306083679,
        0.013930496759712696,
        0.9961916208267212,
        0.8609004616737366,
        0.9963197708129883,
        0.5042631030082703,
        0.9969128370285034,
        0.7992637753486633,
        0.9911020994186401,
        0.9418965578079224,
        0.9953547716140747,
        0.9620915651321411,
        0.9636910557746887,
        0.8806317448616028
      ],
      "average_confidence": 0.828410926822792
    }
  ]
}