{
  "timestamp": "2025-11-03T15:14:24.133731",
  "image_shape": {
    "height": 480,
    "width": 640,
    "channels": 3
  },
  "num_persons_detected": 1,
  "persons": [
    {
      "person_id": 0,
      "keypoints": [
        {
          "name": "nose",
          "x": 222.7845458984375,
          "y": 100.04730224609375,
          "confidence": 0.9631632566452026,
          "visible": true
        },
        {
          "name": "left_eye",
          "x": 225.6648406982422,
          "y": 88.10797119140625,
          "confidence": 0.986973226070404,
          "visible": true
        },
        {
          "name": "right_eye",
          "x": 225.47259521484375,
          "y": 91.9554443359375,
          "confidence": 0.21222195029258728,
          "visible": false
        },
        {
          "name": "left_ear",
          "x": 257.23046875,
          "y": 82.74404907226562,
          "confidence": 0.9878522157669067,
          "visible": true
        },
        {
          "name": "right_ear",
          "x": 255.1775360107422,
          "y": 88.2159423828125,
          "confidence": 0.010560783557593822,
          "visible": false
        },
        {
          "name": "left_shoulder",
          "x": 305.8913269042969,
          "y": 128.18814086914062,
          "confidence": 0.9976243376731873,
          "visible": true
        },
        {
          "name": "right_shoulder",
          "x": 296.3617248535156,
          "y": 134.19058227539062,
          "confidence": 0.8975604176521301,
          "visible": true
        },
        {
          "name": "left_elbow",
          "x": 296.7664794921875,
          "y": 209.6026153564453,
          "confidence": 0.9969459176063538,
          "visible": true
        },
        {
          "name": "right_elbow",
          "x": 288.87738037109375,
          "y": 213.52447509765625,
          "confidence": 0.5300178527832031,
          "visible": true
        },
        {
          "name": "left_wrist",
          "x": 209.05154418945312,
          "y": 249.65597534179688,
          "confidence": 0.9964982271194458,
          "visible": true
        },
        {
          "name": "right_wrist",
          "x": 230.53726196289062,
          "y": 247.79039001464844,
          "confidence": 0.7793839573860168,
          "visible": true
        },
        {
          "name": "left_hip",
          "x": 326.3071594238281,
          "y": 274.6086730957031,
          "confidence": 0.9942086935043335,
          "visible": true
        },
        {
          "name": "right_hip",
          "x": 321.3476867675781,
          "y": 266.0939636230469,
          "confidence": 0.9619260430335999,
          "visible": true
        },
        {
          "name": "left_knee",
          "x": 202.34368896484375,
          "y": 278.9734802246094,
          "confidence": 0.9957608580589294,
          "visible": true
        },
        {
          "name": "right_knee",
          "x": 200.91314697265625,
          "y": 270.73162841796875,
          "confidence": 0.9676342606544495,
          "visible": true
        },
        {
          "name": "left_ankle",
          "x": 188.91888427734375,
          "y": 415.45751953125,
          "confidence": 0.9637373685836792,
          "visible": true
        },
        {
          "name": "right_ankle",
          "x": 193.5146942138672,
          "y": 400.2269287109375,
          "confidence": 0.8893802762031555,
          "visible": true
        }
      ],
      "confidence_scores": [
        0.9631632566452026,
        0.986973226070404,
        0.21222195029258728,
        0.9878522157669067,
        0.010560783557593822,
        0.9976243376731873,
        0.8975604176521301,
        0.9969459176063538,
        0.5300178527832031,
        0.9964982271194458,
        0.7793839573860168,
        0.9942086935043335,
        0.9619260430335999,
        0.9957608580589294,
        0.9676342606544495,
        0.9637373685836792,
        0.8893802762031555
      ],
      "average_confidence": 0.831261743681834
    }
  ]
}