{
  "timestamp": "2025-11-03T15:14:25.854425",
  "image_shape": {
    "height": 480,
    "width": 640,
    "channels": 3
  },
  "num_persons_detected": 1,
  "persons": [
    {
      "person_id": 0,
      "keypoints": [
        {
          "name": "nose",
          "x": 214.65757751464844,
          "y": 101.29104614257812,
          "confidence": 0.9745069146156311,
          "visible": true
        },
        {
          "name": "left_eye",
          "x": 221.941650390625,
          "y": 90.80340576171875,
          "confidence": 0.9914279580116272,
          "visible": true
        },
        {
          "name": "right_eye",
          "x": 217.8477783203125,
          "y": 93.53500366210938,
          "confidence": 0.3292352855205536,
          "visible": false
        },
        {
          "name": "left_ear",
          "x": 254.38893127441406,
          "y": 96.6380615234375,
          "confidence": 0.9883835911750793,
          "visible": true
        },
        {
          "name": "right_ear",
          "x": 243.2294921875,
          "y": 98.18778991699219,
          "confidence": 0.011018053628504276,
          "visible": false
        },
        {
          "name": "left_shoulder",
          "x": 299.58685302734375,
          "y": 144.75186157226562,
          "confidence": 0.9973816275596619,
          "visible": true
        },
        {
          "name": "right_shoulder",
          "x": 277.5823974609375,
          "y": 148.78277587890625,
          "confidence": 0.8675154447555542,
          "visible": true
        },
        {
          "name": "left_elbow",
          "x": 302.0400390625,
          "y": 225.88890075683594,
          "confidence": 0.9959623217582703,
          "visible": true
        },
        {
          "name": "right_elbow",
          "x": 272.7565612792969,
          "y": 228.93075561523438,
          "confidence": 0.43783706426620483,
          "visible": false
        },
        {
          "name": "left_wrist",
          "x": 206.75408935546875,
          "y": 249.53152465820312,
          "confidence": 0.9953957200050354,
          "visible": true
        },
        {
          "name": "right_wrist",
          "x": 222.15301513671875,
          "y": 251.786376953125,
          "confidence": 0.7176539897918701,
          "visible": true
        },
        {
          "name": "left_hip",
          "x": 321.4512634277344,
          "y": 275.1405334472656,
          "confidence": 0.9920893907546997,
          "visible": true
        },
        {
          "name": "right_hip",
          "x": 309.140869140625,
          "y": 265.4877624511719,
          "confidence": 0.9458523988723755,
          "visible": true
        },
        {
          "name": "left_knee",
          "x": 202.28549194335938,
          "y": 280.0184326171875,
          "confidence": 0.9949856996536255,
          "visible": true
        },
        {
          "name": "right_knee",
          "x": 197.3638458251953,
          "y": 265.8931884765625,
          "confidence": 0.960594892501831,
          "visible": true
        },
        {
          "name": "left_ankle",
          "x": 188.72509765625,
          "y": 421.97418212890625,
          "confidence": 0.963778555393219,
          "visible": true
        },
        {
          "name": "right_ankle",
          "x": 195.00099182128906,
          "y": 394.6613464355469,
          "confidence": 0.8873180150985718,
          "visible": true
        }
      ],
      "confidence_scores": [
        0.9745069146156311,
        0.9914279580116272,
        0.3292352855205536,
        0.9883835911750793,
        0.011018053628504276,
        0.9973816275596619,
        0.8675154447555542,
        0.9959623217582703,
        0.43783706426620483,
        0.9953957200050354,
        0.7176539897918701,
        0.9920893907546997,
        0.9458523988723755,
        0.9949856996536255,
        0.960594892501831,
        0.963778555393219,
        0.8873180150985718
      ],
      "average_confidence": 0.8265257013742539
    }
  ]
}