{
  "timestamp": "2025-11-03T15:14:30.046863",
  "image_shape": {
    "height": 480,
    "width": 640,
    "channels": 3
  },
  "num_persons_detected": 1,
  "persons": [
    {
      "person_id": 0,
      "keypoints": [
        {
          "name": "nose",
          "x": 206.184326171875,
          "y": 120.33453369140625,
          "confidence": 0.9741417169570923,
          "visible": true
        },
        {
          "name": "left_eye",
          "x": 213.06661987304688,
          "y": 108.20449829101562,
          "confidence": 0.9919382929801941,
          "visible": true
        },
        {
          "name": "right_eye",
          "x": 207.05906677246094,
          "y": 110.55255126953125,
          "confidence": 0.38696104288101196,
          "visible": false
        },
        {
          "name": "left_ear",
          "x": 245.76931762695312,
          "y": 110.91586303710938,
          "confidence": 0.9866254329681396,
          "visible": true
        },
        {
          "name": "right_ear",
          "x": 232.10081481933594,
          "y": 111.677001953125,
          "confidence": 0.010414867661893368,
          "visible": false
        },
        {
          "name": "left_shoulder",
          "x": 292.1977844238281,
          "y": 164.4012451171875,
          "confidence": 0.992893397808075,
          "visible": true
        },
        {
          "name": "right_shoulder",
          "x": 284.5710144042969,
          "y": 150.68841552734375,
          "confidence": 0.7850951552391052,
          "visible": true
        },
        {
          "name": "left_elbow",
          "x": 300.6628723144531,
          "y": 269.5344543457031,
          "confidence": 0.9779470562934875,
          "visible": true
        },
        {
          "name": "right_elbow",
          "x": 291.00006103515625,
          "y": 234.404296875,
          "confidence": 0.2902300953865051,
          "visible": false
        },
        {
          "name": "left_wrist",
          "x": 232.50025939941406,
          "y": 254.60891723632812,
          "confidence": 0.9725911021232605,
          "visible": true
        },
        {
          "name": "right_wrist",
          "x": 258.46307373046875,
          "y": 245.5262908935547,
          "confidence": 0.482454389333725,
          "visible": false
        },
        {
          "name": "left_hip",
          "x": 323.41943359375,
          "y": 294.33026123046875,
          "confidence": 0.9597586393356323,
          "visible": true
        },
        {
          "name": "right_hip",
          "x": 319.74456787109375,
          "y": 277.5249938964844,
          "confidence": 0.8383007049560547,
          "visible": true
        },
        {
          "name": "left_knee",
          "x": 197.82415771484375,
          "y": 277.1180419921875,
          "confidence": 0.9862051606178284,
          "visible": true
        },
        {
          "name": "right_knee",
          "x": 201.76068115234375,
          "y": 251.88485717773438,
          "confidence": 0.9341661930084229,
          "visible": true
        },
        {
          "name": "left_ankle",
          "x": 199.23678588867188,
          "y": 412.2875671386719,
          "confidence": 0.9551493525505066,
          "visible": true
        },
        {
          "name": "right_ankle",
          "x": 202.4798583984375,
          "y": 388.1756591796875,
          "confidence": 0.8966242671012878,
          "visible": true
        }
      ],
      "confidence_scores": [
        0.9741417169570923,
        0.9919382929801941,
        0.38696104288101196,
        0.9866254329681396,
        0.010414867661893368,
        0.992893397808075,
        0.7850951552391052,
        0.9779470562934875,
        0.2902300953865051,
        0.9725911021232605,
        0.482454389333725,
        0.9597586393356323,
        0.8383007049560547,
        0.9862051606178284,
        0.9341661930084229,
        0.9551493525505066,
        0.8966242671012878
      ],
      "average_confidence": 0.7894998157177778
    }
  ]
}