{
  "timestamp": "2025-11-03T15:13:59.369753",
  "image_shape": {
    "height": 480,
    "width": 640,
    "channels": 3
  },
  "num_persons_detected": 1,
  "persons": [
    {
      "person_id": 0,
      "keypoints": [
        {
          "name": "nose",
          "x": 316.3609924316406,
          "y": 61.122283935546875,
          "confidence": 0.9704262614250183,
          "visible": true
        },
        {
          "name": "left_eye",
          "x": 323.2511901855469,
          "y": 47.43882751464844,
          "confidence": 0.9834778904914856,
          "visible": true
        },
        {
          "name": "right_eye",
          "x": 314.61614990234375,
          "y": 48.04411315917969,
          "confidence": 0.27281737327575684,
          "visible": false
        },
        {
          "name": "left_ear",
          "x": 351.0928649902344,
          "y": 51.04779052734375,
          "confidence": 0.9710900783538818,
          "visible": true
        },
        {
          "name": "right_ear",
          "x": 330.54803466796875,
          "y": 50.740692138671875,
          "confidence": 0.013792958110570908,
          "visible": false
        },
        {
          "name": "left_shoulder",
          "x": 379.7915954589844,
          "y": 124.78680419921875,
          "confidence": 0.9988333582878113,
          "visible": true
        },
        {
          "name": "right_shoulder",
          "x": 359.59429931640625,
          "y": 116.642333984375,
          "confidence": 0.9387306571006775,
          "visible": true
        },
        {
          "name": "left_elbow",
          "x": 359.9400939941406,
          "y": 214.40182495117188,
          "confidence": 0.9982044696807861,
          "visible": true
        },
        {
          "name": "right_elbow",
          "x": 334.227783203125,
          "y": 207.35009765625,
          "confidence": 0.7276294827461243,
          "visible": true
        },
        {
          "name": "left_wrist",
          "x": 300.91302490234375,
          "y": 202.54934692382812,
          "confidence": 0.9977928400039673,
          "visible": true
        },
        {
          "name": "right_wrist",
          "x": 296.6430969238281,
          "y": 209.50698852539062,
          "confidence": 0.877764105796814,
          "visible": true
        },
        {
          "name": "left_hip",
          "x": 343.25390625,
          "y": 269.7123107910156,
          "confidence": 0.9984723925590515,
          "visible": true
        },
        {
          "name": "right_hip",
          "x": 331.24169921875,
          "y": 254.14431762695312,
          "confidence": 0.989397406578064,
          "visible": true
        },
        {
          "name": "left_knee",
          "x": 211.97703552246094,
          "y": 289.87091064453125,
          "confidence": 0.9987504482269287,
          "visible": true
        },
        {
          "name": "right_knee",
          "x": 212.28199768066406,
          "y": 276.109375,
          "confidence": 0.9904594421386719,
          "visible": true
        },
        {
          "name": "left_ankle",
          "x": 131.1907958984375,
          "y": 401.29437255859375,
          "confidence": 0.9862173795700073,
          "visible": true
        },
        {
          "name": "right_ankle",
          "x": 134.29751586914062,
          "y": 390.2282409667969,
          "confidence": 0.9534862637519836,
          "visible": true
        }
      ],
      "confidence_scores": [
        0.9704262614250183,
        0.9834778904914856,
        0.27281737327575684,
        0.9710900783538818,
        0.013792958110570908,
        0.9988333582878113,
        0.9387306571006775,
        0.9982044696807861,
        0.7276294827461243,
        0.9977928400039673,
        0.877764105796814,
        0.9984723925590515,
        0.989397406578064,
        0.9987504482269287,
        0.9904594421386719,
        0.9862173795700073,
        0.9534862637519836
      ],
      "average_confidence": 0.8627848710645648
    }
  ]
}