{
  "timestamp": "2025-11-03T15:17:44.237744",
  "image_shape": {
    "height": 480,
    "width": 640,
    "channels": 3
  },
  "num_persons_detected": 1,
  "persons": [
    {
      "person_id": 0,
      "keypoints": [
        {
          "name": "nose",
          "x": 313.0604553222656,
          "y": 88.93930053710938,
          "confidence": 0.2510722577571869,
          "visible": false
        },
        {
          "name": "left_eye",
          "x": 309.43328857421875,
          "y": 78.28028869628906,
          "confidence": 0.3419831097126007,
          "visible": false
        },
        {
          "name": "right_eye",
          "x": 319.6451721191406,
          "y": 77.57389831542969,
          "confidence": 0.007222742307931185,
          "visible": false
        },
        {
          "name": "left_ear",
          "x": 306.4754638671875,
          "y": 83.31053161621094,
          "confidence": 0.9572432637214661,
          "visible": true
        },
        {
          "name": "right_ear",
          "x": 351.1258239746094,
          "y": 80.73240661621094,
          "confidence": 0.11247735470533371,
          "visible": false
        },
        {
          "name": "left_shoulder",
          "x": 308.9905700683594,
          "y": 143.14625549316406,
          "confidence": 0.9988318085670471,
          "visible": true
        },
        {
          "name": "right_shoulder",
          "x": 384.8009948730469,
          "y": 131.45550537109375,
          "confidence": 0.9476921558380127,
          "visible": true
        },
        {
          "name": "left_elbow",
          "x": 289.0011291503906,
          "y": 238.63665771484375,
          "confidence": 0.9976477026939392,
          "visible": true
        },
        {
          "name": "right_elbow",
          "x": 367.6502685546875,
          "y": 222.22842407226562,
          "confidence": 0.563211977481842,
          "visible": true
        },
        {
          "name": "left_wrist",
          "x": 236.37838745117188,
          "y": 240.96798706054688,
          "confidence": 0.9913681149482727,
          "visible": true
        },
        {
          "name": "right_wrist",
          "x": 271.8846740722656,
          "y": 225.8651580810547,
          "confidence": 0.6000255346298218,
          "visible": true
        },
        {
          "name": "left_hip",
          "x": 312.1082458496094,
          "y": 283.84600830078125,
          "confidence": 0.996307373046875,
          "visible": true
        },
        {
          "name": "right_hip",
          "x": 362.95751953125,
          "y": 270.30218505859375,
          "confidence": 0.9734959602355957,
          "visible": true
        },
        {
          "name": "left_knee",
          "x": 201.44158935546875,
          "y": 272.40216064453125,
          "confidence": 0.996512234210968,
          "visible": true
        },
        {
          "name": "right_knee",
          "x": 232.33084106445312,
          "y": 257.3292541503906,
          "confidence": 0.9686384201049805,
          "visible": true
        },
        {
          "name": "left_ankle",
          "x": 202.9464569091797,
          "y": 412.3135070800781,
          "confidence": 0.9673247337341309,
          "visible": true
        },
        {
          "name": "right_ankle",
          "x": 209.4947967529297,
          "y": 391.54241943359375,
          "confidence": 0.8751904964447021,
          "visible": true
        }
      ],
      "confidence_scores": [
        0.2510722577571869,
        0.3419831097126007,
        0.007222742307931185,
        0.9572432637214661,
        0.11247735470533371,
        0.9988318085670471,
        0.9476921558380127,
        0.9976477026939392,
        0.563211977481842,
        0.9913681149482727,
        0.6000255346298218,
        0.996307373046875,
        0.9734959602355957,
        0.996512234210968,
        0.9686384201049805,
        0.9673247337341309,
        0.8751904964447021
      ],
      "average_confidence": 0.7380144258906298
    }
  ]
}