{
  "timestamp": "2025-11-03T15:15:55.468843",
  "image_shape": {
    "height": 480,
    "width": 640,
    "channels": 3
  },
  "num_persons_detected": 1,
  "persons": [
    {
      "person_id": 0,
      "keypoints": [
        {
          "name": "nose",
          "x": 173.0079345703125,
          "y": 191.07571411132812,
          "confidence": 0.50615394115448,
          "visible": true
        },
        {
          "name": "left_eye",
          "x": 168.4745330810547,
          "y": 183.18740844726562,
          "confidence": 0.7003572583198547,
          "visible": true
        },
        {
          "name": "right_eye",
          "x": 176.483154296875,
          "y": 182.674560546875,
          "confidence": 0.015785962343215942,
          "visible": false
        },
        {
          "name": "left_ear",
          "x": 184.89645385742188,
          "y": 164.77536010742188,
          "confidence": 0.9111751317977905,
          "visible": true
        },
        {
          "name": "right_ear",
          "x": 207.16380310058594,
          "y": 163.73617553710938,
          "confidence": 0.009938783012330532,
          "visible": false
        },
        {
          "name": "left_shoulder",
          "x": 218.4718017578125,
          "y": 164.3944091796875,
          "confidence": 0.9847997426986694,
          "visible": true
        },
        {
          "name": "right_shoulder",
          "x": 260.31378173828125,
          "y": 168.55621337890625,
          "confidence": 0.8833248019218445,
          "visible": true
        },
        {
          "name": "left_elbow",
          "x": 161.8696746826172,
          "y": 194.39892578125,
          "confidence": 0.9913182258605957,
          "visible": true
        },
        {
          "name": "right_elbow",
          "x": 245.81195068359375,
          "y": 224.37283325195312,
          "confidence": 0.752228319644928,
          "visible": true
        },
        {
          "name": "left_wrist",
          "x": 149.38113403320312,
          "y": 192.52349853515625,
          "confidence": 0.9845936298370361,
          "visible": true
        },
        {
          "name": "right_wrist",
          "x": 207.0908660888672,
          "y": 249.9729766845703,
          "confidence": 0.8312063217163086,
          "visible": true
        },
        {
          "name": "left_hip",
          "x": 324.50115966796875,
          "y": 252.5399169921875,
          "confidence": 0.9953783750534058,
          "visible": true
        },
        {
          "name": "right_hip",
          "x": 349.63519287109375,
          "y": 251.42758178710938,
          "confidence": 0.9876447319984436,
          "visible": true
        },
        {
          "name": "left_knee",
          "x": 202.59471130371094,
          "y": 275.54559326171875,
          "confidence": 0.9973613619804382,
          "visible": true
        },
        {
          "name": "right_knee",
          "x": 221.0879669189453,
          "y": 273.66925048828125,
          "confidence": 0.9910865426063538,
          "visible": true
        },
        {
          "name": "left_ankle",
          "x": 225.4588623046875,
          "y": 408.6815185546875,
          "confidence": 0.9810214042663574,
          "visible": true
        },
        {
          "name": "right_ankle",
          "x": 238.71221923828125,
          "y": 405.58807373046875,
          "confidence": 0.965912938117981,
          "visible": true
        }
      ],
      "confidence_scores": [
        0.50615394115448,
        0.7003572583198547,
        0.015785962343215942,
        0.9111751317977905,
        0.009938783012330532,
        0.9847997426986694,
        0.8833248019218445,
        0.9913182258605957,
        0.752228319644928,
        0.9845936298370361,
        0.8312063217163086,
        0.9953783750534058,
        0.9876447319984436,
        0.9973613619804382,
        0.9910865426063538,
        0.9810214042663574,
        0.965912938117981
      ],
      "average_confidence": 0.7934874983723549
    }
  ]
}