{
  "timestamp": "2025-11-03T15:17:42.110738",
  "image_shape": {
    "height": 480,
    "width": 640,
    "channels": 3
  },
  "num_persons_detected": 1,
  "persons": [
    {
      "person_id": 0,
      "keypoints": [
        {
          "name": "nose",
          "x": 261.91357421875,
          "y": 93.21176147460938,
          "confidence": 0.964039146900177,
          "visible": true
        },
        {
          "name": "left_eye",
          "x": 266.0224914550781,
          "y": 79.41415405273438,
          "confidence": 0.9851943850517273,
          "visible": true
        },
        {
          "name": "right_eye",
          "x": 262.2835388183594,
          "y": 83.0079345703125,
          "confidence": 0.2625112533569336,
          "visible": false
        },
        {
          "name": "left_ear",
          "x": 295.1054992675781,
          "y": 75.15730285644531,
          "confidence": 0.9799438118934631,
          "visible": true
        },
        {
          "name": "right_ear",
          "x": 287.84136962890625,
          "y": 79.8272705078125,
          "confidence": 0.014571085572242737,
          "visible": false
        },
        {
          "name": "left_shoulder",
          "x": 330.61407470703125,
          "y": 132.51995849609375,
          "confidence": 0.9949310421943665,
          "visible": true
        },
        {
          "name": "right_shoulder",
          "x": 335.669677734375,
          "y": 127.1492919921875,
          "confidence": 0.8828812837600708,
          "visible": true
        },
        {
          "name": "left_elbow",
          "x": 317.8695373535156,
          "y": 225.80029296875,
          "confidence": 0.994081437587738,
          "visible": true
        },
        {
          "name": "right_elbow",
          "x": 331.67254638671875,
          "y": 207.88912963867188,
          "confidence": 0.5434216856956482,
          "visible": true
        },
        {
          "name": "left_wrist",
          "x": 237.3189239501953,
          "y": 245.15757751464844,
          "confidence": 0.9954761862754822,
          "visible": true
        },
        {
          "name": "right_wrist",
          "x": 262.35723876953125,
          "y": 238.16885375976562,
          "confidence": 0.8108143210411072,
          "visible": true
        },
        {
          "name": "left_hip",
          "x": 336.73358154296875,
          "y": 274.7135925292969,
          "confidence": 0.9863660335540771,
          "visible": true
        },
        {
          "name": "right_hip",
          "x": 341.4518737792969,
          "y": 261.0135803222656,
          "confidence": 0.9328600764274597,
          "visible": true
        },
        {
          "name": "left_knee",
          "x": 208.2584228515625,
          "y": 277.1625671386719,
          "confidence": 0.9933660626411438,
          "visible": true
        },
        {
          "name": "right_knee",
          "x": 214.40341186523438,
          "y": 262.411865234375,
          "confidence": 0.9587960243225098,
          "visible": true
        },
        {
          "name": "left_ankle",
          "x": 196.863037109375,
          "y": 414.147705078125,
          "confidence": 0.9524835348129272,
          "visible": true
        },
        {
          "name": "right_ankle",
          "x": 199.83580017089844,
          "y": 400.9834289550781,
          "confidence": 0.87238609790802,
          "visible": true
        }
      ],
      "confidence_scores": [
        0.964039146900177,
        0.9851943850517273,
        0.2625112533569336,
        0.9799438118934631,
        0.014571085572242737,
        0.9949310421943665,
        0.8828812837600708,
        0.994081437587738,
        0.5434216856956482,
        0.9954761862754822,
        0.8108143210411072,
        0.9863660335540771,
        0.9328600764274597,
        0.9933660626411438,
        0.9587960243225098,
        0.9524835348129272,
        0.87238609790802
      ],
      "average_confidence": 0.8308307922938291
    }
  ]
}