{
  "timestamp": "2025-11-03T15:15:09.041334",
  "image_shape": {
    "height": 480,
    "width": 640,
    "channels": 3
  },
  "num_persons_detected": 1,
  "persons": [
    {
      "person_id": 0,
      "keypoints": [
        {
          "name": "nose",
          "x": 160.9829559326172,
          "y": 225.8566131591797,
          "confidence": 0.8719787001609802,
          "visible": true
        },
        {
          "name": "left_eye",
          "x": 156.9436492919922,
          "y": 215.30953979492188,
          "confidence": 0.966296911239624,
          "visible": true
        },
        {
          "name": "right_eye",
          "x": 159.25863647460938,
          "y": 213.594970703125,
          "confidence": 0.0687904953956604,
          "visible": false
        },
        {
          "name": "left_ear",
          "x": 173.56903076171875,
          "y": 191.38485717773438,
          "confidence": 0.9695930480957031,
          "visible": true
        },
        {
          "name": "right_ear",
          "x": 174.03805541992188,
          "y": 188.97454833984375,
          "confidence": 0.0049354699440300465,
          "visible": false
        },
        {
          "name": "left_shoulder",
          "x": 221.09451293945312,
          "y": 206.12936401367188,
          "confidence": 0.9943618774414062,
          "visible": true
        },
        {
          "name": "right_shoulder",
          "x": 234.17074584960938,
          "y": 189.04891967773438,
          "confidence": 0.638674259185791,
          "visible": true
        },
        {
          "name": "left_elbow",
          "x": 214.06617736816406,
          "y": 313.4017333984375,
          "confidence": 0.9952191710472107,
          "visible": true
        },
        {
          "name": "right_elbow",
          "x": 235.13450622558594,
          "y": 271.61834716796875,
          "confidence": 0.27177947759628296,
          "visible": false
        },
        {
          "name": "left_wrist",
          "x": 205.8449249267578,
          "y": 401.45819091796875,
          "confidence": 0.9891207218170166,
          "visible": true
        },
        {
          "name": "right_wrist",
          "x": 228.32119750976562,
          "y": 361.7273864746094,
          "confidence": 0.4891679883003235,
          "visible": false
        },
        {
          "name": "left_hip",
          "x": 341.4859924316406,
          "y": 284.0225524902344,
          "confidence": 0.9765104055404663,
          "visible": true
        },
        {
          "name": "right_hip",
          "x": 349.9657287597656,
          "y": 275.18804931640625,
          "confidence": 0.8323143124580383,
          "visible": true
        },
        {
          "name": "left_knee",
          "x": 205.78927612304688,
          "y": 290.23321533203125,
          "confidence": 0.9852893948554993,
          "visible": true
        },
        {
          "name": "right_knee",
          "x": 212.53851318359375,
          "y": 277.11529541015625,
          "confidence": 0.8641151785850525,
          "visible": true
        },
        {
          "name": "left_ankle",
          "x": 254.1449737548828,
          "y": 409.8360595703125,
          "confidence": 0.9269612431526184,
          "visible": true
        },
        {
          "name": "right_ankle",
          "x": 254.71917724609375,
          "y": 398.8826599121094,
          "confidence": 0.760117769241333,
          "visible": true
        }
      ],
      "confidence_scores": [
        0.8719787001609802,
        0.966296911239624,
        0.0687904953956604,
        0.9695930480957031,
        0.0049354699440300465,
        0.9943618774414062,
        0.638674259185791,
        0.9952191710472107,
        0.27177947759628296,
        0.9891207218170166,
        0.4891679883003235,
        0.9765104055404663,
        0.8323143124580383,
        0.9852893948554993,
        0.8641151785850525,
        0.9269612431526184,
        0.760117769241333
      ],
      "average_confidence": 0.7414839072974727
    }
  ]
}