{
  "timestamp": "2025-11-03T15:14:21.417617",
  "image_shape": {
    "height": 480,
    "width": 640,
    "channels": 3
  },
  "num_persons_detected": 1,
  "persons": [
    {
      "person_id": 0,
      "keypoints": [
        {
          "name": "nose",
          "x": 252.47235107421875,
          "y": 77.08973693847656,
          "confidence": 0.96487957239151,
          "visible": true
        },
        {
          "name": "left_eye",
          "x": 257.77044677734375,
          "y": 64.80162048339844,
          "confidence": 0.9858923554420471,
          "visible": true
        },
        {
          "name": "right_eye",
          "x": 254.6318359375,
          "y": 67.50027465820312,
          "confidence": 0.26073843240737915,
          "visible": false
        },
        {
          "name": "left_ear",
          "x": 286.9700622558594,
          "y": 65.2008056640625,
          "confidence": 0.9825349450111389,
          "visible": true
        },
        {
          "name": "right_ear",
          "x": 279.6721496582031,
          "y": 67.86099243164062,
          "confidence": 0.015632418915629387,
          "visible": false
        },
        {
          "name": "left_shoulder",
          "x": 319.04107666015625,
          "y": 123.30989074707031,
          "confidence": 0.9972182512283325,
          "visible": true
        },
        {
          "name": "right_shoulder",
          "x": 311.669677734375,
          "y": 124.35760498046875,
          "confidence": 0.9016382694244385,
          "visible": true
        },
        {
          "name": "left_elbow",
          "x": 296.0987548828125,
          "y": 209.9185028076172,
          "confidence": 0.9967355132102966,
          "visible": true
        },
        {
          "name": "right_elbow",
          "x": 295.6307373046875,
          "y": 208.6929473876953,
          "confidence": 0.5415264964103699,
          "visible": true
        },
        {
          "name": "left_wrist",
          "x": 210.46392822265625,
          "y": 246.1217803955078,
          "confidence": 0.9966206550598145,
          "visible": true
        },
        {
          "name": "right_wrist",
          "x": 231.2238311767578,
          "y": 244.04908752441406,
          "confidence": 0.799538254737854,
          "visible": true
        },
        {
          "name": "left_hip",
          "x": 322.2767028808594,
          "y": 272.9433288574219,
          "confidence": 0.9940351843833923,
          "visible": true
        },
        {
          "name": "right_hip",
          "x": 318.6997985839844,
          "y": 262.77142333984375,
          "confidence": 0.9616472721099854,
          "visible": true
        },
        {
          "name": "left_knee",
          "x": 200.95553588867188,
          "y": 279.0738525390625,
          "confidence": 0.9961841702461243,
          "visible": true
        },
        {
          "name": "right_knee",
          "x": 201.6950225830078,
          "y": 269.357666015625,
          "confidence": 0.9700994491577148,
          "visible": true
        },
        {
          "name": "left_ankle",
          "x": 186.8583984375,
          "y": 413.471923828125,
          "confidence": 0.9678845405578613,
          "visible": true
        },
        {
          "name": "right_ankle",
          "x": 193.2105255126953,
          "y": 398.28619384765625,
          "confidence": 0.8972388505935669,
          "visible": true
        }
      ],
      "confidence_scores": [
        0.96487957239151,
        0.9858923554420471,
        0.26073843240737915,
        0.9825349450111389,
        0.015632418915629387,
        0.9972182512283325,
        0.9016382694244385,
        0.9967355132102966,
        0.5415264964103699,
        0.9966206550598145,
        0.799538254737854,
        0.9940351843833923,
        0.9616472721099854,
        0.9961841702461243,
        0.9700994491577148,
        0.9678845405578613,
        0.8972388505935669
      ],
      "average_confidence": 0.837061448899262
    }
  ]
}