{
  "timestamp": "2025-11-03T15:16:20.239968",
  "image_shape": {
    "height": 480,
    "width": 640,
    "channels": 3
  },
  "num_persons_detected": 1,
  "persons": [
    {
      "person_id": 0,
      "keypoints": [
        {
          "name": "nose",
          "x": 294.4139404296875,
          "y": 77.27847290039062,
          "confidence": 0.969370424747467,
          "visible": true
        },
        {
          "name": "left_eye",
          "x": 304.1041259765625,
          "y": 66.34776306152344,
          "confidence": 0.9818026423454285,
          "visible": true
        },
        {
          "name": "right_eye",
          "x": 298.83111572265625,
          "y": 68.15559387207031,
          "confidence": 0.3196408748626709,
          "visible": false
        },
        {
          "name": "left_ear",
          "x": 334.3657531738281,
          "y": 76.81016540527344,
          "confidence": 0.9724483489990234,
          "visible": true
        },
        {
          "name": "right_ear",
          "x": 321.47979736328125,
          "y": 76.09495544433594,
          "confidence": 0.021361080929636955,
          "visible": false
        },
        {
          "name": "left_shoulder",
          "x": 341.43048095703125,
          "y": 147.98130798339844,
          "confidence": 0.9973562955856323,
          "visible": true
        },
        {
          "name": "right_shoulder",
          "x": 334.4676513671875,
          "y": 134.57794189453125,
          "confidence": 0.9513540267944336,
          "visible": true
        },
        {
          "name": "left_elbow",
          "x": 287.610595703125,
          "y": 232.97900390625,
          "confidence": 0.9971049427986145,
          "visible": true
        },
        {
          "name": "right_elbow",
          "x": 292.3239440917969,
          "y": 206.38619995117188,
          "confidence": 0.7365205883979797,
          "visible": true
        },
        {
          "name": "left_wrist",
          "x": 205.27114868164062,
          "y": 202.8128662109375,
          "confidence": 0.9975046515464783,
          "visible": true
        },
        {
          "name": "right_wrist",
          "x": 216.78807067871094,
          "y": 205.2635498046875,
          "confidence": 0.885636031627655,
          "visible": true
        },
        {
          "name": "left_hip",
          "x": 302.2059326171875,
          "y": 285.7633056640625,
          "confidence": 0.9967495203018188,
          "visible": true
        },
        {
          "name": "right_hip",
          "x": 298.0378723144531,
          "y": 267.70391845703125,
          "confidence": 0.9836199283599854,
          "visible": true
        },
        {
          "name": "left_knee",
          "x": 158.20675659179688,
          "y": 274.62786865234375,
          "confidence": 0.9985185265541077,
          "visible": true
        },
        {
          "name": "right_knee",
          "x": 162.50990295410156,
          "y": 256.9468078613281,
          "confidence": 0.9895819425582886,
          "visible": true
        },
        {
          "name": "left_ankle",
          "x": 173.55853271484375,
          "y": 389.0941467285156,
          "confidence": 0.9884192943572998,
          "visible": true
        },
        {
          "name": "right_ankle",
          "x": 180.88720703125,
          "y": 377.2568054199219,
          "confidence": 0.9627412557601929,
          "visible": true
        }
      ],
      "confidence_scores": [
        0.969370424747467,
        0.9818026423454285,
        0.3196408748626709,
        0.9724483489990234,
        0.021361080929636955,
        0.9973562955856323,
        0.9513540267944336,
        0.9971049427986145,
        0.7365205883979797,
        0.9975046515464783,
        0.885636031627655,
        0.9967495203018188,
        0.9836199283599854,
        0.9985185265541077,
        0.9895819425582886,
        0.9884192943572998,
        0.9627412557601929
      ],
      "average_confidence": 0.8676311986192184
    }
  ]
}