{
  "timestamp": "2025-11-03T15:14:48.884895",
  "image_shape": {
    "height": 480,
    "width": 640,
    "channels": 3
  },
  "num_persons_detected": 1,
  "persons": [
    {
      "person_id": 0,
      "keypoints": [
        {
          "name": "nose",
          "x": 217.46920776367188,
          "y": 135.10325622558594,
          "confidence": 0.966666042804718,
          "visible": true
        },
        {
          "name": "left_eye",
          "x": 218.380859375,
          "y": 124.4296875,
          "confidence": 0.9865632057189941,
          "visible": true
        },
        {
          "name": "right_eye",
          "x": 220.07962036132812,
          "y": 125.07208251953125,
          "confidence": 0.20457004010677338,
          "visible": false
        },
        {
          "name": "left_ear",
          "x": 246.81265258789062,
          "y": 115.09814453125,
          "confidence": 0.9843083024024963,
          "visible": true
        },
        {
          "name": "right_ear",
          "x": 251.56407165527344,
          "y": 114.7208251953125,
          "confidence": 0.009541334584355354,
          "visible": false
        },
        {
          "name": "left_shoulder",
          "x": 288.087646484375,
          "y": 154.0106964111328,
          "confidence": 0.9971291422843933,
          "visible": true
        },
        {
          "name": "right_shoulder",
          "x": 300.76177978515625,
          "y": 144.22970581054688,
          "confidence": 0.9381012320518494,
          "visible": true
        },
        {
          "name": "left_elbow",
          "x": 265.4787292480469,
          "y": 240.99032592773438,
          "confidence": 0.996982991695404,
          "visible": true
        },
        {
          "name": "right_elbow",
          "x": 274.19512939453125,
          "y": 212.09902954101562,
          "confidence": 0.7605098485946655,
          "visible": true
        },
        {
          "name": "left_wrist",
          "x": 191.99044799804688,
          "y": 227.88888549804688,
          "confidence": 0.9970800280570984,
          "visible": true
        },
        {
          "name": "right_wrist",
          "x": 202.55526733398438,
          "y": 201.2147216796875,
          "confidence": 0.9037830829620361,
          "visible": true
        },
        {
          "name": "left_hip",
          "x": 324.4300537109375,
          "y": 282.8052062988281,
          "confidence": 0.9958316683769226,
          "visible": true
        },
        {
          "name": "right_hip",
          "x": 333.9008483886719,
          "y": 269.6425476074219,
          "confidence": 0.9815130233764648,
          "visible": true
        },
        {
          "name": "left_knee",
          "x": 203.3497314453125,
          "y": 280.7575378417969,
          "confidence": 0.9979186654090881,
          "visible": true
        },
        {
          "name": "right_knee",
          "x": 211.5524139404297,
          "y": 263.653564453125,
          "confidence": 0.9890697598457336,
          "visible": true
        },
        {
          "name": "left_ankle",
          "x": 190.62159729003906,
          "y": 417.70660400390625,
          "confidence": 0.9829984307289124,
          "visible": true
        },
        {
          "name": "right_ankle",
          "x": 189.83433532714844,
          "y": 396.6109619140625,
          "confidence": 0.9599906802177429,
          "visible": true
        }
      ],
      "confidence_scores": [
        0.966666042804718,
        0.9865632057189941,
        0.20457004010677338,
        0.9843083024024963,
        0.009541334584355354,
        0.9971291422843933,
        0.9381012320518494,
        0.996982991695404,
        0.7605098485946655,
        0.9970800280570984,
        0.9037830829620361,
        0.9958316683769226,
        0.9815130233764648,
        0.9979186654090881,
        0.9890697598457336,
        0.9829984307289124,
        0.9599906802177429
      ],
      "average_confidence": 0.8619151458363322
    }
  ]
}