{
  "timestamp": "2025-11-03T15:19:02.514793",
  "image_shape": {
    "height": 480,
    "width": 640,
    "channels": 3
  },
  "num_persons_detected": 1,
  "persons": [
    {
      "person_id": 0,
      "keypoints": [
        {
          "name": "nose",
          "x": 316.933349609375,
          "y": 56.6497802734375,
          "confidence": 0.9809826016426086,
          "visible": true
        },
        {
          "name": "left_eye",
          "x": 329.17523193359375,
          "y": 42.89894104003906,
          "confidence": 0.9857622385025024,
          "visible": true
        },
        {
          "name": "right_eye",
          "x": 316.58837890625,
          "y": 46.74906921386719,
          "confidence": 0.5645841360092163,
          "visible": true
        },
        {
          "name": "left_ear",
          "x": 361.33453369140625,
          "y": 46.90074157714844,
          "confidence": 0.9703546166419983,
          "visible": true
        },
        {
          "name": "right_ear",
          "x": 329.2200012207031,
          "y": 51.4012451171875,
          "confidence": 0.040421221405267715,
          "visible": false
        },
        {
          "name": "left_shoulder",
          "x": 367.60247802734375,
          "y": 119.01849365234375,
          "confidence": 0.9932810664176941,
          "visible": true
        },
        {
          "name": "right_shoulder",
          "x": 342.9857482910156,
          "y": 110.80621337890625,
          "confidence": 0.9562386274337769,
          "visible": true
        },
        {
          "name": "left_elbow",
          "x": 350.62738037109375,
          "y": 233.1954345703125,
          "confidence": 0.9929617047309875,
          "visible": true
        },
        {
          "name": "right_elbow",
          "x": 322.8686828613281,
          "y": 204.63525390625,
          "confidence": 0.7569728493690491,
          "visible": true
        },
        {
          "name": "left_wrist",
          "x": 267.9343566894531,
          "y": 242.51109313964844,
          "confidence": 0.9954807758331299,
          "visible": true
        },
        {
          "name": "right_wrist",
          "x": 261.5080261230469,
          "y": 234.425537109375,
          "confidence": 0.8808931708335876,
          "visible": true
        },
        {
          "name": "left_hip",
          "x": 332.364501953125,
          "y": 288.35662841796875,
          "confidence": 0.9799863696098328,
          "visible": true
        },
        {
          "name": "right_hip",
          "x": 316.75531005859375,
          "y": 273.02618408203125,
          "confidence": 0.9376240968704224,
          "visible": true
        },
        {
          "name": "left_knee",
          "x": 193.22373962402344,
          "y": 292.14794921875,
          "confidence": 0.9769203662872314,
          "visible": true
        },
        {
          "name": "right_knee",
          "x": 191.79830932617188,
          "y": 275.03326416015625,
          "confidence": 0.8955454230308533,
          "visible": true
        },
        {
          "name": "left_ankle",
          "x": 295.04827880859375,
          "y": 385.37652587890625,
          "confidence": 0.8070085644721985,
          "visible": true
        },
        {
          "name": "right_ankle",
          "x": 290.28985595703125,
          "y": 375.61016845703125,
          "confidence": 0.6134974956512451,
          "visible": true
        }
      ],
      "confidence_scores": [
        0.9809826016426086,
        0.9857622385025024,
        0.5645841360092163,
        0.9703546166419983,
        0.040421221405267715,
        0.9932810664176941,
        0.9562386274337769,
        0.9929617047309875,
        0.7569728493690491,
        0.9954807758331299,
        0.8808931708335876,
        0.9799863696098328,
        0.9376240968704224,
        0.9769203662872314,
        0.8955454230308533,
        0.8070085644721985,
        0.6134974956512451
      ],
      "average_confidence": 0.8428538426318589
    }
  ]
}