{
  "timestamp": "2025-11-03T15:18:17.761013",
  "image_shape": {
    "height": 480,
    "width": 640,
    "channels": 3
  },
  "num_persons_detected": 2,
  "persons": [
    {
      "person_id": 0,
      "keypoints": [
        {
          "name": "nose",
          "x": 268.1589660644531,
          "y": 103.90963745117188,
          "confidence": 0.17349864542484283,
          "visible": false
        },
        {
          "name": "left_eye",
          "x": 265.4873046875,
          "y": 92.05339050292969,
          "confidence": 0.29559844732284546,
          "visible": false
        },
        {
          "name": "right_eye",
          "x": 273.39971923828125,
          "y": 94.69082641601562,
          "confidence": 0.0036082598380744457,
          "visible": false
        },
        {
          "name": "left_ear",
          "x": 278.3209533691406,
          "y": 89.18522644042969,
          "confidence": 0.9276771545410156,
          "visible": true
        },
        {
          "name": "right_ear",
          "x": 306.85089111328125,
          "y": 93.08671569824219,
          "confidence": 0.011113090440630913,
          "visible": false
        },
        {
          "name": "left_shoulder",
          "x": 316.7388916015625,
          "y": 141.86231994628906,
          "confidence": 0.9910383224487305,
          "visible": true
        },
        {
          "name": "right_shoulder",
          "x": 345.65496826171875,
          "y": 135.15997314453125,
          "confidence": 0.8505343794822693,
          "visible": true
        },
        {
          "name": "left_elbow",
          "x": 331.6412353515625,
          "y": 237.42410278320312,
          "confidence": 0.9927142262458801,
          "visible": true
        },
        {
          "name": "right_elbow",
          "x": 351.6813659667969,
          "y": 218.20407104492188,
          "confidence": 0.5658025741577148,
          "visible": true
        },
        {
          "name": "left_wrist",
          "x": 247.8953857421875,
          "y": 250.75637817382812,
          "confidence": 0.9897931814193726,
          "visible": true
        },
        {
          "name": "right_wrist",
          "x": 278.05224609375,
          "y": 240.02169799804688,
          "confidence": 0.6944544315338135,
          "visible": true
        },
        {
          "name": "left_hip",
          "x": 324.31097412109375,
          "y": 291.8660888671875,
          "confidence": 0.989126980304718,
          "visible": true
        },
        {
          "name": "right_hip",
          "x": 344.94775390625,
          "y": 277.2840881347656,
          "confidence": 0.9532701969146729,
          "visible": true
        },
        {
          "name": "left_knee",
          "x": 199.62867736816406,
          "y": 288.0126953125,
          "confidence": 0.9893562197685242,
          "visible": true
        },
        {
          "name": "right_knee",
          "x": 211.18565368652344,
          "y": 269.0118103027344,
          "confidence": 0.9425206184387207,
          "visible": true
        },
        {
          "name": "left_ankle",
          "x": 213.90557861328125,
          "y": 428.60614013671875,
          "confidence": 0.9022955894470215,
          "visible": true
        },
        {
          "name": "right_ankle",
          "x": 218.71124267578125,
          "y": 406.11041259765625,
          "confidence": 0.7688384056091309,
          "visible": true
        }
      ],
      "confidence_scores": [
        0.17349864542484283,
        0.29559844732284546,
        0.0036082598380744457,
        0.9276771545410156,
        0.011113090440630913,
        0.9910383224487305,
        0.8505343794822693,
        0.9927142262458801,
        0.5658025741577148,
        0.9897931814193726,
        0.6944544315338135,
        0.989126980304718,
        0.9532701969146729,
        0.9893562197685242,
        0.9425206184387207,
        0.9022955894470215,
        0.7688384056091309
      ],
      "average_confidence": 0.7083082778434104
    },
    {
      "person_id": 1,
      "keypoints": [
        {
          "name": "nose",
          "x": 9.582133293151855,
          "y": 16.651687622070312,
          "confidence": 0.006299772299826145,
          "visible": false
        },
        {
          "name": "left_eye",
          "x": 5.681258201599121,
          "y": 7.7801055908203125,
          "confidence": 0.0028761590365320444,
          "visible": false
        },
        {
          "name": "right_eye",
          "x": 11.654825210571289,
          "y": 7.4723052978515625,
          "confidence": 0.002449060557410121,
          "visible": false
        },
        {
          "name": "left_ear",
          "x": 1.8117504119873047,
          "y": 0.0,
          "confidence": 0.003122711554169655,
          "visible": false
        },
        {
          "name": "right_ear",
          "x": 11.439573287963867,
          "y": 0.0,
          "confidence": 0.0032251826487481594,
          "visible": false
        },
        {
          "name": "left_shoulder",
          "x": 6.655921936035156,
          "y": 27.142990112304688,
          "confidence": 0.01664901338517666,
          "visible": false
        },
        {
          "name": "right_shoulder",
          "x": 8.518147468566895,
          "y": 27.25067138671875,
          "confidence": 0.004335871897637844,
          "visible": false
        },
        {
          "name": "left_elbow",
          "x": 13.501364707946777,
          "y": 73.24945068359375,
          "confidence": 0.10258279740810394,
          "visible": false
        },
        {
          "name": "right_elbow",
          "x": 19.263465881347656,
          "y": 74.38667297363281,
          "confidence": 0.019554125145077705,
          "visible": false
        },
        {
          "name": "left_wrist",
          "x": 13.949195861816406,
          "y": 101.4565658569336,
          "confidence": 0.21496953070163727,
          "visible": false
        },
        {
          "name": "right_wrist",
          "x": 14.276427268981934,
          "y": 101.70140838623047,
          "confidence": 0.07652787119150162,
          "visible": false
        },
        {
          "name": "left_hip",
          "x": 4.747334003448486,
          "y": 138.95877075195312,
          "confidence": 0.16624701023101807,
          "visible": false
        },
        {
          "name": "right_hip",
          "x": 5.048055171966553,
          "y": 138.3257598876953,
          "confidence": 0.09505937248468399,
          "visible": false
        },
        {
          "name": "left_knee",
          "x": 4.340534210205078,
          "y": 290.1181640625,
          "confidence": 0.2389841079711914,
          "visible": false
        },
        {
          "name": "right_knee",
          "x": 7.388178825378418,
          "y": 289.249755859375,
          "confidence": 0.1412297636270523,
          "visible": false
        },
        {
          "name": "left_ankle",
          "x": 0.0,
          "y": 406.97149658203125,
          "confidence": 0.06320979446172714,
          "visible": false
        },
        {
          "name": "right_ankle",
          "x": 0.08334732055664062,
          "y": 403.7884521484375,
          "confidence": 0.03873341903090477,
          "visible": false
        }
      ],
      "confidence_scores": [
        0.006299772299826145,
        0.0028761590365320444,
        0.002449060557410121,
        0.003122711554169655,
        0.0032251826487481594,
        0.01664901338517666,
        0.004335871897637844,
        0.10258279740810394,
        0.019554125145077705,
        0.21496953070163727,
        0.07652787119150162,
        0.16624701023101807,
        0.09505937248468399,
        0.2389841079711914,
        0.1412297636270523,
        0.06320979446172714,
        0.03873341903090477
      ],
      "average_confidence": 0.07035620962543522
    }
  ]
}