{
  "timestamp": "2025-11-03T15:17:24.570639",
  "image_shape": {
    "height": 480,
    "width": 640,
    "channels": 3
  },
  "num_persons_detected": 1,
  "persons": [
    {
      "person_id": 0,
      "keypoints": [
        {
          "name": "nose",
          "x": 311.8659973144531,
          "y": 52.07389831542969,
          "confidence": 0.9359530210494995,
          "visible": true
        },
        {
          "name": "left_eye",
          "x": 319.2300720214844,
          "y": 40.08235168457031,
          "confidence": 0.9682229161262512,
          "visible": true
        },
        {
          "name": "right_eye",
          "x": 313.06719970703125,
          "y": 42.07562255859375,
          "confidence": 0.24375902116298676,
          "visible": false
        },
        {
          "name": "left_ear",
          "x": 343.4624938964844,
          "y": 46.51393127441406,
          "confidence": 0.960962176322937,
          "visible": true
        },
        {
          "name": "right_ear",
          "x": 330.8817138671875,
          "y": 47.827972412109375,
          "confidence": 0.02512950822710991,
          "visible": false
        },
        {
          "name": "left_shoulder",
          "x": 357.415771484375,
          "y": 115.22329711914062,
          "confidence": 0.9935676455497742,
          "visible": true
        },
        {
          "name": "right_shoulder",
          "x": 348.3329772949219,
          "y": 106.67543029785156,
          "confidence": 0.8741032481193542,
          "visible": true
        },
        {
          "name": "left_elbow",
          "x": 323.06512451171875,
          "y": 218.68719482421875,
          "confidence": 0.9932509064674377,
          "visible": true
        },
        {
          "name": "right_elbow",
          "x": 319.5257568359375,
          "y": 199.1102294921875,
          "confidence": 0.516700029373169,
          "visible": true
        },
        {
          "name": "left_wrist",
          "x": 236.16571044921875,
          "y": 240.82028198242188,
          "confidence": 0.9939830899238586,
          "visible": true
        },
        {
          "name": "right_wrist",
          "x": 256.9708251953125,
          "y": 229.9584197998047,
          "confidence": 0.7671791911125183,
          "visible": true
        },
        {
          "name": "left_hip",
          "x": 327.45745849609375,
          "y": 266.9030456542969,
          "confidence": 0.9881716370582581,
          "visible": true
        },
        {
          "name": "right_hip",
          "x": 322.32470703125,
          "y": 252.7045440673828,
          "confidence": 0.9395463466644287,
          "visible": true
        },
        {
          "name": "left_knee",
          "x": 206.33773803710938,
          "y": 276.2474365234375,
          "confidence": 0.9934367537498474,
          "visible": true
        },
        {
          "name": "right_knee",
          "x": 207.60411071777344,
          "y": 262.19342041015625,
          "confidence": 0.9565410017967224,
          "visible": true
        },
        {
          "name": "left_ankle",
          "x": 200.4615478515625,
          "y": 409.46905517578125,
          "confidence": 0.9521793723106384,
          "visible": true
        },
        {
          "name": "right_ankle",
          "x": 200.99916076660156,
          "y": 396.6520690917969,
          "confidence": 0.8595364093780518,
          "visible": true
        }
      ],
      "confidence_scores": [
        0.9359530210494995,
        0.9682229161262512,
        0.24375902116298676,
        0.960962176322937,
        0.02512950822710991,
        0.9935676455497742,
        0.8741032481193542,
        0.9932509064674377,
        0.516700029373169,
        0.9939830899238586,
        0.7671791911125183,
        0.9881716370582581,
        0.9395463466644287,
        0.9934367537498474,
        0.9565410017967224,
        0.9521793723106384,
        0.8595364093780518
      ],
      "average_confidence": 0.8213071926113438
    }
  ]
}