{
  "timestamp": "2025-11-03T15:17:50.150360",
  "image_shape": {
    "height": 480,
    "width": 640,
    "channels": 3
  },
  "num_persons_detected": 1,
  "persons": [
    {
      "person_id": 0,
      "keypoints": [
        {
          "name": "nose",
          "x": 354.1763610839844,
          "y": 125.99884033203125,
          "confidence": 0.9665007591247559,
          "visible": true
        },
        {
          "name": "left_eye",
          "x": 367.207763671875,
          "y": 116.84677124023438,
          "confidence": 0.9669358134269714,
          "visible": true
        },
        {
          "name": "right_eye",
          "x": 359.4041748046875,
          "y": 117.75520324707031,
          "confidence": 0.40059253573417664,
          "visible": false
        },
        {
          "name": "left_ear",
          "x": 398.17913818359375,
          "y": 128.14015197753906,
          "confidence": 0.9509268403053284,
          "visible": true
        },
        {
          "name": "right_ear",
          "x": 375.382568359375,
          "y": 126.82241821289062,
          "confidence": 0.03516983613371849,
          "visible": false
        },
        {
          "name": "left_shoulder",
          "x": 386.9837646484375,
          "y": 189.80792236328125,
          "confidence": 0.9953605532646179,
          "visible": true
        },
        {
          "name": "right_shoulder",
          "x": 359.53216552734375,
          "y": 171.7081298828125,
          "confidence": 0.9642525911331177,
          "visible": true
        },
        {
          "name": "left_elbow",
          "x": 329.71783447265625,
          "y": 260.2301025390625,
          "confidence": 0.9936634302139282,
          "visible": true
        },
        {
          "name": "right_elbow",
          "x": 306.91680908203125,
          "y": 225.17604064941406,
          "confidence": 0.833753228187561,
          "visible": true
        },
        {
          "name": "left_wrist",
          "x": 274.9522705078125,
          "y": 207.75238037109375,
          "confidence": 0.9954602122306824,
          "visible": true
        },
        {
          "name": "right_wrist",
          "x": 265.2881774902344,
          "y": 200.35226440429688,
          "confidence": 0.8956136703491211,
          "visible": true
        },
        {
          "name": "left_hip",
          "x": 264.9507751464844,
          "y": 286.5837097167969,
          "confidence": 0.992530882358551,
          "visible": true
        },
        {
          "name": "right_hip",
          "x": 245.98855590820312,
          "y": 263.5935974121094,
          "confidence": 0.9754226207733154,
          "visible": true
        },
        {
          "name": "left_knee",
          "x": 97.79438781738281,
          "y": 284.2913513183594,
          "confidence": 0.9935184121131897,
          "visible": true
        },
        {
          "name": "right_knee",
          "x": 101.5833740234375,
          "y": 268.89923095703125,
          "confidence": 0.9696226716041565,
          "visible": true
        },
        {
          "name": "left_ankle",
          "x": 119.04071044921875,
          "y": 388.7696228027344,
          "confidence": 0.9371301531791687,
          "visible": true
        },
        {
          "name": "right_ankle",
          "x": 132.2158203125,
          "y": 388.95086669921875,
          "confidence": 0.842326819896698,
          "visible": true
        }
      ],
      "confidence_scores": [
        0.9665007591247559,
        0.9669358134269714,
        0.40059253573417664,
        0.9509268403053284,
        0.03516983613371849,
        0.9953605532646179,
        0.9642525911331177,
        0.9936634302139282,
        0.833753228187561,
        0.9954602122306824,
        0.8956136703491211,
        0.992530882358551,
        0.9754226207733154,
        0.9935184121131897,
        0.9696226716041565,
        0.9371301531791687,
        0.842326819896698
      ],
      "average_confidence": 0.8652224135311211
    }
  ]
}