{
  "timestamp": "2025-11-03T15:18:11.605609",
  "image_shape": {
    "height": 480,
    "width": 640,
    "channels": 3
  },
  "num_persons_detected": 2,
  "persons": [
    {
      "person_id": 0,
      "keypoints": [
        {
          "name": "nose",
          "x": 261.9231872558594,
          "y": 93.052001953125,
          "confidence": 0.8383376002311707,
          "visible": true
        },
        {
          "name": "left_eye",
          "x": 260.76885986328125,
          "y": 77.73008728027344,
          "confidence": 0.915585994720459,
          "visible": true
        },
        {
          "name": "right_eye",
          "x": 261.2344665527344,
          "y": 81.9234619140625,
          "confidence": 0.07437735795974731,
          "visible": false
        },
        {
          "name": "left_ear",
          "x": 281.2698669433594,
          "y": 64.59170532226562,
          "confidence": 0.9648292064666748,
          "visible": true
        },
        {
          "name": "right_ear",
          "x": 286.4759826660156,
          "y": 72.99064636230469,
          "confidence": 0.015891946852207184,
          "visible": false
        },
        {
          "name": "left_shoulder",
          "x": 320.02386474609375,
          "y": 122.13621520996094,
          "confidence": 0.9922181367874146,
          "visible": true
        },
        {
          "name": "right_shoulder",
          "x": 337.1931457519531,
          "y": 118.18269348144531,
          "confidence": 0.8884382247924805,
          "visible": true
        },
        {
          "name": "left_elbow",
          "x": 328.695556640625,
          "y": 227.8338623046875,
          "confidence": 0.991628885269165,
          "visible": true
        },
        {
          "name": "right_elbow",
          "x": 345.031982421875,
          "y": 209.7954864501953,
          "confidence": 0.5724266767501831,
          "visible": true
        },
        {
          "name": "left_wrist",
          "x": 257.3594055175781,
          "y": 245.54168701171875,
          "confidence": 0.9927300810813904,
          "visible": true
        },
        {
          "name": "right_wrist",
          "x": 276.2531433105469,
          "y": 238.256591796875,
          "confidence": 0.774968683719635,
          "visible": true
        },
        {
          "name": "left_hip",
          "x": 331.5740966796875,
          "y": 286.656494140625,
          "confidence": 0.9826667308807373,
          "visible": true
        },
        {
          "name": "right_hip",
          "x": 344.77496337890625,
          "y": 273.7260437011719,
          "confidence": 0.9316703677177429,
          "visible": true
        },
        {
          "name": "left_knee",
          "x": 195.40219116210938,
          "y": 288.4654846191406,
          "confidence": 0.9894099235534668,
          "visible": true
        },
        {
          "name": "right_knee",
          "x": 209.0648651123047,
          "y": 273.6668701171875,
          "confidence": 0.9446965456008911,
          "visible": true
        },
        {
          "name": "left_ankle",
          "x": 218.92767333984375,
          "y": 418.6629638671875,
          "confidence": 0.918632447719574,
          "visible": true
        },
        {
          "name": "right_ankle",
          "x": 224.88417053222656,
          "y": 408.0073547363281,
          "confidence": 0.8083142638206482,
          "visible": true
        }
      ],
      "confidence_scores": [
        0.8383376002311707,
        0.915585994720459,
        0.07437735795974731,
        0.9648292064666748,
        0.015891946852207184,
        0.9922181367874146,
        0.8884382247924805,
        0.991628885269165,
        0.5724266767501831,
        0.9927300810813904,
        0.774968683719635,
        0.9826667308807373,
        0.9316703677177429,
        0.9894099235534668,
        0.9446965456008911,
        0.918632447719574,
        0.8083142638206482
      ],
      "average_confidence": 0.7998131219955051
    },
    {
      "person_id": 1,
      "keypoints": [
        {
          "name": "nose",
          "x": 0.7265033721923828,
          "y": 77.66846466064453,
          "confidence": 0.020595479756593704,
          "visible": false
        },
        {
          "name": "left_eye",
          "x": 0.0,
          "y": 67.95140075683594,
          "confidence": 0.019243327900767326,
          "visible": false
        },
        {
          "name": "right_eye",
          "x": 2.2039079666137695,
          "y": 68.17947387695312,
          "confidence": 0.012488547712564468,
          "visible": false
        },
        {
          "name": "left_ear",
          "x": 0.6347904205322266,
          "y": 71.97774505615234,
          "confidence": 0.1949559599161148,
          "visible": false
        },
        {
          "name": "right_ear",
          "x": 17.656795501708984,
          "y": 72.09770202636719,
          "confidence": 0.11152752488851547,
          "visible": false
        },
        {
          "name": "left_shoulder",
          "x": 10.808555603027344,
          "y": 132.5609893798828,
          "confidence": 0.13400648534297943,
          "visible": false
        },
        {
          "name": "right_shoulder",
          "x": 18.251216888427734,
          "y": 126.30384063720703,
          "confidence": 0.20402297377586365,
          "visible": false
        },
        {
          "name": "left_elbow",
          "x": 7.823323726654053,
          "y": 192.31021118164062,
          "confidence": 0.028654806315898895,
          "visible": false
        },
        {
          "name": "right_elbow",
          "x": 15.096428871154785,
          "y": 175.28834533691406,
          "confidence": 0.057812463492155075,
          "visible": false
        },
        {
          "name": "left_wrist",
          "x": 4.4972686767578125,
          "y": 175.04649353027344,
          "confidence": 0.016814395785331726,
          "visible": false
        },
        {
          "name": "right_wrist",
          "x": 2.051417350769043,
          "y": 154.31393432617188,
          "confidence": 0.03161606565117836,
          "visible": false
        },
        {
          "name": "left_hip",
          "x": 2.151693344116211,
          "y": 288.210205078125,
          "confidence": 0.08734457194805145,
          "visible": false
        },
        {
          "name": "right_hip",
          "x": 7.29911994934082,
          "y": 284.9725036621094,
          "confidence": 0.12524007260799408,
          "visible": false
        },
        {
          "name": "left_knee",
          "x": 4.056667804718018,
          "y": 337.8709716796875,
          "confidence": 0.03352484852075577,
          "visible": false
        },
        {
          "name": "right_knee",
          "x": 5.371316909790039,
          "y": 336.3790283203125,
          "confidence": 0.04977048560976982,
          "visible": false
        },
        {
          "name": "left_ankle",
          "x": 1.3325836658477783,
          "y": 417.0147705078125,
          "confidence": 0.02038201130926609,
          "visible": false
        },
        {
          "name": "right_ankle",
          "x": 4.906726837158203,
          "y": 419.9639892578125,
          "confidence": 0.02584260329604149,
          "visible": false
        }
      ],
      "confidence_scores": [
        0.020595479756593704,
        0.019243327900767326,
        0.012488547712564468,
        0.1949559599161148,
        0.11152752488851547,
        0.13400648534297943,
        0.20402297377586365,
        0.028654806315898895,
        0.057812463492155075,
        0.016814395785331726,
        0.03161606565117836,
        0.08734457194805145,
        0.12524007260799408,
        0.03352484852075577,
        0.04977048560976982,
        0.02038201130926609,
        0.02584260329604149
      ],
      "average_confidence": 0.06904956610763774
    }
  ]
}