{
  "timestamp": "2025-11-03T15:17:57.782658",
  "image_shape": {
    "height": 480,
    "width": 640,
    "channels": 3
  },
  "num_persons_detected": 1,
  "persons": [
    {
      "person_id": 0,
      "keypoints": [
        {
          "name": "nose",
          "x": 204.2838592529297,
          "y": 100.4034423828125,
          "confidence": 0.9818151593208313,
          "visible": true
        },
        {
          "name": "left_eye",
          "x": 211.30926513671875,
          "y": 88.08207702636719,
          "confidence": 0.9923141598701477,
          "visible": true
        },
        {
          "name": "right_eye",
          "x": 203.927001953125,
          "y": 90.18643188476562,
          "confidence": 0.3916151523590088,
          "visible": false
        },
        {
          "name": "left_ear",
          "x": 243.65870666503906,
          "y": 86.77874755859375,
          "confidence": 0.986214816570282,
          "visible": true
        },
        {
          "name": "right_ear",
          "x": 224.4726104736328,
          "y": 88.82815551757812,
          "confidence": 0.01644573174417019,
          "visible": false
        },
        {
          "name": "left_shoulder",
          "x": 279.0322265625,
          "y": 142.9661865234375,
          "confidence": 0.9977796673774719,
          "visible": true
        },
        {
          "name": "right_shoulder",
          "x": 257.4976501464844,
          "y": 137.52105712890625,
          "confidence": 0.9431374669075012,
          "visible": true
        },
        {
          "name": "left_elbow",
          "x": 225.99996948242188,
          "y": 228.45999145507812,
          "confidence": 0.9964050054550171,
          "visible": true
        },
        {
          "name": "right_elbow",
          "x": 219.91885375976562,
          "y": 212.25204467773438,
          "confidence": 0.6629102230072021,
          "visible": true
        },
        {
          "name": "left_wrist",
          "x": 128.32379150390625,
          "y": 240.73086547851562,
          "confidence": 0.9957635402679443,
          "visible": true
        },
        {
          "name": "right_wrist",
          "x": 149.2705078125,
          "y": 237.8032989501953,
          "confidence": 0.8401597738265991,
          "visible": true
        },
        {
          "name": "left_hip",
          "x": 280.6047058105469,
          "y": 273.0600891113281,
          "confidence": 0.9960850477218628,
          "visible": true
        },
        {
          "name": "right_hip",
          "x": 267.36541748046875,
          "y": 259.1927490234375,
          "confidence": 0.9804512858390808,
          "visible": true
        },
        {
          "name": "left_knee",
          "x": 140.87213134765625,
          "y": 286.2400207519531,
          "confidence": 0.9974839687347412,
          "visible": true
        },
        {
          "name": "right_knee",
          "x": 138.98370361328125,
          "y": 272.4914245605469,
          "confidence": 0.9845021367073059,
          "visible": true
        },
        {
          "name": "left_ankle",
          "x": 113.97528076171875,
          "y": 408.98980712890625,
          "confidence": 0.9783686399459839,
          "visible": true
        },
        {
          "name": "right_ankle",
          "x": 122.08003997802734,
          "y": 398.0177917480469,
          "confidence": 0.940882682800293,
          "visible": true
        }
      ],
      "confidence_scores": [
        0.9818151593208313,
        0.9923141598701477,
        0.3916151523590088,
        0.986214816570282,
        0.01644573174417019,
        0.9977796673774719,
        0.9431374669075012,
        0.9964050054550171,
        0.6629102230072021,
        0.9957635402679443,
        0.8401597738265991,
        0.9960850477218628,
        0.9804512858390808,
        0.9974839687347412,
        0.9845021367073059,
        0.9783686399459839,
        0.940882682800293
      ],
      "average_confidence": 0.8636667328503203
    }
  ]
}