{
  "timestamp": "2025-11-03T15:16:19.029104",
  "image_shape": {
    "height": 480,
    "width": 640,
    "channels": 3
  },
  "num_persons_detected": 1,
  "persons": [
    {
      "person_id": 0,
      "keypoints": [
        {
          "name": "nose",
          "x": 323.16009521484375,
          "y": 105.59602355957031,
          "confidence": 0.9656458497047424,
          "visible": true
        },
        {
          "name": "left_eye",
          "x": 330.11175537109375,
          "y": 93.81935119628906,
          "confidence": 0.979474663734436,
          "visible": true
        },
        {
          "name": "right_eye",
          "x": 326.3390197753906,
          "y": 96.91110229492188,
          "confidence": 0.2928584814071655,
          "visible": false
        },
        {
          "name": "left_ear",
          "x": 358.95428466796875,
          "y": 95.26121520996094,
          "confidence": 0.9730274677276611,
          "visible": true
        },
        {
          "name": "right_ear",
          "x": 349.9906921386719,
          "y": 99.67416381835938,
          "confidence": 0.02161996066570282,
          "visible": false
        },
        {
          "name": "left_shoulder",
          "x": 365.5633239746094,
          "y": 157.671142578125,
          "confidence": 0.996182382106781,
          "visible": true
        },
        {
          "name": "right_shoulder",
          "x": 365.78143310546875,
          "y": 146.58810424804688,
          "confidence": 0.9256090521812439,
          "visible": true
        },
        {
          "name": "left_elbow",
          "x": 307.7701416015625,
          "y": 238.144775390625,
          "confidence": 0.9964027404785156,
          "visible": true
        },
        {
          "name": "right_elbow",
          "x": 317.4290466308594,
          "y": 209.24118041992188,
          "confidence": 0.644694983959198,
          "visible": true
        },
        {
          "name": "left_wrist",
          "x": 221.2339324951172,
          "y": 221.17642211914062,
          "confidence": 0.9968332648277283,
          "visible": true
        },
        {
          "name": "right_wrist",
          "x": 233.03994750976562,
          "y": 213.30963134765625,
          "confidence": 0.8372690081596375,
          "visible": true
        },
        {
          "name": "left_hip",
          "x": 306.44970703125,
          "y": 286.046142578125,
          "confidence": 0.9905667901039124,
          "visible": true
        },
        {
          "name": "right_hip",
          "x": 306.52239990234375,
          "y": 268.26129150390625,
          "confidence": 0.9504008889198303,
          "visible": true
        },
        {
          "name": "left_knee",
          "x": 167.45594787597656,
          "y": 278.6270751953125,
          "confidence": 0.9939858317375183,
          "visible": true
        },
        {
          "name": "right_knee",
          "x": 177.107666015625,
          "y": 264.7384948730469,
          "confidence": 0.9564290642738342,
          "visible": true
        },
        {
          "name": "left_ankle",
          "x": 198.19741821289062,
          "y": 397.2689514160156,
          "confidence": 0.9468894004821777,
          "visible": true
        },
        {
          "name": "right_ankle",
          "x": 201.90138244628906,
          "y": 395.8511962890625,
          "confidence": 0.8352699875831604,
          "visible": true
        }
      ],
      "confidence_scores": [
        0.9656458497047424,
        0.979474663734436,
        0.2928584814071655,
        0.9730274677276611,
        0.02161996066570282,
        0.996182382106781,
        0.9256090521812439,
        0.9964027404785156,
        0.644694983959198,
        0.9968332648277283,
        0.8372690081596375,
        0.9905667901039124,
        0.9504008889198303,
        0.9939858317375183,
        0.9564290642738342,
        0.9468894004821777,
        0.8352699875831604
      ],
      "average_confidence": 0.8413623422384262
    }
  ]
}