{
  "timestamp": "2025-11-03T15:14:04.987246",
  "image_shape": {
    "height": 480,
    "width": 640,
    "channels": 3
  },
  "num_persons_detected": 1,
  "persons": [
    {
      "person_id": 0,
      "keypoints": [
        {
          "name": "nose",
          "x": 306.6835021972656,
          "y": 75.04533386230469,
          "confidence": 0.9493962526321411,
          "visible": true
        },
        {
          "name": "left_eye",
          "x": 311.1669616699219,
          "y": 61.27601623535156,
          "confidence": 0.9719538688659668,
          "visible": true
        },
        {
          "name": "right_eye",
          "x": 306.5550231933594,
          "y": 65.32490539550781,
          "confidence": 0.1983458697795868,
          "visible": false
        },
        {
          "name": "left_ear",
          "x": 339.7485656738281,
          "y": 55.327056884765625,
          "confidence": 0.9738808870315552,
          "visible": true
        },
        {
          "name": "right_ear",
          "x": 329.095703125,
          "y": 63.01972961425781,
          "confidence": 0.01233996544033289,
          "visible": false
        },
        {
          "name": "left_shoulder",
          "x": 370.4188232421875,
          "y": 113.93333435058594,
          "confidence": 0.9961833357810974,
          "visible": true
        },
        {
          "name": "right_shoulder",
          "x": 361.4447326660156,
          "y": 110.34707641601562,
          "confidence": 0.9356628656387329,
          "visible": true
        },
        {
          "name": "left_elbow",
          "x": 370.5067138671875,
          "y": 210.69369506835938,
          "confidence": 0.9965599179267883,
          "visible": true
        },
        {
          "name": "right_elbow",
          "x": 342.09228515625,
          "y": 194.83444213867188,
          "confidence": 0.7436732053756714,
          "visible": true
        },
        {
          "name": "left_wrist",
          "x": 290.1256103515625,
          "y": 200.8590545654297,
          "confidence": 0.9974913597106934,
          "visible": true
        },
        {
          "name": "right_wrist",
          "x": 273.0495300292969,
          "y": 197.9731903076172,
          "confidence": 0.8883321285247803,
          "visible": true
        },
        {
          "name": "left_hip",
          "x": 337.9527587890625,
          "y": 274.14324951171875,
          "confidence": 0.9949272871017456,
          "visible": true
        },
        {
          "name": "right_hip",
          "x": 335.25457763671875,
          "y": 258.9313659667969,
          "confidence": 0.977349579334259,
          "visible": true
        },
        {
          "name": "left_knee",
          "x": 194.93994140625,
          "y": 282.5852355957031,
          "confidence": 0.9970172643661499,
          "visible": true
        },
        {
          "name": "right_knee",
          "x": 206.51693725585938,
          "y": 266.89569091796875,
          "confidence": 0.9828112125396729,
          "visible": true
        },
        {
          "name": "left_ankle",
          "x": 212.07493591308594,
          "y": 407.3650207519531,
          "confidence": 0.9704172611236572,
          "visible": true
        },
        {
          "name": "right_ankle",
          "x": 222.27725219726562,
          "y": 396.89044189453125,
          "confidence": 0.9207918643951416,
          "visible": true
        }
      ],
      "confidence_scores": [
        0.9493962526321411,
        0.9719538688659668,
        0.1983458697795868,
        0.9738808870315552,
        0.01233996544033289,
        0.9961833357810974,
        0.9356628656387329,
        0.9965599179267883,
        0.7436732053756714,
        0.9974913597106934,
        0.8883321285247803,
        0.9949272871017456,
        0.977349579334259,
        0.9970172643661499,
        0.9828112125396729,
        0.9704172611236572,
        0.9207918643951416
      ],
      "average_confidence": 0.8533608309157631
    }
  ]
}