{
  "timestamp": "2025-11-03T15:13:50.497307",
  "image_shape": {
    "height": 480,
    "width": 640,
    "channels": 3
  },
  "num_persons_detected": 1,
  "persons": [
    {
      "person_id": 0,
      "keypoints": [
        {
          "name": "nose",
          "x": 317.9578552246094,
          "y": 48.727630615234375,
          "confidence": 0.9170851111412048,
          "visible": true
        },
        {
          "name": "left_eye",
          "x": 324.89801025390625,
          "y": 37.323486328125,
          "confidence": 0.9629644751548767,
          "visible": true
        },
        {
          "name": "right_eye",
          "x": 321.76837158203125,
          "y": 39.64862060546875,
          "confidence": 0.13581016659736633,
          "visible": false
        },
        {
          "name": "left_ear",
          "x": 349.801025390625,
          "y": 44.852935791015625,
          "confidence": 0.976250946521759,
          "visible": true
        },
        {
          "name": "right_ear",
          "x": 344.9697265625,
          "y": 46.76802062988281,
          "confidence": 0.017365099862217903,
          "visible": false
        },
        {
          "name": "left_shoulder",
          "x": 357.7588806152344,
          "y": 115.12277221679688,
          "confidence": 0.9970122575759888,
          "visible": true
        },
        {
          "name": "right_shoulder",
          "x": 360.2153625488281,
          "y": 107.0618896484375,
          "confidence": 0.8880276679992676,
          "visible": true
        },
        {
          "name": "left_elbow",
          "x": 318.6450500488281,
          "y": 220.85260009765625,
          "confidence": 0.9975317716598511,
          "visible": true
        },
        {
          "name": "right_elbow",
          "x": 330.48291015625,
          "y": 199.98959350585938,
          "confidence": 0.4869104325771332,
          "visible": false
        },
        {
          "name": "left_wrist",
          "x": 226.83465576171875,
          "y": 244.51644897460938,
          "confidence": 0.9971932768821716,
          "visible": true
        },
        {
          "name": "right_wrist",
          "x": 258.17388916015625,
          "y": 232.23387145996094,
          "confidence": 0.7438580989837646,
          "visible": true
        },
        {
          "name": "left_hip",
          "x": 326.62213134765625,
          "y": 272.0906982421875,
          "confidence": 0.9952507019042969,
          "visible": true
        },
        {
          "name": "right_hip",
          "x": 328.9402770996094,
          "y": 257.16448974609375,
          "confidence": 0.9635785818099976,
          "visible": true
        },
        {
          "name": "left_knee",
          "x": 192.22592163085938,
          "y": 285.35614013671875,
          "confidence": 0.9970396161079407,
          "visible": true
        },
        {
          "name": "right_knee",
          "x": 200.9934844970703,
          "y": 270.4994201660156,
          "confidence": 0.9688035249710083,
          "visible": true
        },
        {
          "name": "left_ankle",
          "x": 228.58070373535156,
          "y": 416.27508544921875,
          "confidence": 0.9692662954330444,
          "visible": true
        },
        {
          "name": "right_ankle",
          "x": 233.4392547607422,
          "y": 401.86785888671875,
          "confidence": 0.8770071268081665,
          "visible": true
        }
      ],
      "confidence_scores": [
        0.9170851111412048,
        0.9629644751548767,
        0.13581016659736633,
        0.976250946521759,
        0.017365099862217903,
        0.9970122575759888,
        0.8880276679992676,
        0.9975317716598511,
        0.4869104325771332,
        0.9971932768821716,
        0.7438580989837646,
        0.9952507019042969,
        0.9635785818099976,
        0.9970396161079407,
        0.9688035249710083,
        0.9692662954330444,
        0.8770071268081665
      ],
      "average_confidence": 0.8171150089405915
    }
  ]
}