{
  "timestamp": "2025-11-03T15:13:59.082288",
  "image_shape": {
    "height": 480,
    "width": 640,
    "channels": 3
  },
  "num_persons_detected": 1,
  "persons": [
    {
      "person_id": 0,
      "keypoints": [
        {
          "name": "nose",
          "x": 317.541259765625,
          "y": 61.643524169921875,
          "confidence": 0.9428584575653076,
          "visible": true
        },
        {
          "name": "left_eye",
          "x": 323.4615173339844,
          "y": 48.04133605957031,
          "confidence": 0.9682773351669312,
          "visible": true
        },
        {
          "name": "right_eye",
          "x": 315.920654296875,
          "y": 49.110137939453125,
          "confidence": 0.14702558517456055,
          "visible": false
        },
        {
          "name": "left_ear",
          "x": 350.86871337890625,
          "y": 51.67716979980469,
          "confidence": 0.970274806022644,
          "visible": true
        },
        {
          "name": "right_ear",
          "x": 333.461669921875,
          "y": 52.4609375,
          "confidence": 0.012899059802293777,
          "visible": false
        },
        {
          "name": "left_shoulder",
          "x": 381.59466552734375,
          "y": 126.6915283203125,
          "confidence": 0.9993773102760315,
          "visible": true
        },
        {
          "name": "right_shoulder",
          "x": 362.560546875,
          "y": 120.80873107910156,
          "confidence": 0.9512355923652649,
          "visible": true
        },
        {
          "name": "left_elbow",
          "x": 353.33746337890625,
          "y": 214.69146728515625,
          "confidence": 0.9988330006599426,
          "visible": true
        },
        {
          "name": "right_elbow",
          "x": 329.8800354003906,
          "y": 213.4315185546875,
          "confidence": 0.748465359210968,
          "visible": true
        },
        {
          "name": "left_wrist",
          "x": 299.5038757324219,
          "y": 197.98269653320312,
          "confidence": 0.9977847933769226,
          "visible": true
        },
        {
          "name": "right_wrist",
          "x": 295.2518310546875,
          "y": 206.87777709960938,
          "confidence": 0.8606007695198059,
          "visible": true
        },
        {
          "name": "left_hip",
          "x": 342.87286376953125,
          "y": 270.6529235839844,
          "confidence": 0.9993076324462891,
          "visible": true
        },
        {
          "name": "right_hip",
          "x": 331.6574401855469,
          "y": 256.492919921875,
          "confidence": 0.9942924976348877,
          "visible": true
        },
        {
          "name": "left_knee",
          "x": 216.89987182617188,
          "y": 284.8214416503906,
          "confidence": 0.9991672039031982,
          "visible": true
        },
        {
          "name": "right_knee",
          "x": 219.56576538085938,
          "y": 274.9642639160156,
          "confidence": 0.9929255247116089,
          "visible": true
        },
        {
          "name": "left_ankle",
          "x": 109.29446411132812,
          "y": 365.4952697753906,
          "confidence": 0.9909475445747375,
          "visible": true
        },
        {
          "name": "right_ankle",
          "x": 115.70579528808594,
          "y": 359.9324951171875,
          "confidence": 0.9666579961776733,
          "visible": true
        }
      ],
      "confidence_scores": [
        0.9428584575653076,
        0.9682773351669312,
        0.14702558517456055,
        0.970274806022644,
        0.012899059802293777,
        0.9993773102760315,
        0.9512355923652649,
        0.9988330006599426,
        0.748465359210968,
        0.9977847933769226,
        0.8606007695198059,
        0.9993076324462891,
        0.9942924976348877,
        0.9991672039031982,
        0.9929255247116089,
        0.9909475445747375,
        0.9666579961776733
      ],
      "average_confidence": 0.8553488510934746
    }
  ]
}