{
  "timestamp": "2025-11-03T15:16:25.407114",
  "image_shape": {
    "height": 480,
    "width": 640,
    "channels": 3
  },
  "num_persons_detected": 1,
  "persons": [
    {
      "person_id": 0,
      "keypoints": [
        {
          "name": "nose",
          "x": 152.48239135742188,
          "y": 109.07858276367188,
          "confidence": 0.9704502820968628,
          "visible": true
        },
        {
          "name": "left_eye",
          "x": 157.52621459960938,
          "y": 98.7481689453125,
          "confidence": 0.9909477829933167,
          "visible": true
        },
        {
          "name": "right_eye",
          "x": 153.8767547607422,
          "y": 99.71327209472656,
          "confidence": 0.234641894698143,
          "visible": false
        },
        {
          "name": "left_ear",
          "x": 185.8433380126953,
          "y": 103.33126831054688,
          "confidence": 0.9903201460838318,
          "visible": true
        },
        {
          "name": "right_ear",
          "x": 180.08421325683594,
          "y": 101.92276000976562,
          "confidence": 0.01027867291122675,
          "visible": false
        },
        {
          "name": "left_shoulder",
          "x": 227.23934936523438,
          "y": 156.0848388671875,
          "confidence": 0.998896598815918,
          "visible": true
        },
        {
          "name": "right_shoulder",
          "x": 229.17654418945312,
          "y": 147.80145263671875,
          "confidence": 0.9027523994445801,
          "visible": true
        },
        {
          "name": "left_elbow",
          "x": 211.93040466308594,
          "y": 243.45382690429688,
          "confidence": 0.9980480670928955,
          "visible": true
        },
        {
          "name": "right_elbow",
          "x": 204.81455993652344,
          "y": 228.08409118652344,
          "confidence": 0.5317803025245667,
          "visible": true
        },
        {
          "name": "left_wrist",
          "x": 127.32089233398438,
          "y": 254.5331573486328,
          "confidence": 0.9966101050376892,
          "visible": true
        },
        {
          "name": "right_wrist",
          "x": 139.24468994140625,
          "y": 255.30918884277344,
          "confidence": 0.7652080655097961,
          "visible": true
        },
        {
          "name": "left_hip",
          "x": 256.65594482421875,
          "y": 278.1381530761719,
          "confidence": 0.9974163770675659,
          "visible": true
        },
        {
          "name": "right_hip",
          "x": 260.16534423828125,
          "y": 264.38507080078125,
          "confidence": 0.978640615940094,
          "visible": true
        },
        {
          "name": "left_knee",
          "x": 145.17970275878906,
          "y": 297.8205871582031,
          "confidence": 0.9975899457931519,
          "visible": true
        },
        {
          "name": "right_knee",
          "x": 153.49365234375,
          "y": 277.412841796875,
          "confidence": 0.9792277216911316,
          "visible": true
        },
        {
          "name": "left_ankle",
          "x": 82.06404113769531,
          "y": 414.0079345703125,
          "confidence": 0.9785208702087402,
          "visible": true
        },
        {
          "name": "right_ankle",
          "x": 83.841064453125,
          "y": 386.9382019042969,
          "confidence": 0.9293481707572937,
          "visible": true
        }
      ],
      "confidence_scores": [
        0.9704502820968628,
        0.9909477829933167,
        0.234641894698143,
        0.9903201460838318,
        0.01027867291122675,
        0.998896598815918,
        0.9027523994445801,
        0.9980480670928955,
        0.5317803025245667,
        0.9966101050376892,
        0.7652080655097961,
        0.9974163770675659,
        0.978640615940094,
        0.9975899457931519,
        0.9792277216911316,
        0.9785208702087402,
        0.9293481707572937
      ],
      "average_confidence": 0.8382751775686356
    }
  ]
}