{
  "timestamp": "2025-11-03T15:14:37.289523",
  "image_shape": {
    "height": 480,
    "width": 640,
    "channels": 3
  },
  "num_persons_detected": 1,
  "persons": [
    {
      "person_id": 0,
      "keypoints": [
        {
          "name": "nose",
          "x": 183.8097686767578,
          "y": 98.90745544433594,
          "confidence": 0.9744131565093994,
          "visible": true
        },
        {
          "name": "left_eye",
          "x": 188.87521362304688,
          "y": 88.00408935546875,
          "confidence": 0.9921667575836182,
          "visible": true
        },
        {
          "name": "right_eye",
          "x": 186.118408203125,
          "y": 90.09133911132812,
          "confidence": 0.30230826139450073,
          "visible": false
        },
        {
          "name": "left_ear",
          "x": 218.24790954589844,
          "y": 92.37950134277344,
          "confidence": 0.9912852644920349,
          "visible": true
        },
        {
          "name": "right_ear",
          "x": 212.00823974609375,
          "y": 93.30276489257812,
          "confidence": 0.008996284566819668,
          "visible": false
        },
        {
          "name": "left_shoulder",
          "x": 274.33880615234375,
          "y": 142.9322052001953,
          "confidence": 0.9980803728103638,
          "visible": true
        },
        {
          "name": "right_shoulder",
          "x": 256.632568359375,
          "y": 139.9361572265625,
          "confidence": 0.8767510056495667,
          "visible": true
        },
        {
          "name": "left_elbow",
          "x": 296.4722900390625,
          "y": 231.07565307617188,
          "confidence": 0.9966842532157898,
          "visible": true
        },
        {
          "name": "right_elbow",
          "x": 260.8080749511719,
          "y": 220.5179443359375,
          "confidence": 0.48488694429397583,
          "visible": false
        },
        {
          "name": "left_wrist",
          "x": 219.56007385253906,
          "y": 230.31640625,
          "confidence": 0.9961470365524292,
          "visible": true
        },
        {
          "name": "right_wrist",
          "x": 214.65029907226562,
          "y": 237.03143310546875,
          "confidence": 0.7552995681762695,
          "visible": true
        },
        {
          "name": "left_hip",
          "x": 317.81756591796875,
          "y": 268.20220947265625,
          "confidence": 0.9939350485801697,
          "visible": true
        },
        {
          "name": "right_hip",
          "x": 308.75628662109375,
          "y": 256.7672424316406,
          "confidence": 0.9583353400230408,
          "visible": true
        },
        {
          "name": "left_knee",
          "x": 206.34133911132812,
          "y": 279.5432434082031,
          "confidence": 0.9965793490409851,
          "visible": true
        },
        {
          "name": "right_knee",
          "x": 202.4747314453125,
          "y": 259.3880310058594,
          "confidence": 0.9744637608528137,
          "visible": true
        },
        {
          "name": "left_ankle",
          "x": 188.67550659179688,
          "y": 422.81390380859375,
          "confidence": 0.9737212061882019,
          "visible": true
        },
        {
          "name": "right_ankle",
          "x": 194.05035400390625,
          "y": 393.16485595703125,
          "confidence": 0.9218644499778748,
          "visible": true
        }
      ],
      "confidence_scores": [
        0.9744131565093994,
        0.9921667575836182,
        0.30230826139450073,
        0.9912852644920349,
        0.008996284566819668,
        0.9980803728103638,
        0.8767510056495667,
        0.9966842532157898,
        0.48488694429397583,
        0.9961470365524292,
        0.7552995681762695,
        0.9939350485801697,
        0.9583353400230408,
        0.9965793490409851,
        0.9744637608528137,
        0.9737212061882019,
        0.9218644499778748
      ],
      "average_confidence": 0.8350540035239914
    }
  ]
}