{
  "timestamp": "2025-11-03T15:16:27.451387",
  "image_shape": {
    "height": 480,
    "width": 640,
    "channels": 3
  },
  "num_persons_detected": 1,
  "persons": [
    {
      "person_id": 0,
      "keypoints": [
        {
          "name": "nose",
          "x": 146.5947723388672,
          "y": 117.94212341308594,
          "confidence": 0.9743162989616394,
          "visible": true
        },
        {
          "name": "left_eye",
          "x": 152.80081176757812,
          "y": 106.21070861816406,
          "confidence": 0.9921903014183044,
          "visible": true
        },
        {
          "name": "right_eye",
          "x": 145.3811492919922,
          "y": 108.0406494140625,
          "confidence": 0.28466254472732544,
          "visible": false
        },
        {
          "name": "left_ear",
          "x": 182.3904571533203,
          "y": 108.48957824707031,
          "confidence": 0.9897300004959106,
          "visible": true
        },
        {
          "name": "right_ear",
          "x": 167.23880004882812,
          "y": 109.21890258789062,
          "confidence": 0.010469584725797176,
          "visible": false
        },
        {
          "name": "left_shoulder",
          "x": 227.25759887695312,
          "y": 158.08737182617188,
          "confidence": 0.9984850287437439,
          "visible": true
        },
        {
          "name": "right_shoulder",
          "x": 222.14837646484375,
          "y": 153.48452758789062,
          "confidence": 0.8877648115158081,
          "visible": true
        },
        {
          "name": "left_elbow",
          "x": 212.9666748046875,
          "y": 243.6273193359375,
          "confidence": 0.9971767663955688,
          "visible": true
        },
        {
          "name": "right_elbow",
          "x": 199.4411163330078,
          "y": 232.62307739257812,
          "confidence": 0.5011087656021118,
          "visible": true
        },
        {
          "name": "left_wrist",
          "x": 125.10382080078125,
          "y": 258.34503173828125,
          "confidence": 0.9955018162727356,
          "visible": true
        },
        {
          "name": "right_wrist",
          "x": 137.28204345703125,
          "y": 259.03143310546875,
          "confidence": 0.7482173442840576,
          "visible": true
        },
        {
          "name": "left_hip",
          "x": 261.32208251953125,
          "y": 279.3939514160156,
          "confidence": 0.995837926864624,
          "visible": true
        },
        {
          "name": "right_hip",
          "x": 260.1474914550781,
          "y": 267.11029052734375,
          "confidence": 0.9692617058753967,
          "visible": true
        },
        {
          "name": "left_knee",
          "x": 144.99765014648438,
          "y": 297.8725891113281,
          "confidence": 0.9961925745010376,
          "visible": true
        },
        {
          "name": "right_knee",
          "x": 152.5133819580078,
          "y": 280.116943359375,
          "confidence": 0.9705816507339478,
          "visible": true
        },
        {
          "name": "left_ankle",
          "x": 80.96053314208984,
          "y": 415.1104431152344,
          "confidence": 0.9690690636634827,
          "visible": true
        },
        {
          "name": "right_ankle",
          "x": 82.89862060546875,
          "y": 392.2940368652344,
          "confidence": 0.9063505530357361,
          "visible": true
        }
      ],
      "confidence_scores": [
        0.9743162989616394,
        0.9921903014183044,
        0.28466254472732544,
        0.9897300004959106,
        0.010469584725797176,
        0.9984850287437439,
        0.8877648115158081,
        0.9971767663955688,
        0.5011087656021118,
        0.9955018162727356,
        0.7482173442840576,
        0.995837926864624,
        0.9692617058753967,
        0.9961925745010376,
        0.9705816507339478,
        0.9690690636634827,
        0.9063505530357361
      ],
      "average_confidence": 0.8345245139892487
    }
  ]
}