{
  "timestamp": "2025-11-03T15:18:01.587200",
  "image_shape": {
    "height": 480,
    "width": 640,
    "channels": 3
  },
  "num_persons_detected": 1,
  "persons": [
    {
      "person_id": 0,
      "keypoints": [
        {
          "name": "nose",
          "x": 155.35496520996094,
          "y": 119.09048461914062,
          "confidence": 0.9766032695770264,
          "visible": true
        },
        {
          "name": "left_eye",
          "x": 162.7602081298828,
          "y": 106.71429443359375,
          "confidence": 0.9923412799835205,
          "visible": true
        },
        {
          "name": "right_eye",
          "x": 154.9619903564453,
          "y": 108.50103759765625,
          "confidence": 0.3025091886520386,
          "visible": false
        },
        {
          "name": "left_ear",
          "x": 195.72476196289062,
          "y": 107.81916809082031,
          "confidence": 0.98869389295578,
          "visible": true
        },
        {
          "name": "right_ear",
          "x": 179.06060791015625,
          "y": 107.343017578125,
          "confidence": 0.011665258556604385,
          "visible": false
        },
        {
          "name": "left_shoulder",
          "x": 235.17562866210938,
          "y": 158.30386352539062,
          "confidence": 0.9981132745742798,
          "visible": true
        },
        {
          "name": "right_shoulder",
          "x": 234.1473388671875,
          "y": 151.96987915039062,
          "confidence": 0.9077057242393494,
          "visible": true
        },
        {
          "name": "left_elbow",
          "x": 210.69686889648438,
          "y": 245.3143768310547,
          "confidence": 0.9968035221099854,
          "visible": true
        },
        {
          "name": "right_elbow",
          "x": 206.48065185546875,
          "y": 231.12744140625,
          "confidence": 0.5593617558479309,
          "visible": true
        },
        {
          "name": "left_wrist",
          "x": 127.86363220214844,
          "y": 254.78054809570312,
          "confidence": 0.9961307048797607,
          "visible": true
        },
        {
          "name": "right_wrist",
          "x": 138.76272583007812,
          "y": 255.8140106201172,
          "confidence": 0.8112604022026062,
          "visible": true
        },
        {
          "name": "left_hip",
          "x": 273.71221923828125,
          "y": 282.9985046386719,
          "confidence": 0.9960596561431885,
          "visible": true
        },
        {
          "name": "right_hip",
          "x": 275.0177001953125,
          "y": 270.7858581542969,
          "confidence": 0.9747995138168335,
          "visible": true
        },
        {
          "name": "left_knee",
          "x": 155.57510375976562,
          "y": 294.23583984375,
          "confidence": 0.9975659847259521,
          "visible": true
        },
        {
          "name": "right_knee",
          "x": 164.17115783691406,
          "y": 277.46771240234375,
          "confidence": 0.9827387928962708,
          "visible": true
        },
        {
          "name": "left_ankle",
          "x": 111.22523498535156,
          "y": 419.900146484375,
          "confidence": 0.9813728332519531,
          "visible": true
        },
        {
          "name": "right_ankle",
          "x": 111.96531677246094,
          "y": 399.3717041015625,
          "confidence": 0.9458542466163635,
          "visible": true
        }
      ],
      "confidence_scores": [
        0.9766032695770264,
        0.9923412799835205,
        0.3025091886520386,
        0.98869389295578,
        0.011665258556604385,
        0.9981132745742798,
        0.9077057242393494,
        0.9968035221099854,
        0.5593617558479309,
        0.9961307048797607,
        0.8112604022026062,
        0.9960596561431885,
        0.9747995138168335,
        0.9975659847259521,
        0.9827387928962708,
        0.9813728332519531,
        0.9458542466163635
      ],
      "average_confidence": 0.848210547119379
    }
  ]
}