{
  "timestamp": "2025-11-03T15:14:39.215577",
  "image_shape": {
    "height": 480,
    "width": 640,
    "channels": 3
  },
  "num_persons_detected": 1,
  "persons": [
    {
      "person_id": 0,
      "keypoints": [
        {
          "name": "nose",
          "x": 221.5028839111328,
          "y": 79.59552001953125,
          "confidence": 0.9747070670127869,
          "visible": true
        },
        {
          "name": "left_eye",
          "x": 226.97987365722656,
          "y": 67.42626953125,
          "confidence": 0.9916961789131165,
          "visible": true
        },
        {
          "name": "right_eye",
          "x": 223.11167907714844,
          "y": 69.46836853027344,
          "confidence": 0.2883481979370117,
          "visible": false
        },
        {
          "name": "left_ear",
          "x": 258.09271240234375,
          "y": 67.77687072753906,
          "confidence": 0.9882627129554749,
          "visible": true
        },
        {
          "name": "right_ear",
          "x": 247.71395874023438,
          "y": 68.66120910644531,
          "confidence": 0.009634348563849926,
          "visible": false
        },
        {
          "name": "left_shoulder",
          "x": 301.31378173828125,
          "y": 126.03968811035156,
          "confidence": 0.9979404807090759,
          "visible": true
        },
        {
          "name": "right_shoulder",
          "x": 285.55010986328125,
          "y": 122.37071228027344,
          "confidence": 0.8747389912605286,
          "visible": true
        },
        {
          "name": "left_elbow",
          "x": 289.91058349609375,
          "y": 221.87875366210938,
          "confidence": 0.9973166584968567,
          "visible": true
        },
        {
          "name": "right_elbow",
          "x": 275.0107421875,
          "y": 208.84521484375,
          "confidence": 0.4697988033294678,
          "visible": false
        },
        {
          "name": "left_wrist",
          "x": 205.96270751953125,
          "y": 246.06358337402344,
          "confidence": 0.9971408843994141,
          "visible": true
        },
        {
          "name": "right_wrist",
          "x": 220.83888244628906,
          "y": 240.74258422851562,
          "confidence": 0.7738676071166992,
          "visible": true
        },
        {
          "name": "left_hip",
          "x": 323.9598693847656,
          "y": 271.5049743652344,
          "confidence": 0.9949310421943665,
          "visible": true
        },
        {
          "name": "right_hip",
          "x": 315.3918762207031,
          "y": 260.2161865234375,
          "confidence": 0.9605987071990967,
          "visible": true
        },
        {
          "name": "left_knee",
          "x": 207.4818878173828,
          "y": 281.4138488769531,
          "confidence": 0.9970822930335999,
          "visible": true
        },
        {
          "name": "right_knee",
          "x": 205.84686279296875,
          "y": 266.8971252441406,
          "confidence": 0.9740139842033386,
          "visible": true
        },
        {
          "name": "left_ankle",
          "x": 188.61016845703125,
          "y": 416.71630859375,
          "confidence": 0.9755354523658752,
          "visible": true
        },
        {
          "name": "right_ankle",
          "x": 194.75003051757812,
          "y": 396.2900695800781,
          "confidence": 0.9166929125785828,
          "visible": true
        }
      ],
      "confidence_scores": [
        0.9747070670127869,
        0.9916961789131165,
        0.2883481979370117,
        0.9882627129554749,
        0.009634348563849926,
        0.9979404807090759,
        0.8747389912605286,
        0.9973166584968567,
        0.4697988033294678,
        0.9971408843994141,
        0.7738676071166992,
        0.9949310421943665,
        0.9605987071990967,
        0.9970822930335999,
        0.9740139842033386,
        0.9755354523658752,
        0.9166929125785828
      ],
      "average_confidence": 0.8342533130746554
    }
  ]
}