{
  "timestamp": "2025-11-03T15:18:49.512889",
  "image_shape": {
    "height": 480,
    "width": 640,
    "channels": 3
  },
  "num_persons_detected": 1,
  "persons": [
    {
      "person_id": 0,
      "keypoints": [
        {
          "name": "nose",
          "x": 309.9524230957031,
          "y": 82.1572265625,
          "confidence": 0.9618608951568604,
          "visible": true
        },
        {
          "name": "left_eye",
          "x": 314.768310546875,
          "y": 68.22889709472656,
          "confidence": 0.9807469248771667,
          "visible": true
        },
        {
          "name": "right_eye",
          "x": 310.3743896484375,
          "y": 69.53372192382812,
          "confidence": 0.19749093055725098,
          "visible": false
        },
        {
          "name": "left_ear",
          "x": 341.8057556152344,
          "y": 68.68228149414062,
          "confidence": 0.9714822173118591,
          "visible": true
        },
        {
          "name": "right_ear",
          "x": 331.45184326171875,
          "y": 69.48963928222656,
          "confidence": 0.012298938818275928,
          "visible": false
        },
        {
          "name": "left_shoulder",
          "x": 371.585693359375,
          "y": 141.37078857421875,
          "confidence": 0.9984626770019531,
          "visible": true
        },
        {
          "name": "right_shoulder",
          "x": 362.6912841796875,
          "y": 134.20120239257812,
          "confidence": 0.9369484186172485,
          "visible": true
        },
        {
          "name": "left_elbow",
          "x": 339.8166198730469,
          "y": 228.4221954345703,
          "confidence": 0.9976460337638855,
          "visible": true
        },
        {
          "name": "right_elbow",
          "x": 322.87420654296875,
          "y": 221.32327270507812,
          "confidence": 0.702793538570404,
          "visible": true
        },
        {
          "name": "left_wrist",
          "x": 266.7017517089844,
          "y": 237.03521728515625,
          "confidence": 0.9972245693206787,
          "visible": true
        },
        {
          "name": "right_wrist",
          "x": 263.3287353515625,
          "y": 236.11422729492188,
          "confidence": 0.8679140210151672,
          "visible": true
        },
        {
          "name": "left_hip",
          "x": 332.3533935546875,
          "y": 287.5318298339844,
          "confidence": 0.9978529214859009,
          "visible": true
        },
        {
          "name": "right_hip",
          "x": 327.6749267578125,
          "y": 270.9828796386719,
          "confidence": 0.9865967631340027,
          "visible": true
        },
        {
          "name": "left_knee",
          "x": 185.88003540039062,
          "y": 299.91363525390625,
          "confidence": 0.9981203675270081,
          "visible": true
        },
        {
          "name": "right_knee",
          "x": 190.73751831054688,
          "y": 286.7391052246094,
          "confidence": 0.9863638281822205,
          "visible": true
        },
        {
          "name": "left_ankle",
          "x": 93.35983276367188,
          "y": 412.13494873046875,
          "confidence": 0.9800602197647095,
          "visible": true
        },
        {
          "name": "right_ankle",
          "x": 97.09080505371094,
          "y": 401.06817626953125,
          "confidence": 0.9361662864685059,
          "visible": true
        }
      ],
      "confidence_scores": [
        0.9618608951568604,
        0.9807469248771667,
        0.19749093055725098,
        0.9714822173118591,
        0.012298938818275928,
        0.9984626770019531,
        0.9369484186172485,
        0.9976460337638855,
        0.702793538570404,
        0.9972245693206787,
        0.8679140210151672,
        0.9978529214859009,
        0.9865967631340027,
        0.9981203675270081,
        0.9863638281822205,
        0.9800602197647095,
        0.9361662864685059
      ],
      "average_confidence": 0.8535311500925351
    }
  ]
}