{
  "timestamp": "2025-11-03T15:16:44.559286",
  "image_shape": {
    "height": 480,
    "width": 640,
    "channels": 3
  },
  "num_persons_detected": 1,
  "persons": [
    {
      "person_id": 0,
      "keypoints": [
        {
          "name": "nose",
          "x": 252.78236389160156,
          "y": 88.8809814453125,
          "confidence": 0.9591020941734314,
          "visible": true
        },
        {
          "name": "left_eye",
          "x": 259.5284423828125,
          "y": 76.37989807128906,
          "confidence": 0.9831444025039673,
          "visible": true
        },
        {
          "name": "right_eye",
          "x": 255.55523681640625,
          "y": 79.54286193847656,
          "confidence": 0.21113568544387817,
          "visible": false
        },
        {
          "name": "left_ear",
          "x": 292.67327880859375,
          "y": 80.56382751464844,
          "confidence": 0.9825513958930969,
          "visible": true
        },
        {
          "name": "right_ear",
          "x": 283.5682067871094,
          "y": 82.23561096191406,
          "confidence": 0.0100213922560215,
          "visible": false
        },
        {
          "name": "left_shoulder",
          "x": 326.1357116699219,
          "y": 144.4541015625,
          "confidence": 0.9968940019607544,
          "visible": true
        },
        {
          "name": "right_shoulder",
          "x": 323.643798828125,
          "y": 131.96661376953125,
          "confidence": 0.8748450875282288,
          "visible": true
        },
        {
          "name": "left_elbow",
          "x": 329.069091796875,
          "y": 238.51870727539062,
          "confidence": 0.9958584904670715,
          "visible": true
        },
        {
          "name": "right_elbow",
          "x": 320.8573913574219,
          "y": 210.51681518554688,
          "confidence": 0.5106813311576843,
          "visible": true
        },
        {
          "name": "left_wrist",
          "x": 273.14837646484375,
          "y": 210.59088134765625,
          "confidence": 0.9965201616287231,
          "visible": true
        },
        {
          "name": "right_wrist",
          "x": 274.7071228027344,
          "y": 212.1397247314453,
          "confidence": 0.773434579372406,
          "visible": true
        },
        {
          "name": "left_hip",
          "x": 323.468505859375,
          "y": 283.3571472167969,
          "confidence": 0.9919467568397522,
          "visible": true
        },
        {
          "name": "right_hip",
          "x": 323.9957275390625,
          "y": 266.45947265625,
          "confidence": 0.9486531615257263,
          "visible": true
        },
        {
          "name": "left_knee",
          "x": 187.8297119140625,
          "y": 282.83026123046875,
          "confidence": 0.9962215423583984,
          "visible": true
        },
        {
          "name": "right_knee",
          "x": 196.77407836914062,
          "y": 262.74554443359375,
          "confidence": 0.9705318808555603,
          "visible": true
        },
        {
          "name": "left_ankle",
          "x": 192.16778564453125,
          "y": 412.5177917480469,
          "confidence": 0.9707280993461609,
          "visible": true
        },
        {
          "name": "right_ankle",
          "x": 198.05567932128906,
          "y": 396.0025939941406,
          "confidence": 0.9060001373291016,
          "visible": true
        }
      ],
      "confidence_scores": [
        0.9591020941734314,
        0.9831444025039673,
        0.21113568544387817,
        0.9825513958930969,
        0.0100213922560215,
        0.9968940019607544,
        0.8748450875282288,
        0.9958584904670715,
        0.5106813311576843,
        0.9965201616287231,
        0.773434579372406,
        0.9919467568397522,
        0.9486531615257263,
        0.9962215423583984,
        0.9705318808555603,
        0.9707280993461609,
        0.9060001373291016
      ],
      "average_confidence": 0.8281335412141155
    }
  ]
}