{
  "timestamp": "2025-11-03T15:13:23.088785",
  "image_shape": {
    "height": 480,
    "width": 640,
    "channels": 3
  },
  "num_persons_detected": 2,
  "persons": [
    {
      "person_id": 0,
      "keypoints": [
        {
          "name": "nose",
          "x": 368.74346923828125,
          "y": 58.742919921875,
          "confidence": 0.975943386554718,
          "visible": true
        },
        {
          "name": "left_eye",
          "x": 381.67498779296875,
          "y": 47.879180908203125,
          "confidence": 0.9852955341339111,
          "visible": true
        },
        {
          "name": "right_eye",
          "x": 370.86474609375,
          "y": 48.38822937011719,
          "confidence": 0.45725956559181213,
          "visible": false
        },
        {
          "name": "left_ear",
          "x": 409.3753662109375,
          "y": 59.22489929199219,
          "confidence": 0.9568935036659241,
          "visible": true
        },
        {
          "name": "right_ear",
          "x": 384.1880798339844,
          "y": 56.57475280761719,
          "confidence": 0.029892485588788986,
          "visible": false
        },
        {
          "name": "left_shoulder",
          "x": 395.1210632324219,
          "y": 125.31867980957031,
          "confidence": 0.994901180267334,
          "visible": true
        },
        {
          "name": "right_shoulder",
          "x": 390.074951171875,
          "y": 114.68556213378906,
          "confidence": 0.9012175798416138,
          "visible": true
        },
        {
          "name": "left_elbow",
          "x": 329.1209716796875,
          "y": 207.86965942382812,
          "confidence": 0.9960452914237976,
          "visible": true
        },
        {
          "name": "right_elbow",
          "x": 335.0397644042969,
          "y": 192.92837524414062,
          "confidence": 0.6223090887069702,
          "visible": true
        },
        {
          "name": "left_wrist",
          "x": 245.1220245361328,
          "y": 234.91976928710938,
          "confidence": 0.996894121170044,
          "visible": true
        },
        {
          "name": "right_wrist",
          "x": 264.9337158203125,
          "y": 230.5640106201172,
          "confidence": 0.8503491878509521,
          "visible": true
        },
        {
          "name": "left_hip",
          "x": 325.3075256347656,
          "y": 269.97625732421875,
          "confidence": 0.9924047589302063,
          "visible": true
        },
        {
          "name": "right_hip",
          "x": 320.51806640625,
          "y": 253.15725708007812,
          "confidence": 0.9579974412918091,
          "visible": true
        },
        {
          "name": "left_knee",
          "x": 189.54031372070312,
          "y": 277.6956481933594,
          "confidence": 0.9950154423713684,
          "visible": true
        },
        {
          "name": "right_knee",
          "x": 196.12774658203125,
          "y": 264.2987976074219,
          "confidence": 0.9623545408248901,
          "visible": true
        },
        {
          "name": "left_ankle",
          "x": 192.610595703125,
          "y": 405.0035095214844,
          "confidence": 0.9571413397789001,
          "visible": true
        },
        {
          "name": "right_ankle",
          "x": 187.43373107910156,
          "y": 394.44366455078125,
          "confidence": 0.8574790954589844,
          "visible": true
        }
      ],
      "confidence_scores": [
        0.975943386554718,
        0.9852955341339111,
        0.45725956559181213,
        0.9568935036659241,
        0.029892485588788986,
        0.994901180267334,
        0.9012175798416138,
        0.9960452914237976,
        0.6223090887069702,
        0.996894121170044,
        0.8503491878509521,
        0.9924047589302063,
        0.9579974412918091,
        0.9950154423713684,
        0.9623545408248901,
        0.9571413397789001,
        0.8574790954589844
      ],
      "average_confidence": 0.8523172672618838
    },
    {
      "person_id": 1,
      "keypoints": [
        {
          "name": "nose",
          "x": 5.024438858032227,
          "y": 69.9775390625,
          "confidence": 0.021183794364333153,
          "visible": false
        },
        {
          "name": "left_eye",
          "x": 2.54305362701416,
          "y": 62.483673095703125,
          "confidence": 0.014407949522137642,
          "visible": false
        },
        {
          "name": "right_eye",
          "x": 5.9844536781311035,
          "y": 62.017303466796875,
          "confidence": 0.013987340964376926,
          "visible": false
        },
        {
          "name": "left_ear",
          "x": 0.0,
          "y": 66.10853576660156,
          "confidence": 0.041705433279275894,
          "visible": false
        },
        {
          "name": "right_ear",
          "x": 8.741714477539062,
          "y": 65.28916931152344,
          "confidence": 0.057090502232313156,
          "visible": false
        },
        {
          "name": "left_shoulder",
          "x": 2.583505630493164,
          "y": 109.5360336303711,
          "confidence": 0.10372711718082428,
          "visible": false
        },
        {
          "name": "right_shoulder",
          "x": 7.158298492431641,
          "y": 105.25370788574219,
          "confidence": 0.03907501697540283,
          "visible": false
        },
        {
          "name": "left_elbow",
          "x": 9.269969940185547,
          "y": 153.5089111328125,
          "confidence": 0.05650673434138298,
          "visible": false
        },
        {
          "name": "right_elbow",
          "x": 10.641304016113281,
          "y": 149.20289611816406,
          "confidence": 0.018513783812522888,
          "visible": false
        },
        {
          "name": "left_wrist",
          "x": 10.899703979492188,
          "y": 157.5438232421875,
          "confidence": 0.0488504022359848,
          "visible": false
        },
        {
          "name": "right_wrist",
          "x": 11.267685890197754,
          "y": 160.92245483398438,
          "confidence": 0.025695418938994408,
          "visible": false
        },
        {
          "name": "left_hip",
          "x": 2.9955968856811523,
          "y": 192.753173828125,
          "confidence": 0.17060954868793488,
          "visible": false
        },
        {
          "name": "right_hip",
          "x": 6.6015305519104,
          "y": 191.09730529785156,
          "confidence": 0.11979919672012329,
          "visible": false
        },
        {
          "name": "left_knee",
          "x": 3.586961269378662,
          "y": 298.4830017089844,
          "confidence": 0.22920548915863037,
          "visible": false
        },
        {
          "name": "right_knee",
          "x": 7.483567237854004,
          "y": 296.72283935546875,
          "confidence": 0.16602946817874908,
          "visible": false
        },
        {
          "name": "left_ankle",
          "x": 1.4390069246292114,
          "y": 409.6020812988281,
          "confidence": 0.12188611179590225,
          "visible": false
        },
        {
          "name": "right_ankle",
          "x": 2.273375988006592,
          "y": 409.29132080078125,
          "confidence": 0.08867554366588593,
          "visible": false
        }
      ],
      "confidence_scores": [
        0.021183794364333153,
        0.014407949522137642,
        0.013987340964376926,
        0.041705433279275894,
        0.057090502232313156,
        0.10372711718082428,
        0.03907501697540283,
        0.05650673434138298,
        0.018513783812522888,
        0.0488504022359848,
        0.025695418938994408,
        0.17060954868793488,
        0.11979919672012329,
        0.22920548915863037,
        0.16602946817874908,
        0.12188611179590225,
        0.08867554366588593
      ],
      "average_confidence": 0.0786440501208691
    }
  ]
}