{
  "timestamp": "2025-11-03T15:19:02.134092",
  "image_shape": {
    "height": 480,
    "width": 640,
    "channels": 3
  },
  "num_persons_detected": 1,
  "persons": [
    {
      "person_id": 0,
      "keypoints": [
        {
          "name": "nose",
          "x": 317.7733154296875,
          "y": 55.39683532714844,
          "confidence": 0.9778447151184082,
          "visible": true
        },
        {
          "name": "left_eye",
          "x": 330.1212463378906,
          "y": 41.76312255859375,
          "confidence": 0.9836716055870056,
          "visible": true
        },
        {
          "name": "right_eye",
          "x": 317.9625244140625,
          "y": 45.574676513671875,
          "confidence": 0.5199609994888306,
          "visible": true
        },
        {
          "name": "left_ear",
          "x": 362.4520263671875,
          "y": 46.716888427734375,
          "confidence": 0.9692729711532593,
          "visible": true
        },
        {
          "name": "right_ear",
          "x": 331.39410400390625,
          "y": 50.89463806152344,
          "confidence": 0.037662260234355927,
          "visible": false
        },
        {
          "name": "left_shoulder",
          "x": 368.4392395019531,
          "y": 119.11610412597656,
          "confidence": 0.9930974841117859,
          "visible": true
        },
        {
          "name": "right_shoulder",
          "x": 344.68280029296875,
          "y": 111.05894470214844,
          "confidence": 0.9529597163200378,
          "visible": true
        },
        {
          "name": "left_elbow",
          "x": 351.2955322265625,
          "y": 232.624267578125,
          "confidence": 0.9930554032325745,
          "visible": true
        },
        {
          "name": "right_elbow",
          "x": 324.4114990234375,
          "y": 204.88729858398438,
          "confidence": 0.7477713823318481,
          "visible": true
        },
        {
          "name": "left_wrist",
          "x": 268.1681213378906,
          "y": 241.97166442871094,
          "confidence": 0.9954857230186462,
          "visible": true
        },
        {
          "name": "right_wrist",
          "x": 263.6140441894531,
          "y": 233.8151397705078,
          "confidence": 0.8760786056518555,
          "visible": true
        },
        {
          "name": "left_hip",
          "x": 333.2186279296875,
          "y": 288.1441650390625,
          "confidence": 0.9795430898666382,
          "visible": true
        },
        {
          "name": "right_hip",
          "x": 317.9231872558594,
          "y": 272.71893310546875,
          "confidence": 0.9349266886711121,
          "visible": true
        },
        {
          "name": "left_knee",
          "x": 192.57183837890625,
          "y": 290.48858642578125,
          "confidence": 0.97636878490448,
          "visible": true
        },
        {
          "name": "right_knee",
          "x": 189.82119750976562,
          "y": 273.2991638183594,
          "confidence": 0.8906010985374451,
          "visible": true
        },
        {
          "name": "left_ankle",
          "x": 294.76629638671875,
          "y": 385.0268249511719,
          "confidence": 0.8027473092079163,
          "visible": true
        },
        {
          "name": "right_ankle",
          "x": 287.54681396484375,
          "y": 374.3721923828125,
          "confidence": 0.6022440195083618,
          "visible": true
        }
      ],
      "confidence_scores": [
        0.9778447151184082,
        0.9836716055870056,
        0.5199609994888306,
        0.9692729711532593,
        0.037662260234355927,
        0.9930974841117859,
        0.9529597163200378,
        0.9930554032325745,
        0.7477713823318481,
        0.9954857230186462,
        0.8760786056518555,
        0.9795430898666382,
        0.9349266886711121,
        0.97636878490448,
        0.8906010985374451,
        0.8027473092079163,
        0.6022440195083618
      ],
      "average_confidence": 0.8372524621732095
    }
  ]
}