{
  "timestamp": "2025-11-03T15:16:54.641004",
  "image_shape": {
    "height": 480,
    "width": 640,
    "channels": 3
  },
  "num_persons_detected": 1,
  "persons": [
    {
      "person_id": 0,
      "keypoints": [
        {
          "name": "nose",
          "x": 342.9385070800781,
          "y": 72.7568359375,
          "confidence": 0.9487195014953613,
          "visible": true
        },
        {
          "name": "left_eye",
          "x": 353.9070739746094,
          "y": 61.576019287109375,
          "confidence": 0.9640493392944336,
          "visible": true
        },
        {
          "name": "right_eye",
          "x": 346.908935546875,
          "y": 64.17807006835938,
          "confidence": 0.25637391209602356,
          "visible": false
        },
        {
          "name": "left_ear",
          "x": 387.575439453125,
          "y": 68.70957946777344,
          "confidence": 0.9523345232009888,
          "visible": true
        },
        {
          "name": "right_ear",
          "x": 367.7873229980469,
          "y": 70.09513854980469,
          "confidence": 0.015421828255057335,
          "visible": false
        },
        {
          "name": "left_shoulder",
          "x": 396.1530456542969,
          "y": 135.33993530273438,
          "confidence": 0.9932740926742554,
          "visible": true
        },
        {
          "name": "right_shoulder",
          "x": 373.24859619140625,
          "y": 123.17369079589844,
          "confidence": 0.9304213523864746,
          "visible": true
        },
        {
          "name": "left_elbow",
          "x": 367.8018493652344,
          "y": 233.25836181640625,
          "confidence": 0.9940186738967896,
          "visible": true
        },
        {
          "name": "right_elbow",
          "x": 339.79925537109375,
          "y": 206.46253967285156,
          "confidence": 0.7420250177383423,
          "visible": true
        },
        {
          "name": "left_wrist",
          "x": 296.30645751953125,
          "y": 209.77755737304688,
          "confidence": 0.9961928129196167,
          "visible": true
        },
        {
          "name": "right_wrist",
          "x": 288.375244140625,
          "y": 209.16053771972656,
          "confidence": 0.8750371336936951,
          "visible": true
        },
        {
          "name": "left_hip",
          "x": 331.0116271972656,
          "y": 283.8698425292969,
          "confidence": 0.9933516383171082,
          "visible": true
        },
        {
          "name": "right_hip",
          "x": 317.21600341796875,
          "y": 264.50506591796875,
          "confidence": 0.9748431444168091,
          "visible": true
        },
        {
          "name": "left_knee",
          "x": 172.9317626953125,
          "y": 297.9101257324219,
          "confidence": 0.995520830154419,
          "visible": true
        },
        {
          "name": "right_knee",
          "x": 177.73046875,
          "y": 279.4229431152344,
          "confidence": 0.975888192653656,
          "visible": true
        },
        {
          "name": "left_ankle",
          "x": 208.90122985839844,
          "y": 412.164794921875,
          "confidence": 0.9555778503417969,
          "visible": true
        },
        {
          "name": "right_ankle",
          "x": 217.10836791992188,
          "y": 401.1572570800781,
          "confidence": 0.8826155662536621,
          "visible": true
        }
      ],
      "confidence_scores": [
        0.9487195014953613,
        0.9640493392944336,
        0.25637391209602356,
        0.9523345232009888,
        0.015421828255057335,
        0.9932740926742554,
        0.9304213523864746,
        0.9940186738967896,
        0.7420250177383423,
        0.9961928129196167,
        0.8750371336936951,
        0.9933516383171082,
        0.9748431444168091,
        0.995520830154419,
        0.975888192653656,
        0.9555778503417969,
        0.8826155662536621
      ],
      "average_confidence": 0.8497450241052052
    }
  ]
}