{
  "timestamp": "2025-11-03T15:14:00.233349",
  "image_shape": {
    "height": 480,
    "width": 640,
    "channels": 3
  },
  "num_persons_detected": 1,
  "persons": [
    {
      "person_id": 0,
      "keypoints": [
        {
          "name": "nose",
          "x": 318.3973388671875,
          "y": 56.65910339355469,
          "confidence": 0.9582877159118652,
          "visible": true
        },
        {
          "name": "left_eye",
          "x": 326.8876647949219,
          "y": 45.52626037597656,
          "confidence": 0.9755339026451111,
          "visible": true
        },
        {
          "name": "right_eye",
          "x": 319.2271728515625,
          "y": 44.847320556640625,
          "confidence": 0.24068871140480042,
          "visible": false
        },
        {
          "name": "left_ear",
          "x": 353.8050231933594,
          "y": 57.16413879394531,
          "confidence": 0.9700015187263489,
          "visible": true
        },
        {
          "name": "right_ear",
          "x": 341.3712158203125,
          "y": 52.62225341796875,
          "confidence": 0.028103793039917946,
          "visible": false
        },
        {
          "name": "left_shoulder",
          "x": 366.58642578125,
          "y": 129.4940185546875,
          "confidence": 0.9986074566841125,
          "visible": true
        },
        {
          "name": "right_shoulder",
          "x": 372.7738342285156,
          "y": 115.68940734863281,
          "confidence": 0.9502344727516174,
          "visible": true
        },
        {
          "name": "left_elbow",
          "x": 317.402099609375,
          "y": 215.54476928710938,
          "confidence": 0.9977489113807678,
          "visible": true
        },
        {
          "name": "right_elbow",
          "x": 329.9847412109375,
          "y": 201.87454223632812,
          "confidence": 0.7321540713310242,
          "visible": true
        },
        {
          "name": "left_wrist",
          "x": 231.7911834716797,
          "y": 208.61257934570312,
          "confidence": 0.99637371301651,
          "visible": true
        },
        {
          "name": "right_wrist",
          "x": 243.6839141845703,
          "y": 213.87490844726562,
          "confidence": 0.8566678166389465,
          "visible": true
        },
        {
          "name": "left_hip",
          "x": 328.7951354980469,
          "y": 274.82275390625,
          "confidence": 0.9980829954147339,
          "visible": true
        },
        {
          "name": "right_hip",
          "x": 333.6796569824219,
          "y": 256.1626892089844,
          "confidence": 0.9888105392456055,
          "visible": true
        },
        {
          "name": "left_knee",
          "x": 207.66455078125,
          "y": 290.48870849609375,
          "confidence": 0.998512327671051,
          "visible": true
        },
        {
          "name": "right_knee",
          "x": 218.9719696044922,
          "y": 271.1398620605469,
          "confidence": 0.9901984930038452,
          "visible": true
        },
        {
          "name": "left_ankle",
          "x": 131.8671417236328,
          "y": 401.2239990234375,
          "confidence": 0.9870914220809937,
          "visible": true
        },
        {
          "name": "right_ankle",
          "x": 136.3798828125,
          "y": 381.93951416015625,
          "confidence": 0.9602442383766174,
          "visible": true
        }
      ],
      "confidence_scores": [
        0.9582877159118652,
        0.9755339026451111,
        0.24068871140480042,
        0.9700015187263489,
        0.028103793039917946,
        0.9986074566841125,
        0.9502344727516174,
        0.9977489113807678,
        0.7321540713310242,
        0.99637371301651,
        0.8566678166389465,
        0.9980829954147339,
        0.9888105392456055,
        0.998512327671051,
        0.9901984930038452,
        0.9870914220809937,
        0.9602442383766174
      ],
      "average_confidence": 0.8604318881955217
    }
  ]
}