{
  "timestamp": "2025-11-03T15:14:56.351585",
  "image_shape": {
    "height": 480,
    "width": 640,
    "channels": 3
  },
  "num_persons_detected": 1,
  "persons": [
    {
      "person_id": 0,
      "keypoints": [
        {
          "name": "nose",
          "x": 221.6339111328125,
          "y": 77.49546813964844,
          "confidence": 0.9644170999526978,
          "visible": true
        },
        {
          "name": "left_eye",
          "x": 229.18222045898438,
          "y": 66.40858459472656,
          "confidence": 0.9866465330123901,
          "visible": true
        },
        {
          "name": "right_eye",
          "x": 227.25137329101562,
          "y": 70.32475280761719,
          "confidence": 0.23346950113773346,
          "visible": false
        },
        {
          "name": "left_ear",
          "x": 261.60784912109375,
          "y": 75.35391235351562,
          "confidence": 0.987863302230835,
          "visible": true
        },
        {
          "name": "right_ear",
          "x": 255.69667053222656,
          "y": 77.212646484375,
          "confidence": 0.013166391290724277,
          "visible": false
        },
        {
          "name": "left_shoulder",
          "x": 285.3731384277344,
          "y": 139.74560546875,
          "confidence": 0.9970711469650269,
          "visible": true
        },
        {
          "name": "right_shoulder",
          "x": 291.04815673828125,
          "y": 131.6973114013672,
          "confidence": 0.9047146439552307,
          "visible": true
        },
        {
          "name": "left_elbow",
          "x": 270.90008544921875,
          "y": 240.97250366210938,
          "confidence": 0.9958987832069397,
          "visible": true
        },
        {
          "name": "right_elbow",
          "x": 276.81121826171875,
          "y": 213.63250732421875,
          "confidence": 0.4671342372894287,
          "visible": false
        },
        {
          "name": "left_wrist",
          "x": 190.866455078125,
          "y": 242.14593505859375,
          "confidence": 0.9951759576797485,
          "visible": true
        },
        {
          "name": "right_wrist",
          "x": 222.49020385742188,
          "y": 231.714599609375,
          "confidence": 0.7133715748786926,
          "visible": true
        },
        {
          "name": "left_hip",
          "x": 323.51806640625,
          "y": 284.31103515625,
          "confidence": 0.9936873316764832,
          "visible": true
        },
        {
          "name": "right_hip",
          "x": 327.84442138671875,
          "y": 272.06268310546875,
          "confidence": 0.9612613916397095,
          "visible": true
        },
        {
          "name": "left_knee",
          "x": 193.65977478027344,
          "y": 297.0221862792969,
          "confidence": 0.9946337938308716,
          "visible": true
        },
        {
          "name": "right_knee",
          "x": 204.27713012695312,
          "y": 278.9395446777344,
          "confidence": 0.9557393193244934,
          "visible": true
        },
        {
          "name": "left_ankle",
          "x": 280.7684631347656,
          "y": 417.19195556640625,
          "confidence": 0.9510856866836548,
          "visible": true
        },
        {
          "name": "right_ankle",
          "x": 276.4281311035156,
          "y": 396.3673400878906,
          "confidence": 0.8467196226119995,
          "visible": true
        }
      ],
      "confidence_scores": [
        0.9644170999526978,
        0.9866465330123901,
        0.23346950113773346,
        0.987863302230835,
        0.013166391290724277,
        0.9970711469650269,
        0.9047146439552307,
        0.9958987832069397,
        0.4671342372894287,
        0.9951759576797485,
        0.7133715748786926,
        0.9936873316764832,
        0.9612613916397095,
        0.9946337938308716,
        0.9557393193244934,
        0.9510856866836548,
        0.8467196226119995
      ],
      "average_confidence": 0.8212974304333329
    }
  ]
}