{
  "timestamp": "2025-11-03T15:15:24.707939",
  "image_shape": {
    "height": 480,
    "width": 640,
    "channels": 3
  },
  "num_persons_detected": 1,
  "persons": [
    {
      "person_id": 0,
      "keypoints": [
        {
          "name": "nose",
          "x": 358.01055908203125,
          "y": 163.66268920898438,
          "confidence": 0.9705107808113098,
          "visible": true
        },
        {
          "name": "left_eye",
          "x": 374.63177490234375,
          "y": 160.22573852539062,
          "confidence": 0.9617630839347839,
          "visible": true
        },
        {
          "name": "right_eye",
          "x": 363.29205322265625,
          "y": 157.90481567382812,
          "confidence": 0.6807668805122375,
          "visible": true
        },
        {
          "name": "left_ear",
          "x": 400.9476013183594,
          "y": 184.21429443359375,
          "confidence": 0.9184813499450684,
          "visible": true
        },
        {
          "name": "right_ear",
          "x": 369.40228271484375,
          "y": 177.20013427734375,
          "confidence": 0.12501001358032227,
          "visible": false
        },
        {
          "name": "left_shoulder",
          "x": 369.5934753417969,
          "y": 232.30905151367188,
          "confidence": 0.9889916181564331,
          "visible": true
        },
        {
          "name": "right_shoulder",
          "x": 341.27789306640625,
          "y": 217.02481079101562,
          "confidence": 0.9631023406982422,
          "visible": true
        },
        {
          "name": "left_elbow",
          "x": 285.7996520996094,
          "y": 245.3289337158203,
          "confidence": 0.9646185040473938,
          "visible": true
        },
        {
          "name": "right_elbow",
          "x": 279.28118896484375,
          "y": 223.7119598388672,
          "confidence": 0.8016372323036194,
          "visible": true
        },
        {
          "name": "left_wrist",
          "x": 234.5117950439453,
          "y": 222.76419067382812,
          "confidence": 0.9588785171508789,
          "visible": true
        },
        {
          "name": "right_wrist",
          "x": 269.5873718261719,
          "y": 215.9536590576172,
          "confidence": 0.7755661010742188,
          "visible": true
        },
        {
          "name": "left_hip",
          "x": 227.01100158691406,
          "y": 284.11016845703125,
          "confidence": 0.9855417609214783,
          "visible": true
        },
        {
          "name": "right_hip",
          "x": 204.7960205078125,
          "y": 262.2565002441406,
          "confidence": 0.9708575010299683,
          "visible": true
        },
        {
          "name": "left_knee",
          "x": 71.72442626953125,
          "y": 291.28741455078125,
          "confidence": 0.9825689792633057,
          "visible": true
        },
        {
          "name": "right_knee",
          "x": 70.31301879882812,
          "y": 278.729736328125,
          "confidence": 0.9526994228363037,
          "visible": true
        },
        {
          "name": "left_ankle",
          "x": 60.708343505859375,
          "y": 379.26251220703125,
          "confidence": 0.9127711653709412,
          "visible": true
        },
        {
          "name": "right_ankle",
          "x": 67.80926513671875,
          "y": 376.4300842285156,
          "confidence": 0.8353667259216309,
          "visible": true
        }
      ],
      "confidence_scores": [
        0.9705107808113098,
        0.9617630839347839,
        0.6807668805122375,
        0.9184813499450684,
        0.12501001358032227,
        0.9889916181564331,
        0.9631023406982422,
        0.9646185040473938,
        0.8016372323036194,
        0.9588785171508789,
        0.7755661010742188,
        0.9855417609214783,
        0.9708575010299683,
        0.9825689792633057,
        0.9526994228363037,
        0.9127711653709412,
        0.8353667259216309
      ],
      "average_confidence": 0.8675959986798903
    }
  ]
}