{
  "timestamp": "2025-11-03T15:15:07.762316",
  "image_shape": {
    "height": 480,
    "width": 640,
    "channels": 3
  },
  "num_persons_detected": 1,
  "persons": [
    {
      "person_id": 0,
      "keypoints": [
        {
          "name": "nose",
          "x": 194.07196044921875,
          "y": 264.3028259277344,
          "confidence": 0.7580837607383728,
          "visible": true
        },
        {
          "name": "left_eye",
          "x": 190.25900268554688,
          "y": 254.01577758789062,
          "confidence": 0.7772805094718933,
          "visible": true
        },
        {
          "name": "right_eye",
          "x": 186.82077026367188,
          "y": 253.27061462402344,
          "confidence": 0.10323334485292435,
          "visible": false
        },
        {
          "name": "left_ear",
          "x": 198.50631713867188,
          "y": 227.02195739746094,
          "confidence": 0.3903068006038666,
          "visible": false
        },
        {
          "name": "right_ear",
          "x": 180.05113220214844,
          "y": 228.2546844482422,
          "confidence": 0.010428406298160553,
          "visible": false
        },
        {
          "name": "left_shoulder",
          "x": 229.8643341064453,
          "y": 217.6485595703125,
          "confidence": 0.9663398861885071,
          "visible": true
        },
        {
          "name": "right_shoulder",
          "x": 224.91159057617188,
          "y": 210.95387268066406,
          "confidence": 0.43177786469459534,
          "visible": false
        },
        {
          "name": "left_elbow",
          "x": 217.44708251953125,
          "y": 319.353759765625,
          "confidence": 0.987236738204956,
          "visible": true
        },
        {
          "name": "right_elbow",
          "x": 215.28501892089844,
          "y": 301.9915466308594,
          "confidence": 0.3623035252094269,
          "visible": false
        },
        {
          "name": "left_wrist",
          "x": 214.02249145507812,
          "y": 404.5480041503906,
          "confidence": 0.9794921875,
          "visible": true
        },
        {
          "name": "right_wrist",
          "x": 216.12619018554688,
          "y": 382.6141357421875,
          "confidence": 0.6011916995048523,
          "visible": true
        },
        {
          "name": "left_hip",
          "x": 334.7885437011719,
          "y": 246.27769470214844,
          "confidence": 0.9658681154251099,
          "visible": true
        },
        {
          "name": "right_hip",
          "x": 333.4098815917969,
          "y": 243.72537231445312,
          "confidence": 0.8370974659919739,
          "visible": true
        },
        {
          "name": "left_knee",
          "x": 207.39051818847656,
          "y": 277.2796630859375,
          "confidence": 0.9866068363189697,
          "visible": true
        },
        {
          "name": "right_knee",
          "x": 219.9885711669922,
          "y": 274.3040771484375,
          "confidence": 0.9101013541221619,
          "visible": true
        },
        {
          "name": "left_ankle",
          "x": 245.87429809570312,
          "y": 402.80419921875,
          "confidence": 0.9348618388175964,
          "visible": true
        },
        {
          "name": "right_ankle",
          "x": 256.5096130371094,
          "y": 403.4330139160156,
          "confidence": 0.8025723099708557,
          "visible": true
        }
      ],
      "confidence_scores": [
        0.7580837607383728,
        0.7772805094718933,
        0.10323334485292435,
        0.3903068006038666,
        0.010428406298160553,
        0.9663398861885071,
        0.43177786469459534,
        0.987236738204956,
        0.3623035252094269,
        0.9794921875,
        0.6011916995048523,
        0.9658681154251099,
        0.8370974659919739,
        0.9866068363189697,
        0.9101013541221619,
        0.9348618388175964,
        0.8025723099708557
      ],
      "average_confidence": 0.6943989790537778
    }
  ]
}