{
  "timestamp": "2025-11-03T15:18:04.920102",
  "image_shape": {
    "height": 480,
    "width": 640,
    "channels": 3
  },
  "num_persons_detected": 1,
  "persons": [
    {
      "person_id": 0,
      "keypoints": [
        {
          "name": "nose",
          "x": 189.6605224609375,
          "y": 210.03118896484375,
          "confidence": 0.5327242016792297,
          "visible": true
        },
        {
          "name": "left_eye",
          "x": 184.42202758789062,
          "y": 201.84503173828125,
          "confidence": 0.581027090549469,
          "visible": true
        },
        {
          "name": "right_eye",
          "x": 188.05859375,
          "y": 200.49490356445312,
          "confidence": 0.020985597744584084,
          "visible": false
        },
        {
          "name": "left_ear",
          "x": 198.70834350585938,
          "y": 178.29452514648438,
          "confidence": 0.6274272799491882,
          "visible": true
        },
        {
          "name": "right_ear",
          "x": 205.3216094970703,
          "y": 177.80426025390625,
          "confidence": 0.004896566737443209,
          "visible": false
        },
        {
          "name": "left_shoulder",
          "x": 244.66729736328125,
          "y": 178.5940399169922,
          "confidence": 0.9793710708618164,
          "visible": true
        },
        {
          "name": "right_shoulder",
          "x": 252.0614471435547,
          "y": 170.72238159179688,
          "confidence": 0.7697536945343018,
          "visible": true
        },
        {
          "name": "left_elbow",
          "x": 215.7485809326172,
          "y": 249.80609130859375,
          "confidence": 0.9927548766136169,
          "visible": true
        },
        {
          "name": "right_elbow",
          "x": 217.37510681152344,
          "y": 237.0316162109375,
          "confidence": 0.7625518441200256,
          "visible": true
        },
        {
          "name": "left_wrist",
          "x": 141.57208251953125,
          "y": 256.1527099609375,
          "confidence": 0.9916132688522339,
          "visible": true
        },
        {
          "name": "right_wrist",
          "x": 147.55116271972656,
          "y": 257.8927917480469,
          "confidence": 0.8874125480651855,
          "visible": true
        },
        {
          "name": "left_hip",
          "x": 290.4902038574219,
          "y": 268.486328125,
          "confidence": 0.9955387711524963,
          "visible": true
        },
        {
          "name": "right_hip",
          "x": 296.36346435546875,
          "y": 256.7052917480469,
          "confidence": 0.9854785203933716,
          "visible": true
        },
        {
          "name": "left_knee",
          "x": 165.94175720214844,
          "y": 299.9249572753906,
          "confidence": 0.9968217611312866,
          "visible": true
        },
        {
          "name": "right_knee",
          "x": 173.0198974609375,
          "y": 282.9775390625,
          "confidence": 0.9877795577049255,
          "visible": true
        },
        {
          "name": "left_ankle",
          "x": 117.02836608886719,
          "y": 414.71826171875,
          "confidence": 0.9742074608802795,
          "visible": true
        },
        {
          "name": "right_ankle",
          "x": 116.12669372558594,
          "y": 396.5927429199219,
          "confidence": 0.947507917881012,
          "visible": true
        }
      ],
      "confidence_scores": [
        0.5327242016792297,
        0.581027090549469,
        0.020985597744584084,
        0.6274272799491882,
        0.004896566737443209,
        0.9793710708618164,
        0.7697536945343018,
        0.9927548766136169,
        0.7625518441200256,
        0.9916132688522339,
        0.8874125480651855,
        0.9955387711524963,
        0.9854785203933716,
        0.9968217611312866,
        0.9877795577049255,
        0.9742074608802795,
        0.947507917881012
      ],
      "average_confidence": 0.7669324722853216
    }
  ]
}