{
  "timestamp": "2025-11-03T15:15:06.064712",
  "image_shape": {
    "height": 480,
    "width": 640,
    "channels": 3
  },
  "num_persons_detected": 1,
  "persons": [
    {
      "person_id": 0,
      "keypoints": [
        {
          "name": "nose",
          "x": 189.39675903320312,
          "y": 196.73619079589844,
          "confidence": 0.8368735313415527,
          "visible": true
        },
        {
          "name": "left_eye",
          "x": 184.72698974609375,
          "y": 184.59457397460938,
          "confidence": 0.9558333158493042,
          "visible": true
        },
        {
          "name": "right_eye",
          "x": 186.0036163330078,
          "y": 186.16539001464844,
          "confidence": 0.058686140924692154,
          "visible": false
        },
        {
          "name": "left_ear",
          "x": 199.8553009033203,
          "y": 160.05838012695312,
          "confidence": 0.9847162961959839,
          "visible": true
        },
        {
          "name": "right_ear",
          "x": 204.54403686523438,
          "y": 166.64727783203125,
          "confidence": 0.0075227790512144566,
          "visible": false
        },
        {
          "name": "left_shoulder",
          "x": 255.16664123535156,
          "y": 178.6800994873047,
          "confidence": 0.9939982891082764,
          "visible": true
        },
        {
          "name": "right_shoulder",
          "x": 265.4261169433594,
          "y": 175.28558349609375,
          "confidence": 0.7568371295928955,
          "visible": true
        },
        {
          "name": "left_elbow",
          "x": 259.3670959472656,
          "y": 274.2934875488281,
          "confidence": 0.9915397763252258,
          "visible": true
        },
        {
          "name": "right_elbow",
          "x": 259.2102966308594,
          "y": 253.80946350097656,
          "confidence": 0.2399001270532608,
          "visible": false
        },
        {
          "name": "left_wrist",
          "x": 180.6841278076172,
          "y": 275.6915283203125,
          "confidence": 0.9820839762687683,
          "visible": true
        },
        {
          "name": "right_wrist",
          "x": 193.70455932617188,
          "y": 275.4190673828125,
          "confidence": 0.38716456294059753,
          "visible": false
        },
        {
          "name": "left_hip",
          "x": 335.0648498535156,
          "y": 290.6287841796875,
          "confidence": 0.9781795740127563,
          "visible": true
        },
        {
          "name": "right_hip",
          "x": 343.1128845214844,
          "y": 282.0788269042969,
          "confidence": 0.8685473799705505,
          "visible": true
        },
        {
          "name": "left_knee",
          "x": 204.55950927734375,
          "y": 302.7626647949219,
          "confidence": 0.9853943586349487,
          "visible": true
        },
        {
          "name": "right_knee",
          "x": 212.96934509277344,
          "y": 286.4033203125,
          "confidence": 0.8872047662734985,
          "visible": true
        },
        {
          "name": "left_ankle",
          "x": 263.25128173828125,
          "y": 424.0419921875,
          "confidence": 0.9128463864326477,
          "visible": true
        },
        {
          "name": "right_ankle",
          "x": 261.63226318359375,
          "y": 409.8397521972656,
          "confidence": 0.7551652789115906,
          "visible": true
        }
      ],
      "confidence_scores": [
        0.8368735313415527,
        0.9558333158493042,
        0.058686140924692154,
        0.9847162961959839,
        0.0075227790512144566,
        0.9939982891082764,
        0.7568371295928955,
        0.9915397763252258,
        0.2399001270532608,
        0.9820839762687683,
        0.38716456294059753,
        0.9781795740127563,
        0.8685473799705505,
        0.9853943586349487,
        0.8872047662734985,
        0.9128463864326477,
        0.7551652789115906
      ],
      "average_confidence": 0.7401466864051626
    }
  ]
}