{
  "timestamp": "2025-11-03T15:16:35.983151",
  "image_shape": {
    "height": 480,
    "width": 640,
    "channels": 3
  },
  "num_persons_detected": 1,
  "persons": [
    {
      "person_id": 0,
      "keypoints": [
        {
          "name": "nose",
          "x": 164.0811309814453,
          "y": 104.39849853515625,
          "confidence": 0.9633961319923401,
          "visible": true
        },
        {
          "name": "left_eye",
          "x": 167.7440643310547,
          "y": 93.69024658203125,
          "confidence": 0.9887176752090454,
          "visible": true
        },
        {
          "name": "right_eye",
          "x": 165.12185668945312,
          "y": 94.227783203125,
          "confidence": 0.20111766457557678,
          "visible": false
        },
        {
          "name": "left_ear",
          "x": 192.75909423828125,
          "y": 96.01882934570312,
          "confidence": 0.9888082146644592,
          "visible": true
        },
        {
          "name": "right_ear",
          "x": 190.47561645507812,
          "y": 94.29852294921875,
          "confidence": 0.011482910253107548,
          "visible": false
        },
        {
          "name": "left_shoulder",
          "x": 231.6499481201172,
          "y": 149.85830688476562,
          "confidence": 0.9988861680030823,
          "visible": true
        },
        {
          "name": "right_shoulder",
          "x": 237.4482421875,
          "y": 140.4332275390625,
          "confidence": 0.8921812772750854,
          "visible": true
        },
        {
          "name": "left_elbow",
          "x": 210.13848876953125,
          "y": 238.83026123046875,
          "confidence": 0.9982806444168091,
          "visible": true
        },
        {
          "name": "right_elbow",
          "x": 210.951416015625,
          "y": 221.76129150390625,
          "confidence": 0.4988934397697449,
          "visible": false
        },
        {
          "name": "left_wrist",
          "x": 126.23938751220703,
          "y": 252.02285766601562,
          "confidence": 0.9970857501029968,
          "visible": true
        },
        {
          "name": "right_wrist",
          "x": 140.12510681152344,
          "y": 250.61343383789062,
          "confidence": 0.7634286880493164,
          "visible": true
        },
        {
          "name": "left_hip",
          "x": 260.9619140625,
          "y": 277.0001525878906,
          "confidence": 0.9974640607833862,
          "visible": true
        },
        {
          "name": "right_hip",
          "x": 266.8396301269531,
          "y": 263.8289794921875,
          "confidence": 0.9766867160797119,
          "visible": true
        },
        {
          "name": "left_knee",
          "x": 156.13890075683594,
          "y": 291.2218322753906,
          "confidence": 0.9980588555335999,
          "visible": true
        },
        {
          "name": "right_knee",
          "x": 163.73391723632812,
          "y": 272.3698425292969,
          "confidence": 0.9812333583831787,
          "visible": true
        },
        {
          "name": "left_ankle",
          "x": 92.3185043334961,
          "y": 416.9383544921875,
          "confidence": 0.9830579161643982,
          "visible": true
        },
        {
          "name": "right_ankle",
          "x": 93.89958190917969,
          "y": 392.4688415527344,
          "confidence": 0.9390578866004944,
          "visible": true
        }
      ],
      "confidence_scores": [
        0.9633961319923401,
        0.9887176752090454,
        0.20111766457557678,
        0.9888082146644592,
        0.011482910253107548,
        0.9988861680030823,
        0.8921812772750854,
        0.9982806444168091,
        0.4988934397697449,
        0.9970857501029968,
        0.7634286880493164,
        0.9974640607833862,
        0.9766867160797119,
        0.9980588555335999,
        0.9812333583831787,
        0.9830579161643982,
        0.9390578866004944
      ],
      "average_confidence": 0.8339904328150785
    }
  ]
}