{
  "timestamp": "2025-11-03T15:18:18.629178",
  "image_shape": {
    "height": 480,
    "width": 640,
    "channels": 3
  },
  "num_persons_detected": 2,
  "persons": [
    {
      "person_id": 0,
      "keypoints": [
        {
          "name": "nose",
          "x": 317.495849609375,
          "y": 57.224212646484375,
          "confidence": 0.8197739124298096,
          "visible": true
        },
        {
          "name": "left_eye",
          "x": 321.64971923828125,
          "y": 45.03160095214844,
          "confidence": 0.9119549989700317,
          "visible": true
        },
        {
          "name": "right_eye",
          "x": 321.79730224609375,
          "y": 47.62800598144531,
          "confidence": 0.052167631685733795,
          "visible": false
        },
        {
          "name": "left_ear",
          "x": 342.9461364746094,
          "y": 52.35984802246094,
          "confidence": 0.9683427214622498,
          "visible": true
        },
        {
          "name": "right_ear",
          "x": 348.484375,
          "y": 54.833160400390625,
          "confidence": 0.011415508575737476,
          "visible": false
        },
        {
          "name": "left_shoulder",
          "x": 359.49371337890625,
          "y": 123.87448120117188,
          "confidence": 0.9959695339202881,
          "visible": true
        },
        {
          "name": "right_shoulder",
          "x": 376.6983947753906,
          "y": 114.40779113769531,
          "confidence": 0.8571860790252686,
          "visible": true
        },
        {
          "name": "left_elbow",
          "x": 343.2569580078125,
          "y": 229.75424194335938,
          "confidence": 0.9972202777862549,
          "visible": true
        },
        {
          "name": "right_elbow",
          "x": 359.6246643066406,
          "y": 207.57192993164062,
          "confidence": 0.5127841830253601,
          "visible": true
        },
        {
          "name": "left_wrist",
          "x": 256.65533447265625,
          "y": 242.07814025878906,
          "confidence": 0.9971206188201904,
          "visible": true
        },
        {
          "name": "right_wrist",
          "x": 286.2844543457031,
          "y": 230.73870849609375,
          "confidence": 0.765100359916687,
          "visible": true
        },
        {
          "name": "left_hip",
          "x": 337.42303466796875,
          "y": 286.4175720214844,
          "confidence": 0.9912633895874023,
          "visible": true
        },
        {
          "name": "right_hip",
          "x": 349.5473937988281,
          "y": 269.53240966796875,
          "confidence": 0.9408802390098572,
          "visible": true
        },
        {
          "name": "left_knee",
          "x": 191.4016876220703,
          "y": 280.9092102050781,
          "confidence": 0.9939217567443848,
          "visible": true
        },
        {
          "name": "right_knee",
          "x": 203.89031982421875,
          "y": 262.1494140625,
          "confidence": 0.9433501362800598,
          "visible": true
        },
        {
          "name": "left_ankle",
          "x": 218.620849609375,
          "y": 421.3035583496094,
          "confidence": 0.9377127885818481,
          "visible": true
        },
        {
          "name": "right_ankle",
          "x": 218.80276489257812,
          "y": 402.2225646972656,
          "confidence": 0.7856507301330566,
          "visible": true
        }
      ],
      "confidence_scores": [
        0.8197739124298096,
        0.9119549989700317,
        0.052167631685733795,
        0.9683427214622498,
        0.011415508575737476,
        0.9959695339202881,
        0.8571860790252686,
        0.9972202777862549,
        0.5127841830253601,
        0.9971206188201904,
        0.765100359916687,
        0.9912633895874023,
        0.9408802390098572,
        0.9939217567443848,
        0.9433501362800598,
        0.9377127885818481,
        0.7856507301330566
      ],
      "average_confidence": 0.7930479332914248
    },
    {
      "person_id": 1,
      "keypoints": [
        {
          "name": "nose",
          "x": 10.132307052612305,
          "y": 0.0,
          "confidence": 0.013546413742005825,
          "visible": false
        },
        {
          "name": "left_eye",
          "x": 8.279614448547363,
          "y": 0.0,
          "confidence": 0.0073906308971345425,
          "visible": false
        },
        {
          "name": "right_eye",
          "x": 11.76014518737793,
          "y": 0.0,
          "confidence": 0.003373116021975875,
          "visible": false
        },
        {
          "name": "left_ear",
          "x": 10.137741088867188,
          "y": 0.0,
          "confidence": 0.00902235135436058,
          "visible": false
        },
        {
          "name": "right_ear",
          "x": 16.860858917236328,
          "y": 0.0,
          "confidence": 0.004717234056442976,
          "visible": false
        },
        {
          "name": "left_shoulder",
          "x": 17.304109573364258,
          "y": 12.498748779296875,
          "confidence": 0.07567399740219116,
          "visible": false
        },
        {
          "name": "right_shoulder",
          "x": 13.496121406555176,
          "y": 11.947265625,
          "confidence": 0.009546216577291489,
          "visible": false
        },
        {
          "name": "left_elbow",
          "x": 21.35245704650879,
          "y": 78.36335754394531,
          "confidence": 0.36760416626930237,
          "visible": false
        },
        {
          "name": "right_elbow",
          "x": 21.110660552978516,
          "y": 80.37147521972656,
          "confidence": 0.033551957458257675,
          "visible": false
        },
        {
          "name": "left_wrist",
          "x": 13.342704772949219,
          "y": 75.76625061035156,
          "confidence": 0.4392577111721039,
          "visible": false
        },
        {
          "name": "right_wrist",
          "x": 17.49040985107422,
          "y": 72.28329467773438,
          "confidence": 0.09540572762489319,
          "visible": false
        },
        {
          "name": "left_hip",
          "x": 10.328573226928711,
          "y": 155.2318878173828,
          "confidence": 0.20631441473960876,
          "visible": false
        },
        {
          "name": "right_hip",
          "x": 7.6058454513549805,
          "y": 153.76339721679688,
          "confidence": 0.08487492799758911,
          "visible": false
        },
        {
          "name": "left_knee",
          "x": 5.432413101196289,
          "y": 289.4135437011719,
          "confidence": 0.24081094563007355,
          "visible": false
        },
        {
          "name": "right_knee",
          "x": 3.571382522583008,
          "y": 287.2651062011719,
          "confidence": 0.10420524328947067,
          "visible": false
        },
        {
          "name": "left_ankle",
          "x": 2.2763993740081787,
          "y": 410.545654296875,
          "confidence": 0.049021195620298386,
          "visible": false
        },
        {
          "name": "right_ankle",
          "x": 0.0,
          "y": 404.81781005859375,
          "confidence": 0.023811424151062965,
          "visible": false
        }
      ],
      "confidence_scores": [
        0.013546413742005825,
        0.0073906308971345425,
        0.003373116021975875,
        0.00902235135436058,
        0.004717234056442976,
        0.07567399740219116,
        0.009546216577291489,
        0.36760416626930237,
        0.033551957458257675,
        0.4392577111721039,
        0.09540572762489319,
        0.20631441473960876,
        0.08487492799758911,
        0.24081094563007355,
        0.10420524328947067,
        0.049021195620298386,
        0.023811424151062965
      ],
      "average_confidence": 0.10400751023553312
    }
  ]
}