{
  "timestamp": "2025-11-03T15:15:01.430559",
  "image_shape": {
    "height": 480,
    "width": 640,
    "channels": 3
  },
  "num_persons_detected": 1,
  "persons": [
    {
      "person_id": 0,
      "keypoints": [
        {
          "name": "nose",
          "x": 204.69338989257812,
          "y": 104.31564331054688,
          "confidence": 0.9790786504745483,
          "visible": true
        },
        {
          "name": "left_eye",
          "x": 213.20166015625,
          "y": 92.72975158691406,
          "confidence": 0.992073655128479,
          "visible": true
        },
        {
          "name": "right_eye",
          "x": 207.38287353515625,
          "y": 96.57785034179688,
          "confidence": 0.3850328028202057,
          "visible": false
        },
        {
          "name": "left_ear",
          "x": 247.11351013183594,
          "y": 97.41279602050781,
          "confidence": 0.9857930541038513,
          "visible": true
        },
        {
          "name": "right_ear",
          "x": 229.7438507080078,
          "y": 99.69439697265625,
          "confidence": 0.012681972235441208,
          "visible": false
        },
        {
          "name": "left_shoulder",
          "x": 278.57720947265625,
          "y": 154.05287170410156,
          "confidence": 0.9950265288352966,
          "visible": true
        },
        {
          "name": "right_shoulder",
          "x": 269.74163818359375,
          "y": 146.94627380371094,
          "confidence": 0.8833325505256653,
          "visible": true
        },
        {
          "name": "left_elbow",
          "x": 262.7831726074219,
          "y": 254.07406616210938,
          "confidence": 0.9939771890640259,
          "visible": true
        },
        {
          "name": "right_elbow",
          "x": 255.69921875,
          "y": 226.01919555664062,
          "confidence": 0.4776192903518677,
          "visible": false
        },
        {
          "name": "left_wrist",
          "x": 183.16409301757812,
          "y": 265.2062072753906,
          "confidence": 0.9942752718925476,
          "visible": true
        },
        {
          "name": "right_wrist",
          "x": 200.11041259765625,
          "y": 258.35089111328125,
          "confidence": 0.7467450499534607,
          "visible": true
        },
        {
          "name": "left_hip",
          "x": 331.650146484375,
          "y": 284.0066833496094,
          "confidence": 0.9852893948554993,
          "visible": true
        },
        {
          "name": "right_hip",
          "x": 325.9285888671875,
          "y": 273.05743408203125,
          "confidence": 0.9272500872612,
          "visible": true
        },
        {
          "name": "left_knee",
          "x": 204.22982788085938,
          "y": 299.4580383300781,
          "confidence": 0.9895970225334167,
          "visible": true
        },
        {
          "name": "right_knee",
          "x": 204.99586486816406,
          "y": 282.2301940917969,
          "confidence": 0.9308177828788757,
          "visible": true
        },
        {
          "name": "left_ankle",
          "x": 289.52301025390625,
          "y": 417.4964599609375,
          "confidence": 0.9172887206077576,
          "visible": true
        },
        {
          "name": "right_ankle",
          "x": 279.1834716796875,
          "y": 399.5749206542969,
          "confidence": 0.7854258418083191,
          "visible": true
        }
      ],
      "confidence_scores": [
        0.9790786504745483,
        0.992073655128479,
        0.3850328028202057,
        0.9857930541038513,
        0.012681972235441208,
        0.9950265288352966,
        0.8833325505256653,
        0.9939771890640259,
        0.4776192903518677,
        0.9942752718925476,
        0.7467450499534607,
        0.9852893948554993,
        0.9272500872612,
        0.9895970225334167,
        0.9308177828788757,
        0.9172887206077576,
        0.7854258418083191
      ],
      "average_confidence": 0.8224296979606152
    }
  ]
}