{
  "timestamp": "2025-11-03T15:18:54.996324",
  "image_shape": {
    "height": 480,
    "width": 640,
    "channels": 3
  },
  "num_persons_detected": 1,
  "persons": [
    {
      "person_id": 0,
      "keypoints": [
        {
          "name": "nose",
          "x": 298.65972900390625,
          "y": 43.53858947753906,
          "confidence": 0.9811882376670837,
          "visible": true
        },
        {
          "name": "left_eye",
          "x": 309.3686218261719,
          "y": 31.202865600585938,
          "confidence": 0.9886908531188965,
          "visible": true
        },
        {
          "name": "right_eye",
          "x": 299.581787109375,
          "y": 31.279342651367188,
          "confidence": 0.44066712260246277,
          "visible": false
        },
        {
          "name": "left_ear",
          "x": 337.92181396484375,
          "y": 44.40913391113281,
          "confidence": 0.973635733127594,
          "visible": true
        },
        {
          "name": "right_ear",
          "x": 314.3562927246094,
          "y": 41.615081787109375,
          "confidence": 0.01772017404437065,
          "visible": false
        },
        {
          "name": "left_shoulder",
          "x": 356.1847839355469,
          "y": 122.19465637207031,
          "confidence": 0.9962872266769409,
          "visible": true
        },
        {
          "name": "right_shoulder",
          "x": 330.8438720703125,
          "y": 113.08177185058594,
          "confidence": 0.9298903942108154,
          "visible": true
        },
        {
          "name": "left_elbow",
          "x": 344.3533935546875,
          "y": 229.8582305908203,
          "confidence": 0.996356725692749,
          "visible": true
        },
        {
          "name": "right_elbow",
          "x": 310.7066345214844,
          "y": 213.46981811523438,
          "confidence": 0.7160230278968811,
          "visible": true
        },
        {
          "name": "left_wrist",
          "x": 259.0496520996094,
          "y": 238.35057067871094,
          "confidence": 0.997642457485199,
          "visible": true
        },
        {
          "name": "right_wrist",
          "x": 254.82516479492188,
          "y": 234.0753173828125,
          "confidence": 0.899311900138855,
          "visible": true
        },
        {
          "name": "left_hip",
          "x": 326.4583740234375,
          "y": 278.4253234863281,
          "confidence": 0.9907652139663696,
          "visible": true
        },
        {
          "name": "right_hip",
          "x": 311.63201904296875,
          "y": 261.2158203125,
          "confidence": 0.958180844783783,
          "visible": true
        },
        {
          "name": "left_knee",
          "x": 176.1511688232422,
          "y": 278.2673645019531,
          "confidence": 0.9944409728050232,
          "visible": true
        },
        {
          "name": "right_knee",
          "x": 174.24468994140625,
          "y": 257.47772216796875,
          "confidence": 0.9653763771057129,
          "visible": true
        },
        {
          "name": "left_ankle",
          "x": 189.8017578125,
          "y": 426.31793212890625,
          "confidence": 0.9444695115089417,
          "visible": true
        },
        {
          "name": "right_ankle",
          "x": 195.22230529785156,
          "y": 400.3940734863281,
          "confidence": 0.8474797606468201,
          "visible": true
        }
      ],
      "confidence_scores": [
        0.9811882376670837,
        0.9886908531188965,
        0.44066712260246277,
        0.973635733127594,
        0.01772017404437065,
        0.9962872266769409,
        0.9298903942108154,
        0.996356725692749,
        0.7160230278968811,
        0.997642457485199,
        0.899311900138855,
        0.9907652139663696,
        0.958180844783783,
        0.9944409728050232,
        0.9653763771057129,
        0.9444695115089417,
        0.8474797606468201
      ],
      "average_confidence": 0.8610662666752058
    }
  ]
}