{
  "timestamp": "2025-11-03T15:17:59.480739",
  "image_shape": {
    "height": 480,
    "width": 640,
    "channels": 3
  },
  "num_persons_detected": 1,
  "persons": [
    {
      "person_id": 0,
      "keypoints": [
        {
          "name": "nose",
          "x": 160.4645538330078,
          "y": 117.57589721679688,
          "confidence": 0.9742398858070374,
          "visible": true
        },
        {
          "name": "left_eye",
          "x": 167.00662231445312,
          "y": 106.26042175292969,
          "confidence": 0.9920700192451477,
          "visible": true
        },
        {
          "name": "right_eye",
          "x": 161.39630126953125,
          "y": 107.5924072265625,
          "confidence": 0.27475133538246155,
          "visible": false
        },
        {
          "name": "left_ear",
          "x": 198.2005615234375,
          "y": 108.65049743652344,
          "confidence": 0.9885297417640686,
          "visible": true
        },
        {
          "name": "right_ear",
          "x": 186.92678833007812,
          "y": 107.25265502929688,
          "confidence": 0.010892773047089577,
          "visible": false
        },
        {
          "name": "left_shoulder",
          "x": 235.01724243164062,
          "y": 158.39080810546875,
          "confidence": 0.9980975985527039,
          "visible": true
        },
        {
          "name": "right_shoulder",
          "x": 239.2358856201172,
          "y": 152.05523681640625,
          "confidence": 0.8931968212127686,
          "visible": true
        },
        {
          "name": "left_elbow",
          "x": 209.13536071777344,
          "y": 242.7716064453125,
          "confidence": 0.9970357418060303,
          "visible": true
        },
        {
          "name": "right_elbow",
          "x": 210.1182861328125,
          "y": 229.65750122070312,
          "confidence": 0.5096009373664856,
          "visible": true
        },
        {
          "name": "left_wrist",
          "x": 123.74818420410156,
          "y": 255.79885864257812,
          "confidence": 0.9962198138237,
          "visible": true
        },
        {
          "name": "right_wrist",
          "x": 136.38926696777344,
          "y": 254.16949462890625,
          "confidence": 0.7852150201797485,
          "visible": true
        },
        {
          "name": "left_hip",
          "x": 272.7887878417969,
          "y": 279.2208557128906,
          "confidence": 0.9962761402130127,
          "visible": true
        },
        {
          "name": "right_hip",
          "x": 277.5367736816406,
          "y": 266.91583251953125,
          "confidence": 0.9736239910125732,
          "visible": true
        },
        {
          "name": "left_knee",
          "x": 155.28036499023438,
          "y": 292.6033020019531,
          "confidence": 0.99791020154953,
          "visible": true
        },
        {
          "name": "right_knee",
          "x": 165.16075134277344,
          "y": 275.3610534667969,
          "confidence": 0.9833838939666748,
          "visible": true
        },
        {
          "name": "left_ankle",
          "x": 110.55828857421875,
          "y": 421.0854187011719,
          "confidence": 0.9842387437820435,
          "visible": true
        },
        {
          "name": "right_ankle",
          "x": 111.73822021484375,
          "y": 397.2855224609375,
          "confidence": 0.9504242539405823,
          "visible": true
        }
      ],
      "confidence_scores": [
        0.9742398858070374,
        0.9920700192451477,
        0.27475133538246155,
        0.9885297417640686,
        0.010892773047089577,
        0.9980975985527039,
        0.8931968212127686,
        0.9970357418060303,
        0.5096009373664856,
        0.9962198138237,
        0.7852150201797485,
        0.9962761402130127,
        0.9736239910125732,
        0.99791020154953,
        0.9833838939666748,
        0.9842387437820435,
        0.9504242539405823
      ],
      "average_confidence": 0.8415121713324505
    }
  ]
}