{
  "timestamp": "2025-11-03T15:15:52.572263",
  "image_shape": {
    "height": 480,
    "width": 640,
    "channels": 3
  },
  "num_persons_detected": 1,
  "persons": [
    {
      "person_id": 0,
      "keypoints": [
        {
          "name": "nose",
          "x": 187.102294921875,
          "y": 116.47300720214844,
          "confidence": 0.9809735417366028,
          "visible": true
        },
        {
          "name": "left_eye",
          "x": 191.71484375,
          "y": 103.08372497558594,
          "confidence": 0.992796003818512,
          "visible": true
        },
        {
          "name": "right_eye",
          "x": 184.4737548828125,
          "y": 106.49728393554688,
          "confidence": 0.45154091715812683,
          "visible": false
        },
        {
          "name": "left_ear",
          "x": 220.4666748046875,
          "y": 99.76434326171875,
          "confidence": 0.9866744875907898,
          "visible": true
        },
        {
          "name": "right_ear",
          "x": 204.25892639160156,
          "y": 105.44041442871094,
          "confidence": 0.020056769251823425,
          "visible": false
        },
        {
          "name": "left_shoulder",
          "x": 270.8065185546875,
          "y": 148.457275390625,
          "confidence": 0.9959067106246948,
          "visible": true
        },
        {
          "name": "right_shoulder",
          "x": 254.87808227539062,
          "y": 144.30722045898438,
          "confidence": 0.9368176460266113,
          "visible": true
        },
        {
          "name": "left_elbow",
          "x": 236.6859588623047,
          "y": 243.05917358398438,
          "confidence": 0.9894387125968933,
          "visible": true
        },
        {
          "name": "right_elbow",
          "x": 229.3724365234375,
          "y": 224.65875244140625,
          "confidence": 0.6465827822685242,
          "visible": true
        },
        {
          "name": "left_wrist",
          "x": 165.04119873046875,
          "y": 237.23414611816406,
          "confidence": 0.9838505387306213,
          "visible": true
        },
        {
          "name": "right_wrist",
          "x": 173.98431396484375,
          "y": 238.0839385986328,
          "confidence": 0.7731981873512268,
          "visible": true
        },
        {
          "name": "left_hip",
          "x": 330.9575500488281,
          "y": 276.2872314453125,
          "confidence": 0.9877414703369141,
          "visible": true
        },
        {
          "name": "right_hip",
          "x": 320.7706604003906,
          "y": 265.9593811035156,
          "confidence": 0.9621020555496216,
          "visible": true
        },
        {
          "name": "left_knee",
          "x": 199.37283325195312,
          "y": 274.8381652832031,
          "confidence": 0.9941238760948181,
          "visible": true
        },
        {
          "name": "right_knee",
          "x": 196.65997314453125,
          "y": 260.0313720703125,
          "confidence": 0.9782610535621643,
          "visible": true
        },
        {
          "name": "left_ankle",
          "x": 187.81610107421875,
          "y": 408.5366516113281,
          "confidence": 0.9694166779518127,
          "visible": true
        },
        {
          "name": "right_ankle",
          "x": 190.3848419189453,
          "y": 398.80926513671875,
          "confidence": 0.9418801665306091,
          "visible": true
        }
      ],
      "confidence_scores": [
        0.9809735417366028,
        0.992796003818512,
        0.45154091715812683,
        0.9866744875907898,
        0.020056769251823425,
        0.9959067106246948,
        0.9368176460266113,
        0.9894387125968933,
        0.6465827822685242,
        0.9838505387306213,
        0.7731981873512268,
        0.9877414703369141,
        0.9621020555496216,
        0.9941238760948181,
        0.9782610535621643,
        0.9694166779518127,
        0.9418801665306091
      ],
      "average_confidence": 0.8583153880694333
    }
  ]
}