{
  "timestamp": "2025-11-03T15:18:24.563993",
  "image_shape": {
    "height": 480,
    "width": 640,
    "channels": 3
  },
  "num_persons_detected": 2,
  "persons": [
    {
      "person_id": 0,
      "keypoints": [
        {
          "name": "nose",
          "x": 328.4378662109375,
          "y": 89.91624450683594,
          "confidence": 0.9759594798088074,
          "visible": true
        },
        {
          "name": "left_eye",
          "x": 337.93536376953125,
          "y": 78.59640502929688,
          "confidence": 0.9853014349937439,
          "visible": true
        },
        {
          "name": "right_eye",
          "x": 330.96356201171875,
          "y": 81.06318664550781,
          "confidence": 0.4214957356452942,
          "visible": false
        },
        {
          "name": "left_ear",
          "x": 366.8087463378906,
          "y": 83.21424865722656,
          "confidence": 0.9637064933776855,
          "visible": true
        },
        {
          "name": "right_ear",
          "x": 349.65325927734375,
          "y": 84.901611328125,
          "confidence": 0.02153748832643032,
          "visible": false
        },
        {
          "name": "left_shoulder",
          "x": 373.49761962890625,
          "y": 139.0146484375,
          "confidence": 0.9929746389389038,
          "visible": true
        },
        {
          "name": "right_shoulder",
          "x": 369.1414489746094,
          "y": 134.34774780273438,
          "confidence": 0.9106071591377258,
          "visible": true
        },
        {
          "name": "left_elbow",
          "x": 341.63909912109375,
          "y": 221.81845092773438,
          "confidence": 0.9948456287384033,
          "visible": true
        },
        {
          "name": "right_elbow",
          "x": 343.6866149902344,
          "y": 210.408935546875,
          "confidence": 0.6722781658172607,
          "visible": true
        },
        {
          "name": "left_wrist",
          "x": 255.43099975585938,
          "y": 238.82131958007812,
          "confidence": 0.9965992569923401,
          "visible": true
        },
        {
          "name": "right_wrist",
          "x": 270.9901123046875,
          "y": 235.30511474609375,
          "confidence": 0.8668838739395142,
          "visible": true
        },
        {
          "name": "left_hip",
          "x": 334.3612060546875,
          "y": 287.6418151855469,
          "confidence": 0.9856566190719604,
          "visible": true
        },
        {
          "name": "right_hip",
          "x": 331.5743713378906,
          "y": 271.90106201171875,
          "confidence": 0.9398780465126038,
          "visible": true
        },
        {
          "name": "left_knee",
          "x": 179.85183715820312,
          "y": 285.77532958984375,
          "confidence": 0.9896788597106934,
          "visible": true
        },
        {
          "name": "right_knee",
          "x": 185.6297607421875,
          "y": 270.7288818359375,
          "confidence": 0.9370089173316956,
          "visible": true
        },
        {
          "name": "left_ankle",
          "x": 214.5927276611328,
          "y": 417.08038330078125,
          "confidence": 0.9128701090812683,
          "visible": true
        },
        {
          "name": "right_ankle",
          "x": 215.9288330078125,
          "y": 401.97265625,
          "confidence": 0.7686812877655029,
          "visible": true
        }
      ],
      "confidence_scores": [
        0.9759594798088074,
        0.9853014349937439,
        0.4214957356452942,
        0.9637064933776855,
        0.02153748832643032,
        0.9929746389389038,
        0.9106071591377258,
        0.9948456287384033,
        0.6722781658172607,
        0.9965992569923401,
        0.8668838739395142,
        0.9856566190719604,
        0.9398780465126038,
        0.9896788597106934,
        0.9370089173316956,
        0.9128701090812683,
        0.7686812877655029
      ],
      "average_confidence": 0.8432919526582255
    },
    {
      "person_id": 1,
      "keypoints": [
        {
          "name": "nose",
          "x": 1.523590087890625,
          "y": 1.3373260498046875,
          "confidence": 0.006983925588428974,
          "visible": false
        },
        {
          "name": "left_eye",
          "x": 0.0,
          "y": 0.0,
          "confidence": 0.0030826926231384277,
          "visible": false
        },
        {
          "name": "right_eye",
          "x": 3.0706844329833984,
          "y": 0.0,
          "confidence": 0.0032675627153366804,
          "visible": false
        },
        {
          "name": "left_ear",
          "x": 0.0,
          "y": 0.0,
          "confidence": 0.00512351281940937,
          "visible": false
        },
        {
          "name": "right_ear",
          "x": 5.495395660400391,
          "y": 0.0,
          "confidence": 0.007675863336771727,
          "visible": false
        },
        {
          "name": "left_shoulder",
          "x": 5.008501052856445,
          "y": 22.400131225585938,
          "confidence": 0.028928959742188454,
          "visible": false
        },
        {
          "name": "right_shoulder",
          "x": 2.422381639480591,
          "y": 21.60540771484375,
          "confidence": 0.012713612988591194,
          "visible": false
        },
        {
          "name": "left_elbow",
          "x": 12.51862621307373,
          "y": 70.78193664550781,
          "confidence": 0.09861841052770615,
          "visible": false
        },
        {
          "name": "right_elbow",
          "x": 14.5660400390625,
          "y": 74.40309143066406,
          "confidence": 0.03965414687991142,
          "visible": false
        },
        {
          "name": "left_wrist",
          "x": 10.71619701385498,
          "y": 68.97018432617188,
          "confidence": 0.1353670060634613,
          "visible": false
        },
        {
          "name": "right_wrist",
          "x": 12.87214469909668,
          "y": 73.325927734375,
          "confidence": 0.07940544188022614,
          "visible": false
        },
        {
          "name": "left_hip",
          "x": 5.957513809204102,
          "y": 149.33770751953125,
          "confidence": 0.20416297018527985,
          "visible": false
        },
        {
          "name": "right_hip",
          "x": 3.2701315879821777,
          "y": 148.40078735351562,
          "confidence": 0.15796256065368652,
          "visible": false
        },
        {
          "name": "left_knee",
          "x": 3.6256227493286133,
          "y": 286.2640380859375,
          "confidence": 0.2263462096452713,
          "visible": false
        },
        {
          "name": "right_knee",
          "x": 4.328517913818359,
          "y": 285.326171875,
          "confidence": 0.17693696916103363,
          "visible": false
        },
        {
          "name": "left_ankle",
          "x": 0.0,
          "y": 397.5755615234375,
          "confidence": 0.06662841141223907,
          "visible": false
        },
        {
          "name": "right_ankle",
          "x": 0.0,
          "y": 395.47412109375,
          "confidence": 0.05081607401371002,
          "visible": false
        }
      ],
      "confidence_scores": [
        0.006983925588428974,
        0.0030826926231384277,
        0.0032675627153366804,
        0.00512351281940937,
        0.007675863336771727,
        0.028928959742188454,
        0.012713612988591194,
        0.09861841052770615,
        0.03965414687991142,
        0.1353670060634613,
        0.07940544188022614,
        0.20416297018527985,
        0.15796256065368652,
        0.2263462096452713,
        0.17693696916103363,
        0.06662841141223907,
        0.05081607401371002
      ],
      "average_confidence": 0.07668672530802295
    }
  ]
}