{
  "timestamp": "2025-11-03T15:15:07.466060",
  "image_shape": {
    "height": 480,
    "width": 640,
    "channels": 3
  },
  "num_persons_detected": 1,
  "persons": [
    {
      "person_id": 0,
      "keypoints": [
        {
          "name": "nose",
          "x": 191.7213897705078,
          "y": 263.09307861328125,
          "confidence": 0.8552963733673096,
          "visible": true
        },
        {
          "name": "left_eye",
          "x": 188.55947875976562,
          "y": 254.9851531982422,
          "confidence": 0.9010361433029175,
          "visible": true
        },
        {
          "name": "right_eye",
          "x": 186.64859008789062,
          "y": 251.7728729248047,
          "confidence": 0.1259397715330124,
          "visible": false
        },
        {
          "name": "left_ear",
          "x": 200.81451416015625,
          "y": 227.2230682373047,
          "confidence": 0.669998288154602,
          "visible": true
        },
        {
          "name": "right_ear",
          "x": 185.36013793945312,
          "y": 223.37832641601562,
          "confidence": 0.00927437748759985,
          "visible": false
        },
        {
          "name": "left_shoulder",
          "x": 230.5135040283203,
          "y": 213.6750030517578,
          "confidence": 0.9861245155334473,
          "visible": true
        },
        {
          "name": "right_shoulder",
          "x": 227.36590576171875,
          "y": 202.5870361328125,
          "confidence": 0.5572108626365662,
          "visible": true
        },
        {
          "name": "left_elbow",
          "x": 204.18338012695312,
          "y": 309.3975830078125,
          "confidence": 0.9943888783454895,
          "visible": true
        },
        {
          "name": "right_elbow",
          "x": 208.2847442626953,
          "y": 287.13275146484375,
          "confidence": 0.4075312912464142,
          "visible": false
        },
        {
          "name": "left_wrist",
          "x": 187.84469604492188,
          "y": 390.9019775390625,
          "confidence": 0.9898030757904053,
          "visible": true
        },
        {
          "name": "right_wrist",
          "x": 198.3289794921875,
          "y": 368.06170654296875,
          "confidence": 0.6565195918083191,
          "visible": true
        },
        {
          "name": "left_hip",
          "x": 333.7839660644531,
          "y": 236.7528533935547,
          "confidence": 0.9860163331031799,
          "visible": true
        },
        {
          "name": "right_hip",
          "x": 331.6201171875,
          "y": 232.53482055664062,
          "confidence": 0.9098273515701294,
          "visible": true
        },
        {
          "name": "left_knee",
          "x": 220.8882598876953,
          "y": 282.1563415527344,
          "confidence": 0.9927750825881958,
          "visible": true
        },
        {
          "name": "right_knee",
          "x": 223.5733184814453,
          "y": 276.5056457519531,
          "confidence": 0.9393186569213867,
          "visible": true
        },
        {
          "name": "left_ankle",
          "x": 258.311767578125,
          "y": 406.14697265625,
          "confidence": 0.9520849585533142,
          "visible": true
        },
        {
          "name": "right_ankle",
          "x": 252.28091430664062,
          "y": 400.64849853515625,
          "confidence": 0.8357672691345215,
          "visible": true
        }
      ],
      "confidence_scores": [
        0.8552963733673096,
        0.9010361433029175,
        0.1259397715330124,
        0.669998288154602,
        0.00927437748759985,
        0.9861245155334473,
        0.5572108626365662,
        0.9943888783454895,
        0.4075312912464142,
        0.9898030757904053,
        0.6565195918083191,
        0.9860163331031799,
        0.9098273515701294,
        0.9927750825881958,
        0.9393186569213867,
        0.9520849585533142,
        0.8357672691345215
      ],
      "average_confidence": 0.7511125188868712
    }
  ]
}