{
  "timestamp": "2025-11-03T15:16:33.294101",
  "image_shape": {
    "height": 480,
    "width": 640,
    "channels": 3
  },
  "num_persons_detected": 1,
  "persons": [
    {
      "person_id": 0,
      "keypoints": [
        {
          "name": "nose",
          "x": 158.14361572265625,
          "y": 93.26446533203125,
          "confidence": 0.9475926756858826,
          "visible": true
        },
        {
          "name": "left_eye",
          "x": 162.44078063964844,
          "y": 82.41041564941406,
          "confidence": 0.9825266003608704,
          "visible": true
        },
        {
          "name": "right_eye",
          "x": 159.6823272705078,
          "y": 82.857666015625,
          "confidence": 0.1546725332736969,
          "visible": false
        },
        {
          "name": "left_ear",
          "x": 187.57815551757812,
          "y": 89.66038513183594,
          "confidence": 0.9878419637680054,
          "visible": true
        },
        {
          "name": "right_ear",
          "x": 187.2686767578125,
          "y": 87.15841674804688,
          "confidence": 0.013026325032114983,
          "visible": false
        },
        {
          "name": "left_shoulder",
          "x": 226.87060546875,
          "y": 149.28773498535156,
          "confidence": 0.9987683892250061,
          "visible": true
        },
        {
          "name": "right_shoulder",
          "x": 234.77777099609375,
          "y": 138.29185485839844,
          "confidence": 0.9013637900352478,
          "visible": true
        },
        {
          "name": "left_elbow",
          "x": 204.6527099609375,
          "y": 242.4647979736328,
          "confidence": 0.9975863695144653,
          "visible": true
        },
        {
          "name": "right_elbow",
          "x": 207.45974731445312,
          "y": 224.72633361816406,
          "confidence": 0.5200279951095581,
          "visible": true
        },
        {
          "name": "left_wrist",
          "x": 130.4075927734375,
          "y": 219.86273193359375,
          "confidence": 0.9953371286392212,
          "visible": true
        },
        {
          "name": "right_wrist",
          "x": 141.41395568847656,
          "y": 220.4709930419922,
          "confidence": 0.7403938174247742,
          "visible": true
        },
        {
          "name": "left_hip",
          "x": 258.5994873046875,
          "y": 278.39141845703125,
          "confidence": 0.9966356158256531,
          "visible": true
        },
        {
          "name": "right_hip",
          "x": 266.0876159667969,
          "y": 264.8343811035156,
          "confidence": 0.9738697409629822,
          "visible": true
        },
        {
          "name": "left_knee",
          "x": 153.79225158691406,
          "y": 291.0740661621094,
          "confidence": 0.9973457455635071,
          "visible": true
        },
        {
          "name": "right_knee",
          "x": 163.46231079101562,
          "y": 271.8313903808594,
          "confidence": 0.9786310195922852,
          "visible": true
        },
        {
          "name": "left_ankle",
          "x": 87.48725891113281,
          "y": 419.46746826171875,
          "confidence": 0.9769457578659058,
          "visible": true
        },
        {
          "name": "right_ankle",
          "x": 90.71631622314453,
          "y": 395.92425537109375,
          "confidence": 0.9267978668212891,
          "visible": true
        }
      ],
      "confidence_scores": [
        0.9475926756858826,
        0.9825266003608704,
        0.1546725332736969,
        0.9878419637680054,
        0.013026325032114983,
        0.9987683892250061,
        0.9013637900352478,
        0.9975863695144653,
        0.5200279951095581,
        0.9953371286392212,
        0.7403938174247742,
        0.9966356158256531,
        0.9738697409629822,
        0.9973457455635071,
        0.9786310195922852,
        0.9769457578659058,
        0.9267978668212891
      ],
      "average_confidence": 0.8287860785117921
    }
  ]
}