{
  "timestamp": "2025-11-03T15:17:56.499593",
  "image_shape": {
    "height": 480,
    "width": 640,
    "channels": 3
  },
  "num_persons_detected": 1,
  "persons": [
    {
      "person_id": 0,
      "keypoints": [
        {
          "name": "nose",
          "x": 321.456787109375,
          "y": 137.93826293945312,
          "confidence": 0.9693896174430847,
          "visible": true
        },
        {
          "name": "left_eye",
          "x": 328.7323303222656,
          "y": 127.56134033203125,
          "confidence": 0.974782407283783,
          "visible": true
        },
        {
          "name": "right_eye",
          "x": 326.70989990234375,
          "y": 128.77700805664062,
          "confidence": 0.319051593542099,
          "visible": false
        },
        {
          "name": "left_ear",
          "x": 356.8454895019531,
          "y": 128.0747833251953,
          "confidence": 0.950928807258606,
          "visible": true
        },
        {
          "name": "right_ear",
          "x": 351.595703125,
          "y": 129.11038208007812,
          "confidence": 0.020447714254260063,
          "visible": false
        },
        {
          "name": "left_shoulder",
          "x": 349.7688903808594,
          "y": 179.16896057128906,
          "confidence": 0.9946340322494507,
          "visible": true
        },
        {
          "name": "right_shoulder",
          "x": 363.69091796875,
          "y": 165.73243713378906,
          "confidence": 0.9337724447250366,
          "visible": true
        },
        {
          "name": "left_elbow",
          "x": 289.2328796386719,
          "y": 234.6074981689453,
          "confidence": 0.9950069189071655,
          "visible": true
        },
        {
          "name": "right_elbow",
          "x": 313.10504150390625,
          "y": 215.20578002929688,
          "confidence": 0.7811922430992126,
          "visible": true
        },
        {
          "name": "left_wrist",
          "x": 251.2338104248047,
          "y": 180.23074340820312,
          "confidence": 0.9960219264030457,
          "visible": true
        },
        {
          "name": "right_wrist",
          "x": 250.71954345703125,
          "y": 186.79080200195312,
          "confidence": 0.8882794976234436,
          "visible": true
        },
        {
          "name": "left_hip",
          "x": 261.5025634765625,
          "y": 285.6739807128906,
          "confidence": 0.9875352382659912,
          "visible": true
        },
        {
          "name": "right_hip",
          "x": 269.55535888671875,
          "y": 265.6960144042969,
          "confidence": 0.951449990272522,
          "visible": true
        },
        {
          "name": "left_knee",
          "x": 108.4924545288086,
          "y": 271.4378662109375,
          "confidence": 0.9917519688606262,
          "visible": true
        },
        {
          "name": "right_knee",
          "x": 124.02629089355469,
          "y": 258.9036560058594,
          "confidence": 0.9564638733863831,
          "visible": true
        },
        {
          "name": "left_ankle",
          "x": 109.6864242553711,
          "y": 392.02386474609375,
          "confidence": 0.9320268630981445,
          "visible": true
        },
        {
          "name": "right_ankle",
          "x": 114.60427856445312,
          "y": 394.4574279785156,
          "confidence": 0.8224941492080688,
          "visible": true
        }
      ],
      "confidence_scores": [
        0.9693896174430847,
        0.974782407283783,
        0.319051593542099,
        0.950928807258606,
        0.020447714254260063,
        0.9946340322494507,
        0.9337724447250366,
        0.9950069189071655,
        0.7811922430992126,
        0.9960219264030457,
        0.8882794976234436,
        0.9875352382659912,
        0.951449990272522,
        0.9917519688606262,
        0.9564638733863831,
        0.9320268630981445,
        0.8224941492080688
      ],
      "average_confidence": 0.8508958403459367
    }
  ]
}