{
  "timestamp": "2025-11-03T15:18:46.102302",
  "image_shape": {
    "height": 480,
    "width": 640,
    "channels": 3
  },
  "num_persons_detected": 1,
  "persons": [
    {
      "person_id": 0,
      "keypoints": [
        {
          "name": "nose",
          "x": 308.15289306640625,
          "y": 81.14193725585938,
          "confidence": 0.9635490775108337,
          "visible": true
        },
        {
          "name": "left_eye",
          "x": 313.11358642578125,
          "y": 66.8690185546875,
          "confidence": 0.9828163981437683,
          "visible": true
        },
        {
          "name": "right_eye",
          "x": 306.95098876953125,
          "y": 67.7479248046875,
          "confidence": 0.16904129087924957,
          "visible": false
        },
        {
          "name": "left_ear",
          "x": 339.6087341308594,
          "y": 68.16850280761719,
          "confidence": 0.9789001941680908,
          "visible": true
        },
        {
          "name": "right_ear",
          "x": 326.2924499511719,
          "y": 67.98501586914062,
          "confidence": 0.013048904947936535,
          "visible": false
        },
        {
          "name": "left_shoulder",
          "x": 370.0554504394531,
          "y": 143.72097778320312,
          "confidence": 0.9996024966239929,
          "visible": true
        },
        {
          "name": "right_shoulder",
          "x": 364.9110107421875,
          "y": 137.39431762695312,
          "confidence": 0.9525395631790161,
          "visible": true
        },
        {
          "name": "left_elbow",
          "x": 339.9882507324219,
          "y": 228.44522094726562,
          "confidence": 0.9991040825843811,
          "visible": true
        },
        {
          "name": "right_elbow",
          "x": 321.52581787109375,
          "y": 227.78256225585938,
          "confidence": 0.6908860206604004,
          "visible": true
        },
        {
          "name": "left_wrist",
          "x": 268.7828369140625,
          "y": 234.6262664794922,
          "confidence": 0.9980196952819824,
          "visible": true
        },
        {
          "name": "right_wrist",
          "x": 263.7903747558594,
          "y": 234.2379608154297,
          "confidence": 0.8360626101493835,
          "visible": true
        },
        {
          "name": "left_hip",
          "x": 330.8850402832031,
          "y": 292.6935119628906,
          "confidence": 0.9992470741271973,
          "visible": true
        },
        {
          "name": "right_hip",
          "x": 328.4275817871094,
          "y": 276.5119323730469,
          "confidence": 0.9924582242965698,
          "visible": true
        },
        {
          "name": "left_knee",
          "x": 192.5238037109375,
          "y": 294.8133239746094,
          "confidence": 0.9988422989845276,
          "visible": true
        },
        {
          "name": "right_knee",
          "x": 201.36444091796875,
          "y": 282.3042907714844,
          "confidence": 0.9880388379096985,
          "visible": true
        },
        {
          "name": "left_ankle",
          "x": 57.918548583984375,
          "y": 364.3336181640625,
          "confidence": 0.9876953363418579,
          "visible": true
        },
        {
          "name": "right_ankle",
          "x": 59.98252868652344,
          "y": 352.0978698730469,
          "confidence": 0.9492290019989014,
          "visible": true
        }
      ],
      "confidence_scores": [
        0.9635490775108337,
        0.9828163981437683,
        0.16904129087924957,
        0.9789001941680908,
        0.013048904947936535,
        0.9996024966239929,
        0.9525395631790161,
        0.9991040825843811,
        0.6908860206604004,
        0.9980196952819824,
        0.8360626101493835,
        0.9992470741271973,
        0.9924582242965698,
        0.9988422989845276,
        0.9880388379096985,
        0.9876953363418579,
        0.9492290019989014
      ],
      "average_confidence": 0.852887123987517
    }
  ]
}