{
  "timestamp": "2025-11-03T15:16:15.837285",
  "image_shape": {
    "height": 480,
    "width": 640,
    "channels": 3
  },
  "num_persons_detected": 1,
  "persons": [
    {
      "person_id": 0,
      "keypoints": [
        {
          "name": "nose",
          "x": 321.39141845703125,
          "y": 127.52560424804688,
          "confidence": 0.968978762626648,
          "visible": true
        },
        {
          "name": "left_eye",
          "x": 324.81561279296875,
          "y": 114.4324951171875,
          "confidence": 0.9806237816810608,
          "visible": true
        },
        {
          "name": "right_eye",
          "x": 321.06744384765625,
          "y": 117.97285461425781,
          "confidence": 0.3267267644405365,
          "visible": false
        },
        {
          "name": "left_ear",
          "x": 349.7511291503906,
          "y": 105.90255737304688,
          "confidence": 0.9774351119995117,
          "visible": true
        },
        {
          "name": "right_ear",
          "x": 339.7510986328125,
          "y": 114.4576416015625,
          "confidence": 0.02289530076086521,
          "visible": false
        },
        {
          "name": "left_shoulder",
          "x": 373.57855224609375,
          "y": 162.20289611816406,
          "confidence": 0.9964985847473145,
          "visible": true
        },
        {
          "name": "right_shoulder",
          "x": 359.1359558105469,
          "y": 153.96542358398438,
          "confidence": 0.9482482671737671,
          "visible": true
        },
        {
          "name": "left_elbow",
          "x": 337.7434387207031,
          "y": 245.98880004882812,
          "confidence": 0.9961254000663757,
          "visible": true
        },
        {
          "name": "right_elbow",
          "x": 325.79022216796875,
          "y": 216.51333618164062,
          "confidence": 0.7308609485626221,
          "visible": true
        },
        {
          "name": "left_wrist",
          "x": 244.7337188720703,
          "y": 234.2312774658203,
          "confidence": 0.9970418810844421,
          "visible": true
        },
        {
          "name": "right_wrist",
          "x": 245.15306091308594,
          "y": 227.03114318847656,
          "confidence": 0.8774435520172119,
          "visible": true
        },
        {
          "name": "left_hip",
          "x": 314.4791564941406,
          "y": 287.3896484375,
          "confidence": 0.9908533692359924,
          "visible": true
        },
        {
          "name": "right_hip",
          "x": 306.1997375488281,
          "y": 270.0414123535156,
          "confidence": 0.9599006175994873,
          "visible": true
        },
        {
          "name": "left_knee",
          "x": 172.34249877929688,
          "y": 277.96868896484375,
          "confidence": 0.9939735531806946,
          "visible": true
        },
        {
          "name": "right_knee",
          "x": 174.43313598632812,
          "y": 264.18170166015625,
          "confidence": 0.9641623497009277,
          "visible": true
        },
        {
          "name": "left_ankle",
          "x": 195.34176635742188,
          "y": 399.487548828125,
          "confidence": 0.9459545612335205,
          "visible": true
        },
        {
          "name": "right_ankle",
          "x": 204.94967651367188,
          "y": 400.91839599609375,
          "confidence": 0.8532378673553467,
          "visible": true
        }
      ],
      "confidence_scores": [
        0.968978762626648,
        0.9806237816810608,
        0.3267267644405365,
        0.9774351119995117,
        0.02289530076086521,
        0.9964985847473145,
        0.9482482671737671,
        0.9961254000663757,
        0.7308609485626221,
        0.9970418810844421,
        0.8774435520172119,
        0.9908533692359924,
        0.9599006175994873,
        0.9939735531806946,
        0.9641623497009277,
        0.9459545612335205,
        0.8532378673553467
      ],
      "average_confidence": 0.8547623925568426
    }
  ]
}