{
  "timestamp": "2025-11-03T15:14:57.065283",
  "image_shape": {
    "height": 480,
    "width": 640,
    "channels": 3
  },
  "num_persons_detected": 1,
  "persons": [
    {
      "person_id": 0,
      "keypoints": [
        {
          "name": "nose",
          "x": 218.70806884765625,
          "y": 89.68901062011719,
          "confidence": 0.903110146522522,
          "visible": true
        },
        {
          "name": "left_eye",
          "x": 224.4918670654297,
          "y": 79.16725158691406,
          "confidence": 0.9635933041572571,
          "visible": true
        },
        {
          "name": "right_eye",
          "x": 224.62750244140625,
          "y": 82.72154235839844,
          "confidence": 0.10838915407657623,
          "visible": false
        },
        {
          "name": "left_ear",
          "x": 251.94442749023438,
          "y": 88.31600952148438,
          "confidence": 0.9876096248626709,
          "visible": true
        },
        {
          "name": "right_ear",
          "x": 253.65440368652344,
          "y": 89.88784790039062,
          "confidence": 0.01763032004237175,
          "visible": false
        },
        {
          "name": "left_shoulder",
          "x": 278.2942810058594,
          "y": 150.86911010742188,
          "confidence": 0.997319757938385,
          "visible": true
        },
        {
          "name": "right_shoulder",
          "x": 285.4570007324219,
          "y": 139.64022827148438,
          "confidence": 0.9006835222244263,
          "visible": true
        },
        {
          "name": "left_elbow",
          "x": 262.70367431640625,
          "y": 250.9084930419922,
          "confidence": 0.9964951872825623,
          "visible": true
        },
        {
          "name": "right_elbow",
          "x": 266.4715576171875,
          "y": 215.14401245117188,
          "confidence": 0.45632216334342957,
          "visible": false
        },
        {
          "name": "left_wrist",
          "x": 185.64027404785156,
          "y": 263.4657897949219,
          "confidence": 0.9948257803916931,
          "visible": true
        },
        {
          "name": "right_wrist",
          "x": 212.08804321289062,
          "y": 247.7888641357422,
          "confidence": 0.6747046113014221,
          "visible": true
        },
        {
          "name": "left_hip",
          "x": 322.23687744140625,
          "y": 281.9153137207031,
          "confidence": 0.9919751286506653,
          "visible": true
        },
        {
          "name": "right_hip",
          "x": 327.0714111328125,
          "y": 269.697998046875,
          "confidence": 0.947779655456543,
          "visible": true
        },
        {
          "name": "left_knee",
          "x": 201.1861572265625,
          "y": 296.67413330078125,
          "confidence": 0.9921297430992126,
          "visible": true
        },
        {
          "name": "right_knee",
          "x": 204.29098510742188,
          "y": 278.51324462890625,
          "confidence": 0.9328306317329407,
          "visible": true
        },
        {
          "name": "left_ankle",
          "x": 291.85418701171875,
          "y": 417.4127502441406,
          "confidence": 0.9204362034797668,
          "visible": true
        },
        {
          "name": "right_ankle",
          "x": 277.986083984375,
          "y": 398.4899597167969,
          "confidence": 0.7593564391136169,
          "visible": true
        }
      ],
      "confidence_scores": [
        0.903110146522522,
        0.9635933041572571,
        0.10838915407657623,
        0.9876096248626709,
        0.01763032004237175,
        0.997319757938385,
        0.9006835222244263,
        0.9964951872825623,
        0.45632216334342957,
        0.9948257803916931,
        0.6747046113014221,
        0.9919751286506653,
        0.947779655456543,
        0.9921297430992126,
        0.9328306317329407,
        0.9204362034797668,
        0.7593564391136169
      ],
      "average_confidence": 0.7967759631574154
    }
  ]
}