{
  "timestamp": "2025-11-03T15:14:40.055754",
  "image_shape": {
    "height": 480,
    "width": 640,
    "channels": 3
  },
  "num_persons_detected": 1,
  "persons": [
    {
      "person_id": 0,
      "keypoints": [
        {
          "name": "nose",
          "x": 263.18756103515625,
          "y": 68.92863464355469,
          "confidence": 0.954345703125,
          "visible": true
        },
        {
          "name": "left_eye",
          "x": 269.1145935058594,
          "y": 55.521881103515625,
          "confidence": 0.9807685017585754,
          "visible": true
        },
        {
          "name": "right_eye",
          "x": 263.8310241699219,
          "y": 58.402618408203125,
          "confidence": 0.23430891335010529,
          "visible": false
        },
        {
          "name": "left_ear",
          "x": 298.57012939453125,
          "y": 56.090118408203125,
          "confidence": 0.9786707758903503,
          "visible": true
        },
        {
          "name": "right_ear",
          "x": 288.18902587890625,
          "y": 59.08735656738281,
          "confidence": 0.01755320094525814,
          "visible": false
        },
        {
          "name": "left_shoulder",
          "x": 328.3064880371094,
          "y": 120.32008361816406,
          "confidence": 0.9963293671607971,
          "visible": true
        },
        {
          "name": "right_shoulder",
          "x": 322.3644714355469,
          "y": 114.7777099609375,
          "confidence": 0.8984721899032593,
          "visible": true
        },
        {
          "name": "left_elbow",
          "x": 299.42645263671875,
          "y": 219.58807373046875,
          "confidence": 0.996033251285553,
          "visible": true
        },
        {
          "name": "right_elbow",
          "x": 304.16949462890625,
          "y": 202.2275848388672,
          "confidence": 0.5737715363502502,
          "visible": true
        },
        {
          "name": "left_wrist",
          "x": 207.93931579589844,
          "y": 244.78900146484375,
          "confidence": 0.9964247345924377,
          "visible": true
        },
        {
          "name": "right_wrist",
          "x": 233.63546752929688,
          "y": 235.01971435546875,
          "confidence": 0.8235602974891663,
          "visible": true
        },
        {
          "name": "left_hip",
          "x": 322.1884765625,
          "y": 271.30511474609375,
          "confidence": 0.9922804832458496,
          "visible": true
        },
        {
          "name": "right_hip",
          "x": 319.93560791015625,
          "y": 258.5990905761719,
          "confidence": 0.956272542476654,
          "visible": true
        },
        {
          "name": "left_knee",
          "x": 207.69772338867188,
          "y": 278.3789978027344,
          "confidence": 0.9960259199142456,
          "visible": true
        },
        {
          "name": "right_knee",
          "x": 211.2431640625,
          "y": 265.6888427734375,
          "confidence": 0.972929835319519,
          "visible": true
        },
        {
          "name": "left_ankle",
          "x": 187.07151794433594,
          "y": 410.6202392578125,
          "confidence": 0.9703612327575684,
          "visible": true
        },
        {
          "name": "right_ankle",
          "x": 195.4431915283203,
          "y": 398.3093566894531,
          "confidence": 0.9128032326698303,
          "visible": true
        }
      ],
      "confidence_scores": [
        0.954345703125,
        0.9807685017585754,
        0.23430891335010529,
        0.9786707758903503,
        0.01755320094525814,
        0.9963293671607971,
        0.8984721899032593,
        0.996033251285553,
        0.5737715363502502,
        0.9964247345924377,
        0.8235602974891663,
        0.9922804832458496,
        0.956272542476654,
        0.9960259199142456,
        0.972929835319519,
        0.9703612327575684,
        0.9128032326698303
      ],
      "average_confidence": 0.8382889246020246
    }
  ]
}