{
  "timestamp": "2025-11-03T15:17:28.537056",
  "image_shape": {
    "height": 480,
    "width": 640,
    "channels": 3
  },
  "num_persons_detected": 2,
  "persons": [
    {
      "person_id": 0,
      "keypoints": [
        {
          "name": "nose",
          "x": 298.1386413574219,
          "y": 51.52290344238281,
          "confidence": 0.9292806386947632,
          "visible": true
        },
        {
          "name": "left_eye",
          "x": 304.7915344238281,
          "y": 38.64274597167969,
          "confidence": 0.9647771716117859,
          "visible": true
        },
        {
          "name": "right_eye",
          "x": 298.9013671875,
          "y": 40.858856201171875,
          "confidence": 0.20655779540538788,
          "visible": false
        },
        {
          "name": "left_ear",
          "x": 329.54071044921875,
          "y": 44.34397888183594,
          "confidence": 0.9588742852210999,
          "visible": true
        },
        {
          "name": "right_ear",
          "x": 318.1480712890625,
          "y": 46.11116027832031,
          "confidence": 0.01999594271183014,
          "visible": false
        },
        {
          "name": "left_shoulder",
          "x": 348.42852783203125,
          "y": 116.29365539550781,
          "confidence": 0.9931406378746033,
          "visible": true
        },
        {
          "name": "right_shoulder",
          "x": 343.32830810546875,
          "y": 107.36065673828125,
          "confidence": 0.8604122996330261,
          "visible": true
        },
        {
          "name": "left_elbow",
          "x": 321.6134338378906,
          "y": 223.9442901611328,
          "confidence": 0.9932640790939331,
          "visible": true
        },
        {
          "name": "right_elbow",
          "x": 323.9710693359375,
          "y": 202.92626953125,
          "confidence": 0.5109286308288574,
          "visible": true
        },
        {
          "name": "left_wrist",
          "x": 236.91709899902344,
          "y": 242.45433044433594,
          "confidence": 0.9945829510688782,
          "visible": true
        },
        {
          "name": "right_wrist",
          "x": 260.4562683105469,
          "y": 232.21759033203125,
          "confidence": 0.7817032337188721,
          "visible": true
        },
        {
          "name": "left_hip",
          "x": 327.833251953125,
          "y": 269.5663757324219,
          "confidence": 0.9867063164710999,
          "visible": true
        },
        {
          "name": "right_hip",
          "x": 325.74749755859375,
          "y": 255.0762939453125,
          "confidence": 0.9324396848678589,
          "visible": true
        },
        {
          "name": "left_knee",
          "x": 206.2225799560547,
          "y": 276.1685485839844,
          "confidence": 0.9934158325195312,
          "visible": true
        },
        {
          "name": "right_knee",
          "x": 209.10911560058594,
          "y": 260.9556884765625,
          "confidence": 0.9565162062644958,
          "visible": true
        },
        {
          "name": "left_ankle",
          "x": 199.0718536376953,
          "y": 411.9078063964844,
          "confidence": 0.951747715473175,
          "visible": true
        },
        {
          "name": "right_ankle",
          "x": 201.23057556152344,
          "y": 398.0714111328125,
          "confidence": 0.8599583506584167,
          "visible": true
        }
      ],
      "confidence_scores": [
        0.9292806386947632,
        0.9647771716117859,
        0.20655779540538788,
        0.9588742852210999,
        0.01999594271183014,
        0.9931406378746033,
        0.8604122996330261,
        0.9932640790939331,
        0.5109286308288574,
        0.9945829510688782,
        0.7817032337188721,
        0.9867063164710999,
        0.9324396848678589,
        0.9934158325195312,
        0.9565162062644958,
        0.951747715473175,
        0.8599583506584167
      ],
      "average_confidence": 0.8173118689480949
    },
    {
      "person_id": 1,
      "keypoints": [
        {
          "name": "nose",
          "x": 4.54640007019043,
          "y": 0.3386077880859375,
          "confidence": 0.0015634491574019194,
          "visible": false
        },
        {
          "name": "left_eye",
          "x": 0.0,
          "y": 0.0,
          "confidence": 0.0008823956595733762,
          "visible": false
        },
        {
          "name": "right_eye",
          "x": 5.014308929443359,
          "y": 0.0,
          "confidence": 0.0003027184575330466,
          "visible": false
        },
        {
          "name": "left_ear",
          "x": 0.72235107421875,
          "y": 0.0,
          "confidence": 0.0015741685638204217,
          "visible": false
        },
        {
          "name": "right_ear",
          "x": 8.616815567016602,
          "y": 0.0,
          "confidence": 0.0006427899352274835,
          "visible": false
        },
        {
          "name": "left_shoulder",
          "x": 16.879520416259766,
          "y": 0.0,
          "confidence": 0.02303352952003479,
          "visible": false
        },
        {
          "name": "right_shoulder",
          "x": 17.119037628173828,
          "y": 0.0,
          "confidence": 0.001221796846948564,
          "visible": false
        },
        {
          "name": "left_elbow",
          "x": 40.90889358520508,
          "y": 40.46238708496094,
          "confidence": 0.335588276386261,
          "visible": false
        },
        {
          "name": "right_elbow",
          "x": 42.09757995605469,
          "y": 44.12409973144531,
          "confidence": 0.00936891045421362,
          "visible": false
        },
        {
          "name": "left_wrist",
          "x": 3.816007614135742,
          "y": 69.37628173828125,
          "confidence": 0.42184334993362427,
          "visible": false
        },
        {
          "name": "right_wrist",
          "x": 4.955655574798584,
          "y": 69.24543762207031,
          "confidence": 0.04334964230656624,
          "visible": false
        },
        {
          "name": "left_hip",
          "x": 8.815580368041992,
          "y": 176.92239379882812,
          "confidence": 0.331355482339859,
          "visible": false
        },
        {
          "name": "right_hip",
          "x": 6.969071388244629,
          "y": 173.79190063476562,
          "confidence": 0.10476294904947281,
          "visible": false
        },
        {
          "name": "left_knee",
          "x": 0.0,
          "y": 325.879638671875,
          "confidence": 0.21420902013778687,
          "visible": false
        },
        {
          "name": "right_knee",
          "x": 2.8318915367126465,
          "y": 321.656005859375,
          "confidence": 0.062300361692905426,
          "visible": false
        },
        {
          "name": "left_ankle",
          "x": 3.678908586502075,
          "y": 429.8052978515625,
          "confidence": 0.03423835709691048,
          "visible": false
        },
        {
          "name": "right_ankle",
          "x": 1.7928199768066406,
          "y": 423.3757629394531,
          "confidence": 0.01226302981376648,
          "visible": false
        }
      ],
      "confidence_scores": [
        0.0015634491574019194,
        0.0008823956595733762,
        0.0003027184575330466,
        0.0015741685638204217,
        0.0006427899352274835,
        0.02303352952003479,
        0.001221796846948564,
        0.335588276386261,
        0.00936891045421362,
        0.42184334993362427,
        0.04334964230656624,
        0.331355482339859,
        0.10476294904947281,
        0.21420902013778687,
        0.062300361692905426,
        0.03423835709691048,
        0.01226302981376648
      ],
      "average_confidence": 0.0940294251383474
    }
  ]
}