{
  "timestamp": "2025-11-03T15:14:23.553972",
  "image_shape": {
    "height": 480,
    "width": 640,
    "channels": 3
  },
  "num_persons_detected": 1,
  "persons": [
    {
      "person_id": 0,
      "keypoints": [
        {
          "name": "nose",
          "x": 231.74131774902344,
          "y": 89.75244140625,
          "confidence": 0.9691393971443176,
          "visible": true
        },
        {
          "name": "left_eye",
          "x": 235.79806518554688,
          "y": 77.28031921386719,
          "confidence": 0.9886839985847473,
          "visible": true
        },
        {
          "name": "right_eye",
          "x": 234.13223266601562,
          "y": 81.45979309082031,
          "confidence": 0.24820643663406372,
          "visible": false
        },
        {
          "name": "left_ear",
          "x": 268.1184387207031,
          "y": 73.86503601074219,
          "confidence": 0.9869201183319092,
          "visible": true
        },
        {
          "name": "right_ear",
          "x": 262.764404296875,
          "y": 79.5657958984375,
          "confidence": 0.01124862302094698,
          "visible": false
        },
        {
          "name": "left_shoulder",
          "x": 312.1773376464844,
          "y": 124.31895446777344,
          "confidence": 0.9975684285163879,
          "visible": true
        },
        {
          "name": "right_shoulder",
          "x": 302.9359130859375,
          "y": 130.08827209472656,
          "confidence": 0.9009471535682678,
          "visible": true
        },
        {
          "name": "left_elbow",
          "x": 298.10968017578125,
          "y": 209.58717346191406,
          "confidence": 0.996986448764801,
          "visible": true
        },
        {
          "name": "right_elbow",
          "x": 291.9803466796875,
          "y": 213.01171875,
          "confidence": 0.5366290807723999,
          "visible": true
        },
        {
          "name": "left_wrist",
          "x": 209.07852172851562,
          "y": 249.19505310058594,
          "confidence": 0.9967676401138306,
          "visible": true
        },
        {
          "name": "right_wrist",
          "x": 227.56463623046875,
          "y": 246.77938842773438,
          "confidence": 0.793580174446106,
          "visible": true
        },
        {
          "name": "left_hip",
          "x": 327.06951904296875,
          "y": 275.2276306152344,
          "confidence": 0.9944143295288086,
          "visible": true
        },
        {
          "name": "right_hip",
          "x": 322.4596862792969,
          "y": 266.4134521484375,
          "confidence": 0.9633728861808777,
          "visible": true
        },
        {
          "name": "left_knee",
          "x": 201.39443969726562,
          "y": 278.00244140625,
          "confidence": 0.9963376522064209,
          "visible": true
        },
        {
          "name": "right_knee",
          "x": 201.5726318359375,
          "y": 270.05865478515625,
          "confidence": 0.971496045589447,
          "visible": true
        },
        {
          "name": "left_ankle",
          "x": 188.77197265625,
          "y": 414.1278991699219,
          "confidence": 0.9692864418029785,
          "visible": true
        },
        {
          "name": "right_ankle",
          "x": 193.9609375,
          "y": 400.11505126953125,
          "confidence": 0.9037339687347412,
          "visible": true
        }
      ],
      "confidence_scores": [
        0.9691393971443176,
        0.9886839985847473,
        0.24820643663406372,
        0.9869201183319092,
        0.01124862302094698,
        0.9975684285163879,
        0.9009471535682678,
        0.996986448764801,
        0.5366290807723999,
        0.9967676401138306,
        0.793580174446106,
        0.9944143295288086,
        0.9633728861808777,
        0.9963376522064209,
        0.971496045589447,
        0.9692864418029785,
        0.9037339687347412
      ],
      "average_confidence": 0.8367834602318266
    }
  ]
}