{
  "timestamp": "2025-11-03T15:12:59.051211",
  "image_shape": {
    "height": 480,
    "width": 640,
    "channels": 3
  },
  "num_persons_detected": 1,
  "persons": [
    {
      "person_id": 0,
      "keypoints": [
        {
          "name": "nose",
          "x": 185.90750122070312,
          "y": 106.90812683105469,
          "confidence": 0.9779819846153259,
          "visible": true
        },
        {
          "name": "left_eye",
          "x": 191.73866271972656,
          "y": 93.95980834960938,
          "confidence": 0.9929252862930298,
          "visible": true
        },
        {
          "name": "right_eye",
          "x": 183.67002868652344,
          "y": 96.00173950195312,
          "confidence": 0.4009038209915161,
          "visible": false
        },
        {
          "name": "left_ear",
          "x": 218.94998168945312,
          "y": 92.14353942871094,
          "confidence": 0.989970862865448,
          "visible": true
        },
        {
          "name": "right_ear",
          "x": 200.2497100830078,
          "y": 94.79563903808594,
          "confidence": 0.011828710325062275,
          "visible": false
        },
        {
          "name": "left_shoulder",
          "x": 272.88848876953125,
          "y": 140.02523803710938,
          "confidence": 0.9970324039459229,
          "visible": true
        },
        {
          "name": "right_shoulder",
          "x": 250.1058349609375,
          "y": 140.14019775390625,
          "confidence": 0.8774117231369019,
          "visible": true
        },
        {
          "name": "left_elbow",
          "x": 303.40899658203125,
          "y": 232.56134033203125,
          "confidence": 0.9941450953483582,
          "visible": true
        },
        {
          "name": "right_elbow",
          "x": 260.3707275390625,
          "y": 224.83180236816406,
          "confidence": 0.46763068437576294,
          "visible": false
        },
        {
          "name": "left_wrist",
          "x": 216.80841064453125,
          "y": 249.99794006347656,
          "confidence": 0.9937254786491394,
          "visible": true
        },
        {
          "name": "right_wrist",
          "x": 217.14224243164062,
          "y": 250.82603454589844,
          "confidence": 0.725299596786499,
          "visible": true
        },
        {
          "name": "left_hip",
          "x": 312.70147705078125,
          "y": 275.244384765625,
          "confidence": 0.9906266927719116,
          "visible": true
        },
        {
          "name": "right_hip",
          "x": 300.2265319824219,
          "y": 264.4481506347656,
          "confidence": 0.9482802748680115,
          "visible": true
        },
        {
          "name": "left_knee",
          "x": 192.93377685546875,
          "y": 284.94305419921875,
          "confidence": 0.9951885938644409,
          "visible": true
        },
        {
          "name": "right_knee",
          "x": 190.11172485351562,
          "y": 265.1172180175781,
          "confidence": 0.9699981212615967,
          "visible": true
        },
        {
          "name": "left_ankle",
          "x": 187.41024780273438,
          "y": 424.60406494140625,
          "confidence": 0.9701363444328308,
          "visible": true
        },
        {
          "name": "right_ankle",
          "x": 191.52528381347656,
          "y": 395.3271484375,
          "confidence": 0.9202636480331421,
          "visible": true
        }
      ],
      "confidence_scores": [
        0.9779819846153259,
        0.9929252862930298,
        0.4009038209915161,
        0.989970862865448,
        0.011828710325062275,
        0.9970324039459229,
        0.8774117231369019,
        0.9941450953483582,
        0.46763068437576294,
        0.9937254786491394,
        0.725299596786499,
        0.9906266927719116,
        0.9482802748680115,
        0.9951885938644409,
        0.9699981212615967,
        0.9701363444328308,
        0.9202636480331421
      ],
      "average_confidence": 0.8366676072097
    }
  ]
}