{
  "timestamp": "2025-11-03T15:17:41.324647",
  "image_shape": {
    "height": 480,
    "width": 640,
    "channels": 3
  },
  "num_persons_detected": 1,
  "persons": [
    {
      "person_id": 0,
      "keypoints": [
        {
          "name": "nose",
          "x": 201.55368041992188,
          "y": 181.92169189453125,
          "confidence": 0.9259907007217407,
          "visible": true
        },
        {
          "name": "left_eye",
          "x": 198.83273315429688,
          "y": 169.8212432861328,
          "confidence": 0.9679288864135742,
          "visible": true
        },
        {
          "name": "right_eye",
          "x": 197.68002319335938,
          "y": 172.69482421875,
          "confidence": 0.1946278214454651,
          "visible": false
        },
        {
          "name": "left_ear",
          "x": 217.44247436523438,
          "y": 150.63438415527344,
          "confidence": 0.9604719281196594,
          "visible": true
        },
        {
          "name": "right_ear",
          "x": 214.39535522460938,
          "y": 157.89413452148438,
          "confidence": 0.012143381871283054,
          "visible": false
        },
        {
          "name": "left_shoulder",
          "x": 277.4447326660156,
          "y": 169.3643035888672,
          "confidence": 0.9903507828712463,
          "visible": true
        },
        {
          "name": "right_shoulder",
          "x": 276.6017761230469,
          "y": 170.1715545654297,
          "confidence": 0.7946662306785583,
          "visible": true
        },
        {
          "name": "left_elbow",
          "x": 302.397705078125,
          "y": 238.74005126953125,
          "confidence": 0.9892464280128479,
          "visible": true
        },
        {
          "name": "right_elbow",
          "x": 292.0133056640625,
          "y": 229.48291015625,
          "confidence": 0.5008013844490051,
          "visible": true
        },
        {
          "name": "left_wrist",
          "x": 238.6318817138672,
          "y": 249.26638793945312,
          "confidence": 0.9902641773223877,
          "visible": true
        },
        {
          "name": "right_wrist",
          "x": 247.28253173828125,
          "y": 246.775146484375,
          "confidence": 0.7536876201629639,
          "visible": true
        },
        {
          "name": "left_hip",
          "x": 333.79754638671875,
          "y": 268.25592041015625,
          "confidence": 0.9773572087287903,
          "visible": true
        },
        {
          "name": "right_hip",
          "x": 335.3846740722656,
          "y": 259.63177490234375,
          "confidence": 0.9082183241844177,
          "visible": true
        },
        {
          "name": "left_knee",
          "x": 209.23753356933594,
          "y": 284.54742431640625,
          "confidence": 0.988353431224823,
          "visible": true
        },
        {
          "name": "right_knee",
          "x": 212.65538024902344,
          "y": 271.2010192871094,
          "confidence": 0.9443780183792114,
          "visible": true
        },
        {
          "name": "left_ankle",
          "x": 193.6490936279297,
          "y": 415.1878662109375,
          "confidence": 0.9354428648948669,
          "visible": true
        },
        {
          "name": "right_ankle",
          "x": 198.68646240234375,
          "y": 400.66094970703125,
          "confidence": 0.8564419150352478,
          "visible": true
        }
      ],
      "confidence_scores": [
        0.9259907007217407,
        0.9679288864135742,
        0.1946278214454651,
        0.9604719281196594,
        0.012143381871283054,
        0.9903507828712463,
        0.7946662306785583,
        0.9892464280128479,
        0.5008013844490051,
        0.9902641773223877,
        0.7536876201629639,
        0.9773572087287903,
        0.9082183241844177,
        0.988353431224823,
        0.9443780183792114,
        0.9354428648948669,
        0.8564419150352478
      ],
      "average_confidence": 0.8053159473244759
    }
  ]
}