{
  "timestamp": "2025-11-03T15:16:21.976167",
  "image_shape": {
    "height": 480,
    "width": 640,
    "channels": 3
  },
  "num_persons_detected": 1,
  "persons": [
    {
      "person_id": 0,
      "keypoints": [
        {
          "name": "nose",
          "x": 189.9388885498047,
          "y": 84.85566711425781,
          "confidence": 0.9372394680976868,
          "visible": true
        },
        {
          "name": "left_eye",
          "x": 195.53857421875,
          "y": 75.2119140625,
          "confidence": 0.9715808033943176,
          "visible": true
        },
        {
          "name": "right_eye",
          "x": 194.48434448242188,
          "y": 75.83168029785156,
          "confidence": 0.14666643738746643,
          "visible": false
        },
        {
          "name": "left_ear",
          "x": 222.1697540283203,
          "y": 85.50265502929688,
          "confidence": 0.9807644486427307,
          "visible": true
        },
        {
          "name": "right_ear",
          "x": 224.30947875976562,
          "y": 82.41746520996094,
          "confidence": 0.016169484704732895,
          "visible": false
        },
        {
          "name": "left_shoulder",
          "x": 247.56100463867188,
          "y": 146.224365234375,
          "confidence": 0.9983957409858704,
          "visible": true
        },
        {
          "name": "right_shoulder",
          "x": 255.0723876953125,
          "y": 132.70855712890625,
          "confidence": 0.9410426020622253,
          "visible": true
        },
        {
          "name": "left_elbow",
          "x": 214.44970703125,
          "y": 227.76455688476562,
          "confidence": 0.9980035424232483,
          "visible": true
        },
        {
          "name": "right_elbow",
          "x": 217.37808227539062,
          "y": 203.71923828125,
          "confidence": 0.7230997085571289,
          "visible": true
        },
        {
          "name": "left_wrist",
          "x": 155.43856811523438,
          "y": 183.6759033203125,
          "confidence": 0.9973989725112915,
          "visible": true
        },
        {
          "name": "right_wrist",
          "x": 150.59674072265625,
          "y": 184.01260375976562,
          "confidence": 0.8737053275108337,
          "visible": true
        },
        {
          "name": "left_hip",
          "x": 261.6418151855469,
          "y": 277.6125793457031,
          "confidence": 0.9979154467582703,
          "visible": true
        },
        {
          "name": "right_hip",
          "x": 268.80657958984375,
          "y": 263.49749755859375,
          "confidence": 0.987225353717804,
          "visible": true
        },
        {
          "name": "left_knee",
          "x": 149.83596801757812,
          "y": 281.93853759765625,
          "confidence": 0.9987562894821167,
          "visible": true
        },
        {
          "name": "right_knee",
          "x": 158.12840270996094,
          "y": 264.6737365722656,
          "confidence": 0.9911401867866516,
          "visible": true
        },
        {
          "name": "left_ankle",
          "x": 122.10076904296875,
          "y": 415.5714111328125,
          "confidence": 0.9881155490875244,
          "visible": true
        },
        {
          "name": "right_ankle",
          "x": 127.37860107421875,
          "y": 397.514404296875,
          "confidence": 0.9637783169746399,
          "visible": true
        }
      ],
      "confidence_scores": [
        0.9372394680976868,
        0.9715808033943176,
        0.14666643738746643,
        0.9807644486427307,
        0.016169484704732895,
        0.9983957409858704,
        0.9410426020622253,
        0.9980035424232483,
        0.7230997085571289,
        0.9973989725112915,
        0.8737053275108337,
        0.9979154467582703,
        0.987225353717804,
        0.9987562894821167,
        0.9911401867866516,
        0.9881155490875244,
        0.9637783169746399
      ],
      "average_confidence": 0.8535880987696788
    }
  ]
}