{
  "timestamp": "2025-11-03T15:12:55.594087",
  "image_shape": {
    "height": 480,
    "width": 640,
    "channels": 3
  },
  "num_persons_detected": 1,
  "persons": [
    {
      "person_id": 0,
      "keypoints": [
        {
          "name": "nose",
          "x": 160.56997680664062,
          "y": 139.641845703125,
          "confidence": 0.9712696075439453,
          "visible": true
        },
        {
          "name": "left_eye",
          "x": 162.860595703125,
          "y": 126.59327697753906,
          "confidence": 0.9921677708625793,
          "visible": true
        },
        {
          "name": "right_eye",
          "x": 157.6880645751953,
          "y": 130.76025390625,
          "confidence": 0.3383035659790039,
          "visible": false
        },
        {
          "name": "left_ear",
          "x": 188.1707763671875,
          "y": 119.14425659179688,
          "confidence": 0.9897520542144775,
          "visible": true
        },
        {
          "name": "right_ear",
          "x": 175.628173828125,
          "y": 127.3006591796875,
          "confidence": 0.008799439296126366,
          "visible": false
        },
        {
          "name": "left_shoulder",
          "x": 253.7896270751953,
          "y": 154.712890625,
          "confidence": 0.9960649609565735,
          "visible": true
        },
        {
          "name": "right_shoulder",
          "x": 237.8701629638672,
          "y": 159.27294921875,
          "confidence": 0.8193882703781128,
          "visible": true
        },
        {
          "name": "left_elbow",
          "x": 300.89788818359375,
          "y": 233.26023864746094,
          "confidence": 0.9911410808563232,
          "visible": true
        },
        {
          "name": "right_elbow",
          "x": 258.2178955078125,
          "y": 228.49624633789062,
          "confidence": 0.35544222593307495,
          "visible": false
        },
        {
          "name": "left_wrist",
          "x": 224.4527587890625,
          "y": 246.28269958496094,
          "confidence": 0.9892151951789856,
          "visible": true
        },
        {
          "name": "right_wrist",
          "x": 222.2504119873047,
          "y": 246.7630615234375,
          "confidence": 0.6039647459983826,
          "visible": true
        },
        {
          "name": "left_hip",
          "x": 314.2750549316406,
          "y": 276.4845886230469,
          "confidence": 0.9880563020706177,
          "visible": true
        },
        {
          "name": "right_hip",
          "x": 306.36956787109375,
          "y": 267.4985656738281,
          "confidence": 0.9349246025085449,
          "visible": true
        },
        {
          "name": "left_knee",
          "x": 186.7674560546875,
          "y": 286.1453857421875,
          "confidence": 0.9950213432312012,
          "visible": true
        },
        {
          "name": "right_knee",
          "x": 187.47618103027344,
          "y": 268.086181640625,
          "confidence": 0.9694167971611023,
          "visible": true
        },
        {
          "name": "left_ankle",
          "x": 185.47894287109375,
          "y": 421.27252197265625,
          "confidence": 0.9756619930267334,
          "visible": true
        },
        {
          "name": "right_ankle",
          "x": 190.66018676757812,
          "y": 396.2625427246094,
          "confidence": 0.9354035258293152,
          "visible": true
        }
      ],
      "confidence_scores": [
        0.9712696075439453,
        0.9921677708625793,
        0.3383035659790039,
        0.9897520542144775,
        0.008799439296126366,
        0.9960649609565735,
        0.8193882703781128,
        0.9911410808563232,
        0.35544222593307495,
        0.9892151951789856,
        0.6039647459983826,
        0.9880563020706177,
        0.9349246025085449,
        0.9950213432312012,
        0.9694167971611023,
        0.9756619930267334,
        0.9354035258293152
      ],
      "average_confidence": 0.8149407930014765
    }
  ]
}