{
  "timestamp": "2025-11-03T15:15:08.428647",
  "image_shape": {
    "height": 480,
    "width": 640,
    "channels": 3
  },
  "num_persons_detected": 1,
  "persons": [
    {
      "person_id": 0,
      "keypoints": [
        {
          "name": "nose",
          "x": 186.288818359375,
          "y": 254.48858642578125,
          "confidence": 0.6052588224411011,
          "visible": true
        },
        {
          "name": "left_eye",
          "x": 186.16461181640625,
          "y": 246.45706176757812,
          "confidence": 0.625607430934906,
          "visible": true
        },
        {
          "name": "right_eye",
          "x": 182.25375366210938,
          "y": 242.83816528320312,
          "confidence": 0.057039640843868256,
          "visible": false
        },
        {
          "name": "left_ear",
          "x": 196.195556640625,
          "y": 229.27450561523438,
          "confidence": 0.3070221245288849,
          "visible": false
        },
        {
          "name": "right_ear",
          "x": 177.6297607421875,
          "y": 221.91921997070312,
          "confidence": 0.006603342480957508,
          "visible": false
        },
        {
          "name": "left_shoulder",
          "x": 221.3543243408203,
          "y": 226.1302947998047,
          "confidence": 0.934291660785675,
          "visible": true
        },
        {
          "name": "right_shoulder",
          "x": 221.91326904296875,
          "y": 207.18130493164062,
          "confidence": 0.38209420442581177,
          "visible": false
        },
        {
          "name": "left_elbow",
          "x": 216.54190063476562,
          "y": 326.3725891113281,
          "confidence": 0.9816439747810364,
          "visible": true
        },
        {
          "name": "right_elbow",
          "x": 214.77540588378906,
          "y": 287.9755554199219,
          "confidence": 0.4392206370830536,
          "visible": false
        },
        {
          "name": "left_wrist",
          "x": 213.961181640625,
          "y": 415.99273681640625,
          "confidence": 0.9776142835617065,
          "visible": true
        },
        {
          "name": "right_wrist",
          "x": 211.00660705566406,
          "y": 360.7306213378906,
          "confidence": 0.7081934213638306,
          "visible": true
        },
        {
          "name": "left_hip",
          "x": 328.2264404296875,
          "y": 241.18423461914062,
          "confidence": 0.9603927135467529,
          "visible": true
        },
        {
          "name": "right_hip",
          "x": 329.6705322265625,
          "y": 232.4876708984375,
          "confidence": 0.856779932975769,
          "visible": true
        },
        {
          "name": "left_knee",
          "x": 204.85943603515625,
          "y": 285.9328918457031,
          "confidence": 0.9831530451774597,
          "visible": true
        },
        {
          "name": "right_knee",
          "x": 218.2928466796875,
          "y": 272.40301513671875,
          "confidence": 0.91508549451828,
          "visible": true
        },
        {
          "name": "left_ankle",
          "x": 249.20108032226562,
          "y": 412.33026123046875,
          "confidence": 0.9109432697296143,
          "visible": true
        },
        {
          "name": "right_ankle",
          "x": 254.4095001220703,
          "y": 395.8850402832031,
          "confidence": 0.7830114364624023,
          "visible": true
        }
      ],
      "confidence_scores": [
        0.6052588224411011,
        0.625607430934906,
        0.057039640843868256,
        0.3070221245288849,
        0.006603342480957508,
        0.934291660785675,
        0.38209420442581177,
        0.9816439747810364,
        0.4392206370830536,
        0.9776142835617065,
        0.7081934213638306,
        0.9603927135467529,
        0.856779932975769,
        0.9831530451774597,
        0.91508549451828,
        0.9109432697296143,
        0.7830114364624023
      ],
      "average_confidence": 0.6725856138612417
    }
  ]
}