{
  "timestamp": "2025-11-03T15:12:45.927866",
  "image_shape": {
    "height": 480,
    "width": 640,
    "channels": 3
  },
  "num_persons_detected": 1,
  "persons": [
    {
      "person_id": 0,
      "keypoints": [
        {
          "name": "nose",
          "x": 131.6718292236328,
          "y": 160.5835723876953,
          "confidence": 0.9423768520355225,
          "visible": true
        },
        {
          "name": "left_eye",
          "x": 135.0091552734375,
          "y": 147.71963500976562,
          "confidence": 0.9797756671905518,
          "visible": true
        },
        {
          "name": "right_eye",
          "x": 129.72645568847656,
          "y": 153.883056640625,
          "confidence": 0.23979723453521729,
          "visible": false
        },
        {
          "name": "left_ear",
          "x": 165.52841186523438,
          "y": 143.74087524414062,
          "confidence": 0.969899594783783,
          "visible": true
        },
        {
          "name": "right_ear",
          "x": 149.75473022460938,
          "y": 156.40213012695312,
          "confidence": 0.007371486164629459,
          "visible": false
        },
        {
          "name": "left_shoulder",
          "x": 236.38717651367188,
          "y": 170.07476806640625,
          "confidence": 0.9894366264343262,
          "visible": true
        },
        {
          "name": "right_shoulder",
          "x": 217.03794860839844,
          "y": 188.21517944335938,
          "confidence": 0.7759119868278503,
          "visible": true
        },
        {
          "name": "left_elbow",
          "x": 284.6042785644531,
          "y": 226.81674194335938,
          "confidence": 0.9839417338371277,
          "visible": true
        },
        {
          "name": "right_elbow",
          "x": 246.54693603515625,
          "y": 250.45066833496094,
          "confidence": 0.4579431414604187,
          "visible": false
        },
        {
          "name": "left_wrist",
          "x": 224.5163116455078,
          "y": 244.5644073486328,
          "confidence": 0.9818540811538696,
          "visible": true
        },
        {
          "name": "right_wrist",
          "x": 221.27978515625,
          "y": 263.5751037597656,
          "confidence": 0.6688055396080017,
          "visible": true
        },
        {
          "name": "left_hip",
          "x": 319.5786437988281,
          "y": 275.21490478515625,
          "confidence": 0.9807478189468384,
          "visible": true
        },
        {
          "name": "right_hip",
          "x": 306.38812255859375,
          "y": 272.05426025390625,
          "confidence": 0.9304446578025818,
          "visible": true
        },
        {
          "name": "left_knee",
          "x": 187.09048461914062,
          "y": 278.9102783203125,
          "confidence": 0.9900798797607422,
          "visible": true
        },
        {
          "name": "right_knee",
          "x": 184.24734497070312,
          "y": 269.39581298828125,
          "confidence": 0.9588713049888611,
          "visible": true
        },
        {
          "name": "left_ankle",
          "x": 195.03240966796875,
          "y": 412.3849792480469,
          "confidence": 0.9545575976371765,
          "visible": true
        },
        {
          "name": "right_ankle",
          "x": 194.52149963378906,
          "y": 391.9722900390625,
          "confidence": 0.9067374467849731,
          "visible": true
        }
      ],
      "confidence_scores": [
        0.9423768520355225,
        0.9797756671905518,
        0.23979723453521729,
        0.969899594783783,
        0.007371486164629459,
        0.9894366264343262,
        0.7759119868278503,
        0.9839417338371277,
        0.4579431414604187,
        0.9818540811538696,
        0.6688055396080017,
        0.9807478189468384,
        0.9304446578025818,
        0.9900798797607422,
        0.9588713049888611,
        0.9545575976371765,
        0.9067374467849731
      ],
      "average_confidence": 0.8069736852913219
    }
  ]
}