{
  "timestamp": "2025-11-03T15:14:49.236447",
  "image_shape": {
    "height": 480,
    "width": 640,
    "channels": 3
  },
  "num_persons_detected": 1,
  "persons": [
    {
      "person_id": 0,
      "keypoints": [
        {
          "name": "nose",
          "x": 216.43447875976562,
          "y": 135.35580444335938,
          "confidence": 0.9678759574890137,
          "visible": true
        },
        {
          "name": "left_eye",
          "x": 217.30673217773438,
          "y": 124.75303649902344,
          "confidence": 0.9870866537094116,
          "visible": true
        },
        {
          "name": "right_eye",
          "x": 219.33590698242188,
          "y": 125.34034729003906,
          "confidence": 0.2104278802871704,
          "visible": false
        },
        {
          "name": "left_ear",
          "x": 245.27520751953125,
          "y": 116.29539489746094,
          "confidence": 0.9859371781349182,
          "visible": true
        },
        {
          "name": "right_ear",
          "x": 251.6291046142578,
          "y": 115.46615600585938,
          "confidence": 0.010735729709267616,
          "visible": false
        },
        {
          "name": "left_shoulder",
          "x": 285.9142761230469,
          "y": 156.353271484375,
          "confidence": 0.9974663257598877,
          "visible": true
        },
        {
          "name": "right_shoulder",
          "x": 302.63751220703125,
          "y": 144.44886779785156,
          "confidence": 0.9429301023483276,
          "visible": true
        },
        {
          "name": "left_elbow",
          "x": 265.59716796875,
          "y": 241.71607971191406,
          "confidence": 0.9971508383750916,
          "visible": true
        },
        {
          "name": "right_elbow",
          "x": 276.6463928222656,
          "y": 208.17642211914062,
          "confidence": 0.7682124376296997,
          "visible": true
        },
        {
          "name": "left_wrist",
          "x": 192.6361541748047,
          "y": 230.24533081054688,
          "confidence": 0.9972207546234131,
          "visible": true
        },
        {
          "name": "right_wrist",
          "x": 205.34710693359375,
          "y": 200.50213623046875,
          "confidence": 0.9071058034896851,
          "visible": true
        },
        {
          "name": "left_hip",
          "x": 322.66790771484375,
          "y": 283.79241943359375,
          "confidence": 0.9961126446723938,
          "visible": true
        },
        {
          "name": "right_hip",
          "x": 334.8887939453125,
          "y": 269.7509460449219,
          "confidence": 0.9826316833496094,
          "visible": true
        },
        {
          "name": "left_knee",
          "x": 202.70697021484375,
          "y": 281.85955810546875,
          "confidence": 0.99802565574646,
          "visible": true
        },
        {
          "name": "right_knee",
          "x": 213.3099822998047,
          "y": 263.2139892578125,
          "confidence": 0.9896554946899414,
          "visible": true
        },
        {
          "name": "left_ankle",
          "x": 189.47442626953125,
          "y": 420.41217041015625,
          "confidence": 0.983633816242218,
          "visible": true
        },
        {
          "name": "right_ankle",
          "x": 188.79408264160156,
          "y": 398.103515625,
          "confidence": 0.9615795016288757,
          "visible": true
        }
      ],
      "confidence_scores": [
        0.9678759574890137,
        0.9870866537094116,
        0.2104278802871704,
        0.9859371781349182,
        0.010735729709267616,
        0.9974663257598877,
        0.9429301023483276,
        0.9971508383750916,
        0.7682124376296997,
        0.9972207546234131,
        0.9071058034896851,
        0.9961126446723938,
        0.9826316833496094,
        0.99802565574646,
        0.9896554946899414,
        0.983633816242218,
        0.9615795016288757
      ],
      "average_confidence": 0.8637522622285521
    }
  ]
}