{
  "timestamp": "2025-11-03T15:17:40.135200",
  "image_shape": {
    "height": 480,
    "width": 640,
    "channels": 3
  },
  "num_persons_detected": 1,
  "persons": [
    {
      "person_id": 0,
      "keypoints": [
        {
          "name": "nose",
          "x": 169.54595947265625,
          "y": 253.2531280517578,
          "confidence": 0.9352655410766602,
          "visible": true
        },
        {
          "name": "left_eye",
          "x": 163.41665649414062,
          "y": 240.9060516357422,
          "confidence": 0.9543979167938232,
          "visible": true
        },
        {
          "name": "right_eye",
          "x": 164.62510681152344,
          "y": 245.3497314453125,
          "confidence": 0.35635602474212646,
          "visible": false
        },
        {
          "name": "left_ear",
          "x": 172.00442504882812,
          "y": 216.4894256591797,
          "confidence": 0.8135557174682617,
          "visible": true
        },
        {
          "name": "right_ear",
          "x": 168.64881896972656,
          "y": 229.3777618408203,
          "confidence": 0.02417581155896187,
          "visible": false
        },
        {
          "name": "left_shoulder",
          "x": 235.9220733642578,
          "y": 200.3319091796875,
          "confidence": 0.9843392372131348,
          "visible": true
        },
        {
          "name": "right_shoulder",
          "x": 225.59201049804688,
          "y": 237.82955932617188,
          "confidence": 0.5739733576774597,
          "visible": true
        },
        {
          "name": "left_elbow",
          "x": 317.9540710449219,
          "y": 216.31002807617188,
          "confidence": 0.9815865159034729,
          "visible": true
        },
        {
          "name": "right_elbow",
          "x": 241.01434326171875,
          "y": 301.3316345214844,
          "confidence": 0.24016638100147247,
          "visible": false
        },
        {
          "name": "left_wrist",
          "x": 238.72119140625,
          "y": 243.51341247558594,
          "confidence": 0.9787988066673279,
          "visible": true
        },
        {
          "name": "right_wrist",
          "x": 219.9354248046875,
          "y": 350.16546630859375,
          "confidence": 0.46563270688056946,
          "visible": false
        },
        {
          "name": "left_hip",
          "x": 321.9469299316406,
          "y": 270.4894714355469,
          "confidence": 0.9361623525619507,
          "visible": true
        },
        {
          "name": "right_hip",
          "x": 317.8798522949219,
          "y": 277.0616149902344,
          "confidence": 0.7154276967048645,
          "visible": true
        },
        {
          "name": "left_knee",
          "x": 188.91358947753906,
          "y": 273.75250244140625,
          "confidence": 0.9743879437446594,
          "visible": true
        },
        {
          "name": "right_knee",
          "x": 194.2653350830078,
          "y": 270.4808349609375,
          "confidence": 0.8448097109794617,
          "visible": true
        },
        {
          "name": "left_ankle",
          "x": 200.0229034423828,
          "y": 421.5787353515625,
          "confidence": 0.9022960662841797,
          "visible": true
        },
        {
          "name": "right_ankle",
          "x": 199.09275817871094,
          "y": 396.3768310546875,
          "confidence": 0.7328381538391113,
          "visible": true
        }
      ],
      "confidence_scores": [
        0.9352655410766602,
        0.9543979167938232,
        0.35635602474212646,
        0.8135557174682617,
        0.02417581155896187,
        0.9843392372131348,
        0.5739733576774597,
        0.9815865159034729,
        0.24016638100147247,
        0.9787988066673279,
        0.46563270688056946,
        0.9361623525619507,
        0.7154276967048645,
        0.9743879437446594,
        0.8448097109794617,
        0.9022960662841797,
        0.7328381538391113
      ],
      "average_confidence": 0.730245290652794
    }
  ]
}