{
  "timestamp": "2025-11-03T15:18:11.247600",
  "image_shape": {
    "height": 480,
    "width": 640,
    "channels": 3
  },
  "num_persons_detected": 2,
  "persons": [
    {
      "person_id": 0,
      "keypoints": [
        {
          "name": "nose",
          "x": 264.0992431640625,
          "y": 102.13186645507812,
          "confidence": 0.8897085189819336,
          "visible": true
        },
        {
          "name": "left_eye",
          "x": 263.0633544921875,
          "y": 86.43209838867188,
          "confidence": 0.9398732781410217,
          "visible": true
        },
        {
          "name": "right_eye",
          "x": 261.2126770019531,
          "y": 91.4776611328125,
          "confidence": 0.12606081366539001,
          "visible": false
        },
        {
          "name": "left_ear",
          "x": 283.3820495605469,
          "y": 70.79275512695312,
          "confidence": 0.9634824395179749,
          "visible": true
        },
        {
          "name": "right_ear",
          "x": 282.51898193359375,
          "y": 81.54985046386719,
          "confidence": 0.01998160406947136,
          "visible": false
        },
        {
          "name": "left_shoulder",
          "x": 323.83837890625,
          "y": 122.97605895996094,
          "confidence": 0.9915794134140015,
          "visible": true
        },
        {
          "name": "right_shoulder",
          "x": 335.0933837890625,
          "y": 120.00801086425781,
          "confidence": 0.9052921533584595,
          "visible": true
        },
        {
          "name": "left_elbow",
          "x": 333.06866455078125,
          "y": 226.20977783203125,
          "confidence": 0.9902071356773376,
          "visible": true
        },
        {
          "name": "right_elbow",
          "x": 346.16424560546875,
          "y": 204.31500244140625,
          "confidence": 0.6272202730178833,
          "visible": true
        },
        {
          "name": "left_wrist",
          "x": 262.71551513671875,
          "y": 243.03567504882812,
          "confidence": 0.9919537901878357,
          "visible": true
        },
        {
          "name": "right_wrist",
          "x": 279.8643493652344,
          "y": 227.4855499267578,
          "confidence": 0.8030915260314941,
          "visible": true
        },
        {
          "name": "left_hip",
          "x": 335.3467712402344,
          "y": 283.119384765625,
          "confidence": 0.9829886555671692,
          "visible": true
        },
        {
          "name": "right_hip",
          "x": 344.8659362792969,
          "y": 270.81829833984375,
          "confidence": 0.9408792853355408,
          "visible": true
        },
        {
          "name": "left_knee",
          "x": 197.7996063232422,
          "y": 286.34112548828125,
          "confidence": 0.9902505874633789,
          "visible": true
        },
        {
          "name": "right_knee",
          "x": 209.6017608642578,
          "y": 273.2310791015625,
          "confidence": 0.9551605582237244,
          "visible": true
        },
        {
          "name": "left_ankle",
          "x": 217.0620880126953,
          "y": 416.42218017578125,
          "confidence": 0.9297722578048706,
          "visible": true
        },
        {
          "name": "right_ankle",
          "x": 224.8887939453125,
          "y": 410.0565185546875,
          "confidence": 0.844504714012146,
          "visible": true
        }
      ],
      "confidence_scores": [
        0.8897085189819336,
        0.9398732781410217,
        0.12606081366539001,
        0.9634824395179749,
        0.01998160406947136,
        0.9915794134140015,
        0.9052921533584595,
        0.9902071356773376,
        0.6272202730178833,
        0.9919537901878357,
        0.8030915260314941,
        0.9829886555671692,
        0.9408792853355408,
        0.9902505874633789,
        0.9551605582237244,
        0.9297722578048706,
        0.844504714012146
      ],
      "average_confidence": 0.8171768826158607
    },
    {
      "person_id": 1,
      "keypoints": [
        {
          "name": "nose",
          "x": 11.321808815002441,
          "y": 73.97653198242188,
          "confidence": 0.04743528738617897,
          "visible": false
        },
        {
          "name": "left_eye",
          "x": 10.141775131225586,
          "y": 64.43414306640625,
          "confidence": 0.027405643835663795,
          "visible": false
        },
        {
          "name": "right_eye",
          "x": 10.686458587646484,
          "y": 64.31610107421875,
          "confidence": 0.026407750323414803,
          "visible": false
        },
        {
          "name": "left_ear",
          "x": 6.453348159790039,
          "y": 70.61859130859375,
          "confidence": 0.0356343574821949,
          "visible": false
        },
        {
          "name": "right_ear",
          "x": 12.732845306396484,
          "y": 70.406005859375,
          "confidence": 0.04649042338132858,
          "visible": false
        },
        {
          "name": "left_shoulder",
          "x": 12.15152359008789,
          "y": 122.69674682617188,
          "confidence": 0.07081736624240875,
          "visible": false
        },
        {
          "name": "right_shoulder",
          "x": 11.967062950134277,
          "y": 120.49231719970703,
          "confidence": 0.04376770928502083,
          "visible": false
        },
        {
          "name": "left_elbow",
          "x": 13.671735763549805,
          "y": 142.61285400390625,
          "confidence": 0.07073163986206055,
          "visible": false
        },
        {
          "name": "right_elbow",
          "x": 15.175143241882324,
          "y": 142.44338989257812,
          "confidence": 0.04110884666442871,
          "visible": false
        },
        {
          "name": "left_wrist",
          "x": 3.160226821899414,
          "y": 117.28361511230469,
          "confidence": 0.09362686425447464,
          "visible": false
        },
        {
          "name": "right_wrist",
          "x": 5.984541416168213,
          "y": 120.64199829101562,
          "confidence": 0.07358593493700027,
          "visible": false
        },
        {
          "name": "left_hip",
          "x": 5.854292869567871,
          "y": 255.396484375,
          "confidence": 0.04230106621980667,
          "visible": false
        },
        {
          "name": "right_hip",
          "x": 5.252770900726318,
          "y": 254.04078674316406,
          "confidence": 0.03651001676917076,
          "visible": false
        },
        {
          "name": "left_knee",
          "x": 8.11351490020752,
          "y": 280.9427185058594,
          "confidence": 0.057201940566301346,
          "visible": false
        },
        {
          "name": "right_knee",
          "x": 6.413949966430664,
          "y": 280.607177734375,
          "confidence": 0.050317104905843735,
          "visible": false
        },
        {
          "name": "left_ankle",
          "x": 0.0,
          "y": 404.871826171875,
          "confidence": 0.036253418773412704,
          "visible": false
        },
        {
          "name": "right_ankle",
          "x": 2.95976185798645,
          "y": 406.1490783691406,
          "confidence": 0.031024934723973274,
          "visible": false
        }
      ],
      "confidence_scores": [
        0.04743528738617897,
        0.027405643835663795,
        0.026407750323414803,
        0.0356343574821949,
        0.04649042338132858,
        0.07081736624240875,
        0.04376770928502083,
        0.07073163986206055,
        0.04110884666442871,
        0.09362686425447464,
        0.07358593493700027,
        0.04230106621980667,
        0.03651001676917076,
        0.057201940566301346,
        0.050317104905843735,
        0.036253418773412704,
        0.031024934723973274
      ],
      "average_confidence": 0.04886001797721667
    }
  ]
}