{
  "timestamp": "2025-11-03T15:17:54.726041",
  "image_shape": {
    "height": 480,
    "width": 640,
    "channels": 3
  },
  "num_persons_detected": 1,
  "persons": [
    {
      "person_id": 0,
      "keypoints": [
        {
          "name": "nose",
          "x": 348.7863464355469,
          "y": 135.13497924804688,
          "confidence": 0.9741432666778564,
          "visible": true
        },
        {
          "name": "left_eye",
          "x": 362.4830627441406,
          "y": 126.78169250488281,
          "confidence": 0.9757070541381836,
          "visible": true
        },
        {
          "name": "right_eye",
          "x": 351.77734375,
          "y": 126.92231750488281,
          "confidence": 0.44342368841171265,
          "visible": false
        },
        {
          "name": "left_ear",
          "x": 391.5395202636719,
          "y": 141.7644500732422,
          "confidence": 0.9562846422195435,
          "visible": true
        },
        {
          "name": "right_ear",
          "x": 362.93621826171875,
          "y": 139.65774536132812,
          "confidence": 0.030272483825683594,
          "visible": false
        },
        {
          "name": "left_shoulder",
          "x": 383.71966552734375,
          "y": 199.36752319335938,
          "confidence": 0.996724545955658,
          "visible": true
        },
        {
          "name": "right_shoulder",
          "x": 349.0850830078125,
          "y": 179.83157348632812,
          "confidence": 0.9540883302688599,
          "visible": true
        },
        {
          "name": "left_elbow",
          "x": 334.8353576660156,
          "y": 266.2395324707031,
          "confidence": 0.9956615567207336,
          "visible": true
        },
        {
          "name": "right_elbow",
          "x": 298.47149658203125,
          "y": 230.4152069091797,
          "confidence": 0.8147715926170349,
          "visible": true
        },
        {
          "name": "left_wrist",
          "x": 288.02825927734375,
          "y": 206.24169921875,
          "confidence": 0.996322751045227,
          "visible": true
        },
        {
          "name": "right_wrist",
          "x": 271.9461669921875,
          "y": 196.6878662109375,
          "confidence": 0.8846380710601807,
          "visible": true
        },
        {
          "name": "left_hip",
          "x": 258.61968994140625,
          "y": 283.68829345703125,
          "confidence": 0.9921441078186035,
          "visible": true
        },
        {
          "name": "right_hip",
          "x": 235.6502227783203,
          "y": 260.0528564453125,
          "confidence": 0.9674788117408752,
          "visible": true
        },
        {
          "name": "left_knee",
          "x": 88.91987609863281,
          "y": 277.85675048828125,
          "confidence": 0.9920139908790588,
          "visible": true
        },
        {
          "name": "right_knee",
          "x": 92.62040710449219,
          "y": 261.6596984863281,
          "confidence": 0.9557792544364929,
          "visible": true
        },
        {
          "name": "left_ankle",
          "x": 89.98466491699219,
          "y": 395.6046142578125,
          "confidence": 0.9173427820205688,
          "visible": true
        },
        {
          "name": "right_ankle",
          "x": 104.09979248046875,
          "y": 395.7105712890625,
          "confidence": 0.7783523201942444,
          "visible": true
        }
      ],
      "confidence_scores": [
        0.9741432666778564,
        0.9757070541381836,
        0.44342368841171265,
        0.9562846422195435,
        0.030272483825683594,
        0.996724545955658,
        0.9540883302688599,
        0.9956615567207336,
        0.8147715926170349,
        0.996322751045227,
        0.8846380710601807,
        0.9921441078186035,
        0.9674788117408752,
        0.9920139908790588,
        0.9557792544364929,
        0.9173427820205688,
        0.7783523201942444
      ],
      "average_confidence": 0.8603028970606187
    }
  ]
}