{
  "timestamp": "2025-11-03T15:13:58.859914",
  "image_shape": {
    "height": 480,
    "width": 640,
    "channels": 3
  },
  "num_persons_detected": 1,
  "persons": [
    {
      "person_id": 0,
      "keypoints": [
        {
          "name": "nose",
          "x": 317.619140625,
          "y": 60.24031066894531,
          "confidence": 0.95160973072052,
          "visible": true
        },
        {
          "name": "left_eye",
          "x": 323.9130859375,
          "y": 46.91070556640625,
          "confidence": 0.9733790755271912,
          "visible": true
        },
        {
          "name": "right_eye",
          "x": 315.1052551269531,
          "y": 47.776153564453125,
          "confidence": 0.18070705235004425,
          "visible": false
        },
        {
          "name": "left_ear",
          "x": 350.06341552734375,
          "y": 51.88294982910156,
          "confidence": 0.9724480509757996,
          "visible": true
        },
        {
          "name": "right_ear",
          "x": 329.91339111328125,
          "y": 52.32171630859375,
          "confidence": 0.016006428748369217,
          "visible": false
        },
        {
          "name": "left_shoulder",
          "x": 381.14739990234375,
          "y": 126.699951171875,
          "confidence": 0.9994930028915405,
          "visible": true
        },
        {
          "name": "right_shoulder",
          "x": 359.78350830078125,
          "y": 121.29324340820312,
          "confidence": 0.9530354738235474,
          "visible": true
        },
        {
          "name": "left_elbow",
          "x": 354.8172607421875,
          "y": 212.07122802734375,
          "confidence": 0.9989480376243591,
          "visible": true
        },
        {
          "name": "right_elbow",
          "x": 328.0738220214844,
          "y": 212.89401245117188,
          "confidence": 0.7354716658592224,
          "visible": true
        },
        {
          "name": "left_wrist",
          "x": 299.130615234375,
          "y": 200.65769958496094,
          "confidence": 0.9977890253067017,
          "visible": true
        },
        {
          "name": "right_wrist",
          "x": 292.9942321777344,
          "y": 211.67434692382812,
          "confidence": 0.8494716286659241,
          "visible": true
        },
        {
          "name": "left_hip",
          "x": 344.66748046875,
          "y": 266.5423278808594,
          "confidence": 0.9993396401405334,
          "visible": true
        },
        {
          "name": "right_hip",
          "x": 332.0980529785156,
          "y": 252.587890625,
          "confidence": 0.9941434264183044,
          "visible": true
        },
        {
          "name": "left_knee",
          "x": 219.0702362060547,
          "y": 283.43035888671875,
          "confidence": 0.9990463852882385,
          "visible": true
        },
        {
          "name": "right_knee",
          "x": 221.2647705078125,
          "y": 273.2955322265625,
          "confidence": 0.9913657903671265,
          "visible": true
        },
        {
          "name": "left_ankle",
          "x": 104.728515625,
          "y": 356.4000549316406,
          "confidence": 0.9895874261856079,
          "visible": true
        },
        {
          "name": "right_ankle",
          "x": 111.78988647460938,
          "y": 349.76434326171875,
          "confidence": 0.9599098563194275,
          "visible": true
        }
      ],
      "confidence_scores": [
        0.95160973072052,
        0.9733790755271912,
        0.18070705235004425,
        0.9724480509757996,
        0.016006428748369217,
        0.9994930028915405,
        0.9530354738235474,
        0.9989480376243591,
        0.7354716658592224,
        0.9977890253067017,
        0.8494716286659241,
        0.9993396401405334,
        0.9941434264183044,
        0.9990463852882385,
        0.9913657903671265,
        0.9895874261856079,
        0.9599098563194275
      ],
      "average_confidence": 0.8565736292477917
    }
  ]
}