{
  "timestamp": "2025-11-03T15:18:25.873404",
  "image_shape": {
    "height": 480,
    "width": 640,
    "channels": 3
  },
  "num_persons_detected": 2,
  "persons": [
    {
      "person_id": 0,
      "keypoints": [
        {
          "name": "nose",
          "x": 334.8716125488281,
          "y": 106.96661376953125,
          "confidence": 0.9782689213752747,
          "visible": true
        },
        {
          "name": "left_eye",
          "x": 345.7025451660156,
          "y": 95.65087890625,
          "confidence": 0.9866753220558167,
          "visible": true
        },
        {
          "name": "right_eye",
          "x": 335.23760986328125,
          "y": 98.229248046875,
          "confidence": 0.5117648839950562,
          "visible": true
        },
        {
          "name": "left_ear",
          "x": 375.23968505859375,
          "y": 101.75924682617188,
          "confidence": 0.9657734632492065,
          "visible": true
        },
        {
          "name": "right_ear",
          "x": 350.9414367675781,
          "y": 104.40432739257812,
          "confidence": 0.028576800599694252,
          "visible": false
        },
        {
          "name": "left_shoulder",
          "x": 380.2078857421875,
          "y": 154.77828979492188,
          "confidence": 0.9924395084381104,
          "visible": true
        },
        {
          "name": "right_shoulder",
          "x": 370.04510498046875,
          "y": 149.7876739501953,
          "confidence": 0.8799546957015991,
          "visible": true
        },
        {
          "name": "left_elbow",
          "x": 342.149169921875,
          "y": 229.01324462890625,
          "confidence": 0.9910090565681458,
          "visible": true
        },
        {
          "name": "right_elbow",
          "x": 341.4252624511719,
          "y": 214.12307739257812,
          "confidence": 0.5355544090270996,
          "visible": true
        },
        {
          "name": "left_wrist",
          "x": 257.7981262207031,
          "y": 243.59930419921875,
          "confidence": 0.9915466904640198,
          "visible": true
        },
        {
          "name": "right_wrist",
          "x": 278.3351745605469,
          "y": 229.86671447753906,
          "confidence": 0.743392825126648,
          "visible": true
        },
        {
          "name": "left_hip",
          "x": 325.8514404296875,
          "y": 287.2908935546875,
          "confidence": 0.9756727814674377,
          "visible": true
        },
        {
          "name": "right_hip",
          "x": 319.1672058105469,
          "y": 271.760498046875,
          "confidence": 0.8963943719863892,
          "visible": true
        },
        {
          "name": "left_knee",
          "x": 189.38247680664062,
          "y": 278.668701171875,
          "confidence": 0.982964038848877,
          "visible": true
        },
        {
          "name": "right_knee",
          "x": 196.30722045898438,
          "y": 266.0223693847656,
          "confidence": 0.9048973321914673,
          "visible": true
        },
        {
          "name": "left_ankle",
          "x": 212.5406951904297,
          "y": 412.01495361328125,
          "confidence": 0.896625816822052,
          "visible": true
        },
        {
          "name": "right_ankle",
          "x": 214.92408752441406,
          "y": 403.3888854980469,
          "confidence": 0.7368438243865967,
          "visible": true
        }
      ],
      "confidence_scores": [
        0.9782689213752747,
        0.9866753220558167,
        0.5117648839950562,
        0.9657734632492065,
        0.028576800599694252,
        0.9924395084381104,
        0.8799546957015991,
        0.9910090565681458,
        0.5355544090270996,
        0.9915466904640198,
        0.743392825126648,
        0.9756727814674377,
        0.8963943719863892,
        0.982964038848877,
        0.9048973321914673,
        0.896625816822052,
        0.7368438243865967
      ],
      "average_confidence": 0.8234326319002053
    },
    {
      "person_id": 1,
      "keypoints": [
        {
          "name": "nose",
          "x": 14.778690338134766,
          "y": 86.02717590332031,
          "confidence": 0.20310835540294647,
          "visible": false
        },
        {
          "name": "left_eye",
          "x": 13.40962028503418,
          "y": 76.18963623046875,
          "confidence": 0.10263524204492569,
          "visible": false
        },
        {
          "name": "right_eye",
          "x": 12.52894401550293,
          "y": 75.65400695800781,
          "confidence": 0.09937073290348053,
          "visible": false
        },
        {
          "name": "left_ear",
          "x": 9.141803741455078,
          "y": 80.7683334350586,
          "confidence": 0.02745938114821911,
          "visible": false
        },
        {
          "name": "right_ear",
          "x": 7.252434730529785,
          "y": 79.92621612548828,
          "confidence": 0.047554127871990204,
          "visible": false
        },
        {
          "name": "left_shoulder",
          "x": 13.101408004760742,
          "y": 130.84222412109375,
          "confidence": 0.1348990648984909,
          "visible": false
        },
        {
          "name": "right_shoulder",
          "x": 11.208809852600098,
          "y": 128.0336151123047,
          "confidence": 0.0299520306289196,
          "visible": false
        },
        {
          "name": "left_elbow",
          "x": 22.87232208251953,
          "y": 146.9784393310547,
          "confidence": 0.17911396920681,
          "visible": false
        },
        {
          "name": "right_elbow",
          "x": 23.92214012145996,
          "y": 145.177978515625,
          "confidence": 0.029685696586966515,
          "visible": false
        },
        {
          "name": "left_wrist",
          "x": 8.977066040039062,
          "y": 117.07899475097656,
          "confidence": 0.3072642683982849,
          "visible": false
        },
        {
          "name": "right_wrist",
          "x": 11.77314567565918,
          "y": 115.25865936279297,
          "confidence": 0.1115710511803627,
          "visible": false
        },
        {
          "name": "left_hip",
          "x": 7.625717639923096,
          "y": 218.56321716308594,
          "confidence": 0.07576518505811691,
          "visible": false
        },
        {
          "name": "right_hip",
          "x": 5.88242769241333,
          "y": 217.01150512695312,
          "confidence": 0.03727904334664345,
          "visible": false
        },
        {
          "name": "left_knee",
          "x": 10.893221855163574,
          "y": 279.68597412109375,
          "confidence": 0.1056043803691864,
          "visible": false
        },
        {
          "name": "right_knee",
          "x": 13.084135055541992,
          "y": 278.85687255859375,
          "confidence": 0.05346210300922394,
          "visible": false
        },
        {
          "name": "left_ankle",
          "x": 1.038548469543457,
          "y": 407.25054931640625,
          "confidence": 0.03965345397591591,
          "visible": false
        },
        {
          "name": "right_ankle",
          "x": 3.1564323902130127,
          "y": 406.3732604980469,
          "confidence": 0.022315828129649162,
          "visible": false
        }
      ],
      "confidence_scores": [
        0.20310835540294647,
        0.10263524204492569,
        0.09937073290348053,
        0.02745938114821911,
        0.047554127871990204,
        0.1348990648984909,
        0.0299520306289196,
        0.17911396920681,
        0.029685696586966515,
        0.3072642683982849,
        0.1115710511803627,
        0.07576518505811691,
        0.03727904334664345,
        0.1056043803691864,
        0.05346210300922394,
        0.03965345397591591,
        0.022315828129649162
      ],
      "average_confidence": 0.09451140671530191
    }
  ]
}