{
  "timestamp": "2025-11-03T15:18:54.654933",
  "image_shape": {
    "height": 480,
    "width": 640,
    "channels": 3
  },
  "num_persons_detected": 1,
  "persons": [
    {
      "person_id": 0,
      "keypoints": [
        {
          "name": "nose",
          "x": 303.7158508300781,
          "y": 42.009063720703125,
          "confidence": 0.9819465279579163,
          "visible": true
        },
        {
          "name": "left_eye",
          "x": 314.9808349609375,
          "y": 30.28350830078125,
          "confidence": 0.9886065125465393,
          "visible": true
        },
        {
          "name": "right_eye",
          "x": 304.30517578125,
          "y": 29.627304077148438,
          "confidence": 0.4671470522880554,
          "visible": false
        },
        {
          "name": "left_ear",
          "x": 342.3690185546875,
          "y": 45.71733093261719,
          "confidence": 0.9721349477767944,
          "visible": true
        },
        {
          "name": "right_ear",
          "x": 317.26318359375,
          "y": 41.61238098144531,
          "confidence": 0.02040555141866207,
          "visible": false
        },
        {
          "name": "left_shoulder",
          "x": 358.3997802734375,
          "y": 123.55828857421875,
          "confidence": 0.9965561628341675,
          "visible": true
        },
        {
          "name": "right_shoulder",
          "x": 331.57861328125,
          "y": 113.75482177734375,
          "confidence": 0.936511218547821,
          "visible": true
        },
        {
          "name": "left_elbow",
          "x": 345.8387145996094,
          "y": 228.45480346679688,
          "confidence": 0.9965921640396118,
          "visible": true
        },
        {
          "name": "right_elbow",
          "x": 310.42987060546875,
          "y": 212.80020141601562,
          "confidence": 0.7418719530105591,
          "visible": true
        },
        {
          "name": "left_wrist",
          "x": 259.9786376953125,
          "y": 238.13565063476562,
          "confidence": 0.9977709054946899,
          "visible": true
        },
        {
          "name": "right_wrist",
          "x": 255.983642578125,
          "y": 234.30137634277344,
          "confidence": 0.909095048904419,
          "visible": true
        },
        {
          "name": "left_hip",
          "x": 325.3232421875,
          "y": 276.9302673339844,
          "confidence": 0.992240309715271,
          "visible": true
        },
        {
          "name": "right_hip",
          "x": 309.619384765625,
          "y": 259.3827209472656,
          "confidence": 0.965145468711853,
          "visible": true
        },
        {
          "name": "left_knee",
          "x": 176.00680541992188,
          "y": 278.99774169921875,
          "confidence": 0.9951879978179932,
          "visible": true
        },
        {
          "name": "right_knee",
          "x": 173.86962890625,
          "y": 257.47021484375,
          "confidence": 0.970443069934845,
          "visible": true
        },
        {
          "name": "left_ankle",
          "x": 182.63592529296875,
          "y": 429.3139343261719,
          "confidence": 0.9503458738327026,
          "visible": true
        },
        {
          "name": "right_ankle",
          "x": 189.039306640625,
          "y": 401.48040771484375,
          "confidence": 0.8630982637405396,
          "visible": true
        }
      ],
      "confidence_scores": [
        0.9819465279579163,
        0.9886065125465393,
        0.4671470522880554,
        0.9721349477767944,
        0.02040555141866207,
        0.9965561628341675,
        0.936511218547821,
        0.9965921640396118,
        0.7418719530105591,
        0.9977709054946899,
        0.909095048904419,
        0.992240309715271,
        0.965145468711853,
        0.9951879978179932,
        0.970443069934845,
        0.9503458738327026,
        0.8630982637405396
      ],
      "average_confidence": 0.8673587663866141
    }
  ]
}