{
  "timestamp": "2025-11-03T15:13:24.750685",
  "image_shape": {
    "height": 480,
    "width": 640,
    "channels": 3
  },
  "num_persons_detected": 1,
  "persons": [
    {
      "person_id": 0,
      "keypoints": [
        {
          "name": "nose",
          "x": 380.63275146484375,
          "y": 79.64619445800781,
          "confidence": 0.9779290556907654,
          "visible": true
        },
        {
          "name": "left_eye",
          "x": 393.8454284667969,
          "y": 69.90762329101562,
          "confidence": 0.9805991649627686,
          "visible": true
        },
        {
          "name": "right_eye",
          "x": 378.4358825683594,
          "y": 71.35107421875,
          "confidence": 0.6408843398094177,
          "visible": true
        },
        {
          "name": "left_ear",
          "x": 410.5025939941406,
          "y": 83.18057250976562,
          "confidence": 0.9326197504997253,
          "visible": true
        },
        {
          "name": "right_ear",
          "x": 376.66497802734375,
          "y": 85.84455871582031,
          "confidence": 0.07402385026216507,
          "visible": false
        },
        {
          "name": "left_shoulder",
          "x": 382.8720703125,
          "y": 141.57427978515625,
          "confidence": 0.9922342300415039,
          "visible": true
        },
        {
          "name": "right_shoulder",
          "x": 373.7535400390625,
          "y": 140.480224609375,
          "confidence": 0.9204136729240417,
          "visible": true
        },
        {
          "name": "left_elbow",
          "x": 316.0494079589844,
          "y": 206.72061157226562,
          "confidence": 0.994117259979248,
          "visible": true
        },
        {
          "name": "right_elbow",
          "x": 319.5414733886719,
          "y": 205.2181396484375,
          "confidence": 0.6561018228530884,
          "visible": true
        },
        {
          "name": "left_wrist",
          "x": 223.0989227294922,
          "y": 240.44537353515625,
          "confidence": 0.9946616291999817,
          "visible": true
        },
        {
          "name": "right_wrist",
          "x": 231.5327911376953,
          "y": 239.03933715820312,
          "confidence": 0.8259558081626892,
          "visible": true
        },
        {
          "name": "left_hip",
          "x": 293.5446472167969,
          "y": 281.31915283203125,
          "confidence": 0.9882360100746155,
          "visible": true
        },
        {
          "name": "right_hip",
          "x": 285.3609313964844,
          "y": 267.5244140625,
          "confidence": 0.9479225873947144,
          "visible": true
        },
        {
          "name": "left_knee",
          "x": 157.22776794433594,
          "y": 292.9035339355469,
          "confidence": 0.9873273968696594,
          "visible": true
        },
        {
          "name": "right_knee",
          "x": 162.0037078857422,
          "y": 284.29510498046875,
          "confidence": 0.9186025857925415,
          "visible": true
        },
        {
          "name": "left_ankle",
          "x": 189.2911376953125,
          "y": 407.7483825683594,
          "confidence": 0.895626425743103,
          "visible": true
        },
        {
          "name": "right_ankle",
          "x": 181.48068237304688,
          "y": 403.7979431152344,
          "confidence": 0.7040013074874878,
          "visible": true
        }
      ],
      "confidence_scores": [
        0.9779290556907654,
        0.9805991649627686,
        0.6408843398094177,
        0.9326197504997253,
        0.07402385026216507,
        0.9922342300415039,
        0.9204136729240417,
        0.994117259979248,
        0.6561018228530884,
        0.9946616291999817,
        0.8259558081626892,
        0.9882360100746155,
        0.9479225873947144,
        0.9873273968696594,
        0.9186025857925415,
        0.895626425743103,
        0.7040013074874878
      ],
      "average_confidence": 0.8488974645733833
    }
  ]
}