{
  "timestamp": "2025-11-03T15:18:05.292235",
  "image_shape": {
    "height": 480,
    "width": 640,
    "channels": 3
  },
  "num_persons_detected": 1,
  "persons": [
    {
      "person_id": 0,
      "keypoints": [
        {
          "name": "nose",
          "x": 193.62669372558594,
          "y": 195.06832885742188,
          "confidence": 0.7757254242897034,
          "visible": true
        },
        {
          "name": "left_eye",
          "x": 188.22091674804688,
          "y": 184.85804748535156,
          "confidence": 0.7385870218276978,
          "visible": true
        },
        {
          "name": "right_eye",
          "x": 191.4580535888672,
          "y": 183.8714141845703,
          "confidence": 0.08937469869852066,
          "visible": false
        },
        {
          "name": "left_ear",
          "x": 198.06161499023438,
          "y": 162.2538604736328,
          "confidence": 0.6548761129379272,
          "visible": true
        },
        {
          "name": "right_ear",
          "x": 206.17501831054688,
          "y": 161.3533172607422,
          "confidence": 0.033028241246938705,
          "visible": false
        },
        {
          "name": "left_shoulder",
          "x": 240.00894165039062,
          "y": 173.90072631835938,
          "confidence": 0.9903419017791748,
          "visible": true
        },
        {
          "name": "right_shoulder",
          "x": 251.99786376953125,
          "y": 164.12925720214844,
          "confidence": 0.8791729211807251,
          "visible": true
        },
        {
          "name": "left_elbow",
          "x": 215.6949005126953,
          "y": 254.51113891601562,
          "confidence": 0.991509199142456,
          "visible": true
        },
        {
          "name": "right_elbow",
          "x": 220.34405517578125,
          "y": 237.88818359375,
          "confidence": 0.7567169070243835,
          "visible": true
        },
        {
          "name": "left_wrist",
          "x": 139.57655334472656,
          "y": 258.83868408203125,
          "confidence": 0.9875553250312805,
          "visible": true
        },
        {
          "name": "right_wrist",
          "x": 143.0888671875,
          "y": 253.89968872070312,
          "confidence": 0.863523006439209,
          "visible": true
        },
        {
          "name": "left_hip",
          "x": 283.2294921875,
          "y": 273.12646484375,
          "confidence": 0.9920126795768738,
          "visible": true
        },
        {
          "name": "right_hip",
          "x": 293.12774658203125,
          "y": 260.96832275390625,
          "confidence": 0.9749334454536438,
          "visible": true
        },
        {
          "name": "left_knee",
          "x": 161.07998657226562,
          "y": 297.48626708984375,
          "confidence": 0.9939206838607788,
          "visible": true
        },
        {
          "name": "right_knee",
          "x": 173.6055908203125,
          "y": 280.5711669921875,
          "confidence": 0.9774183630943298,
          "visible": true
        },
        {
          "name": "left_ankle",
          "x": 108.25785827636719,
          "y": 414.2192687988281,
          "confidence": 0.9577376842498779,
          "visible": true
        },
        {
          "name": "right_ankle",
          "x": 116.80052185058594,
          "y": 396.29052734375,
          "confidence": 0.911579430103302,
          "visible": true
        }
      ],
      "confidence_scores": [
        0.7757254242897034,
        0.7385870218276978,
        0.08937469869852066,
        0.6548761129379272,
        0.033028241246938705,
        0.9903419017791748,
        0.8791729211807251,
        0.991509199142456,
        0.7567169070243835,
        0.9875553250312805,
        0.863523006439209,
        0.9920126795768738,
        0.9749334454536438,
        0.9939206838607788,
        0.9774183630943298,
        0.9577376842498779,
        0.911579430103302
      ],
      "average_confidence": 0.7981184144668719
    }
  ]
}