{
  "timestamp": "2025-11-03T15:16:16.403010",
  "image_shape": {
    "height": 480,
    "width": 640,
    "channels": 3
  },
  "num_persons_detected": 1,
  "persons": [
    {
      "person_id": 0,
      "keypoints": [
        {
          "name": "nose",
          "x": 326.15435791015625,
          "y": 118.2413330078125,
          "confidence": 0.9735226631164551,
          "visible": true
        },
        {
          "name": "left_eye",
          "x": 331.86065673828125,
          "y": 106.1903076171875,
          "confidence": 0.9813693761825562,
          "visible": true
        },
        {
          "name": "right_eye",
          "x": 327.5075988769531,
          "y": 108.80357360839844,
          "confidence": 0.3796543776988983,
          "visible": false
        },
        {
          "name": "left_ear",
          "x": 357.95611572265625,
          "y": 103.43716430664062,
          "confidence": 0.9733505845069885,
          "visible": true
        },
        {
          "name": "right_ear",
          "x": 347.7308044433594,
          "y": 108.37211608886719,
          "confidence": 0.0278221033513546,
          "visible": false
        },
        {
          "name": "left_shoulder",
          "x": 371.88946533203125,
          "y": 162.3323516845703,
          "confidence": 0.9962829947471619,
          "visible": true
        },
        {
          "name": "right_shoulder",
          "x": 364.29388427734375,
          "y": 150.12481689453125,
          "confidence": 0.9600035548210144,
          "visible": true
        },
        {
          "name": "left_elbow",
          "x": 325.498779296875,
          "y": 243.08645629882812,
          "confidence": 0.9960611462593079,
          "visible": true
        },
        {
          "name": "right_elbow",
          "x": 323.0855407714844,
          "y": 208.8666229248047,
          "confidence": 0.8005843758583069,
          "visible": true
        },
        {
          "name": "left_wrist",
          "x": 236.3294677734375,
          "y": 219.0310821533203,
          "confidence": 0.997090220451355,
          "visible": true
        },
        {
          "name": "right_wrist",
          "x": 235.2714385986328,
          "y": 208.41590881347656,
          "confidence": 0.9091492295265198,
          "visible": true
        },
        {
          "name": "left_hip",
          "x": 311.3130798339844,
          "y": 287.17681884765625,
          "confidence": 0.9927182197570801,
          "visible": true
        },
        {
          "name": "right_hip",
          "x": 307.0622253417969,
          "y": 268.50048828125,
          "confidence": 0.9724400043487549,
          "visible": true
        },
        {
          "name": "left_knee",
          "x": 172.41259765625,
          "y": 279.5838928222656,
          "confidence": 0.995424211025238,
          "visible": true
        },
        {
          "name": "right_knee",
          "x": 177.31326293945312,
          "y": 263.6553649902344,
          "confidence": 0.9761841297149658,
          "visible": true
        },
        {
          "name": "left_ankle",
          "x": 194.91964721679688,
          "y": 401.5076599121094,
          "confidence": 0.9585316777229309,
          "visible": true
        },
        {
          "name": "right_ankle",
          "x": 202.5748291015625,
          "y": 399.16558837890625,
          "confidence": 0.8943122029304504,
          "visible": true
        }
      ],
      "confidence_scores": [
        0.9735226631164551,
        0.9813693761825562,
        0.3796543776988983,
        0.9733505845069885,
        0.0278221033513546,
        0.9962829947471619,
        0.9600035548210144,
        0.9960611462593079,
        0.8005843758583069,
        0.997090220451355,
        0.9091492295265198,
        0.9927182197570801,
        0.9724400043487549,
        0.995424211025238,
        0.9761841297149658,
        0.9585316777229309,
        0.8943122029304504
      ],
      "average_confidence": 0.8696765336481964
    }
  ]
}