{
  "timestamp": "2025-11-03T15:12:50.932735",
  "image_shape": {
    "height": 480,
    "width": 640,
    "channels": 3
  },
  "num_persons_detected": 1,
  "persons": [
    {
      "person_id": 0,
      "keypoints": [
        {
          "name": "nose",
          "x": 135.11117553710938,
          "y": 194.51104736328125,
          "confidence": 0.8496184945106506,
          "visible": true
        },
        {
          "name": "left_eye",
          "x": 133.42417907714844,
          "y": 181.747314453125,
          "confidence": 0.9505824446678162,
          "visible": true
        },
        {
          "name": "right_eye",
          "x": 131.98390197753906,
          "y": 187.01171875,
          "confidence": 0.12203947454690933,
          "visible": false
        },
        {
          "name": "left_ear",
          "x": 153.3699493408203,
          "y": 168.05502319335938,
          "confidence": 0.9724917411804199,
          "visible": true
        },
        {
          "name": "right_ear",
          "x": 149.89340209960938,
          "y": 179.16189575195312,
          "confidence": 0.010879520326852798,
          "visible": false
        },
        {
          "name": "left_shoulder",
          "x": 232.32949829101562,
          "y": 183.0471649169922,
          "confidence": 0.9881518483161926,
          "visible": true
        },
        {
          "name": "right_shoulder",
          "x": 215.08627319335938,
          "y": 197.21701049804688,
          "confidence": 0.7069739699363708,
          "visible": true
        },
        {
          "name": "left_elbow",
          "x": 299.76708984375,
          "y": 232.36053466796875,
          "confidence": 0.9737626910209656,
          "visible": true
        },
        {
          "name": "right_elbow",
          "x": 239.5264892578125,
          "y": 248.42721557617188,
          "confidence": 0.27171117067337036,
          "visible": false
        },
        {
          "name": "left_wrist",
          "x": 238.07952880859375,
          "y": 253.19529724121094,
          "confidence": 0.9679431915283203,
          "visible": true
        },
        {
          "name": "right_wrist",
          "x": 215.36871337890625,
          "y": 263.44989013671875,
          "confidence": 0.4744051396846771,
          "visible": false
        },
        {
          "name": "left_hip",
          "x": 314.2591552734375,
          "y": 270.9237060546875,
          "confidence": 0.9659327268600464,
          "visible": true
        },
        {
          "name": "right_hip",
          "x": 306.59881591796875,
          "y": 267.6390075683594,
          "confidence": 0.8644094467163086,
          "visible": true
        },
        {
          "name": "left_knee",
          "x": 191.25967407226562,
          "y": 283.7680358886719,
          "confidence": 0.986203670501709,
          "visible": true
        },
        {
          "name": "right_knee",
          "x": 189.78001403808594,
          "y": 273.9365234375,
          "confidence": 0.9376887679100037,
          "visible": true
        },
        {
          "name": "left_ankle",
          "x": 179.6573944091797,
          "y": 423.3128967285156,
          "confidence": 0.9481714963912964,
          "visible": true
        },
        {
          "name": "right_ankle",
          "x": 186.65699768066406,
          "y": 403.8990783691406,
          "confidence": 0.8871985077857971,
          "visible": true
        }
      ],
      "confidence_scores": [
        0.8496184945106506,
        0.9505824446678162,
        0.12203947454690933,
        0.9724917411804199,
        0.010879520326852798,
        0.9881518483161926,
        0.7069739699363708,
        0.9737626910209656,
        0.27171117067337036,
        0.9679431915283203,
        0.4744051396846771,
        0.9659327268600464,
        0.8644094467163086,
        0.986203670501709,
        0.9376887679100037,
        0.9481714963912964,
        0.8871985077857971
      ],
      "average_confidence": 0.7575390766210416
    }
  ]
}