{
  "timestamp": "2025-11-03T15:17:01.997097",
  "image_shape": {
    "height": 480,
    "width": 640,
    "channels": 3
  },
  "num_persons_detected": 1,
  "persons": [
    {
      "person_id": 0,
      "keypoints": [
        {
          "name": "nose",
          "x": 297.5225524902344,
          "y": 87.25466918945312,
          "confidence": 0.9648374915122986,
          "visible": true
        },
        {
          "name": "left_eye",
          "x": 302.70770263671875,
          "y": 74.02604675292969,
          "confidence": 0.9821980595588684,
          "visible": true
        },
        {
          "name": "right_eye",
          "x": 299.12030029296875,
          "y": 78.96722412109375,
          "confidence": 0.2300199568271637,
          "visible": false
        },
        {
          "name": "left_ear",
          "x": 335.06048583984375,
          "y": 68.72860717773438,
          "confidence": 0.9845169186592102,
          "visible": true
        },
        {
          "name": "right_ear",
          "x": 324.7054443359375,
          "y": 77.12245178222656,
          "confidence": 0.011803178116679192,
          "visible": false
        },
        {
          "name": "left_shoulder",
          "x": 368.0748291015625,
          "y": 127.15634155273438,
          "confidence": 0.997878909111023,
          "visible": true
        },
        {
          "name": "right_shoulder",
          "x": 356.92840576171875,
          "y": 125.46856689453125,
          "confidence": 0.9426892399787903,
          "visible": true
        },
        {
          "name": "left_elbow",
          "x": 373.27362060546875,
          "y": 221.61837768554688,
          "confidence": 0.9975622892379761,
          "visible": true
        },
        {
          "name": "right_elbow",
          "x": 349.65753173828125,
          "y": 208.1025848388672,
          "confidence": 0.6793298125267029,
          "visible": true
        },
        {
          "name": "left_wrist",
          "x": 293.1434020996094,
          "y": 222.908203125,
          "confidence": 0.9979793429374695,
          "visible": true
        },
        {
          "name": "right_wrist",
          "x": 285.914306640625,
          "y": 223.35653686523438,
          "confidence": 0.8498921394348145,
          "visible": true
        },
        {
          "name": "left_hip",
          "x": 335.3658752441406,
          "y": 287.9726257324219,
          "confidence": 0.9966288208961487,
          "visible": true
        },
        {
          "name": "right_hip",
          "x": 332.1209716796875,
          "y": 272.4699401855469,
          "confidence": 0.9805688858032227,
          "visible": true
        },
        {
          "name": "left_knee",
          "x": 178.70057678222656,
          "y": 295.58807373046875,
          "confidence": 0.9976884126663208,
          "visible": true
        },
        {
          "name": "right_knee",
          "x": 199.0797576904297,
          "y": 279.9154052734375,
          "confidence": 0.9825381636619568,
          "visible": true
        },
        {
          "name": "left_ankle",
          "x": 211.5130615234375,
          "y": 408.0214538574219,
          "confidence": 0.9756004810333252,
          "visible": true
        },
        {
          "name": "right_ankle",
          "x": 239.9779815673828,
          "y": 396.722412109375,
          "confidence": 0.9215009808540344,
          "visible": true
        }
      ],
      "confidence_scores": [
        0.9648374915122986,
        0.9821980595588684,
        0.2300199568271637,
        0.9845169186592102,
        0.011803178116679192,
        0.997878909111023,
        0.9426892399787903,
        0.9975622892379761,
        0.6793298125267029,
        0.9979793429374695,
        0.8498921394348145,
        0.9966288208961487,
        0.9805688858032227,
        0.9976884126663208,
        0.9825381636619568,
        0.9756004810333252,
        0.9215009808540344
      ],
      "average_confidence": 0.8525431225185885
    }
  ]
}