{
  "timestamp": "2025-11-03T15:17:21.840047",
  "image_shape": {
    "height": 480,
    "width": 640,
    "channels": 3
  },
  "num_persons_detected": 1,
  "persons": [
    {
      "person_id": 0,
      "keypoints": [
        {
          "name": "nose",
          "x": 282.2853088378906,
          "y": 52.05940246582031,
          "confidence": 0.9637365937232971,
          "visible": true
        },
        {
          "name": "left_eye",
          "x": 289.8621826171875,
          "y": 38.38116455078125,
          "confidence": 0.9820605516433716,
          "visible": true
        },
        {
          "name": "right_eye",
          "x": 282.06597900390625,
          "y": 41.00483703613281,
          "confidence": 0.3219905197620392,
          "visible": false
        },
        {
          "name": "left_ear",
          "x": 317.6437072753906,
          "y": 44.517181396484375,
          "confidence": 0.9679093360900879,
          "visible": true
        },
        {
          "name": "right_ear",
          "x": 301.4822998046875,
          "y": 46.760345458984375,
          "confidence": 0.019332533702254295,
          "visible": false
        },
        {
          "name": "left_shoulder",
          "x": 341.5921936035156,
          "y": 117.19563293457031,
          "confidence": 0.9942679405212402,
          "visible": true
        },
        {
          "name": "right_shoulder",
          "x": 334.2958068847656,
          "y": 110.68559265136719,
          "confidence": 0.8770633935928345,
          "visible": true
        },
        {
          "name": "left_elbow",
          "x": 332.7558898925781,
          "y": 221.64608764648438,
          "confidence": 0.9939528107643127,
          "visible": true
        },
        {
          "name": "right_elbow",
          "x": 323.8963623046875,
          "y": 206.67080688476562,
          "confidence": 0.5522598028182983,
          "visible": true
        },
        {
          "name": "left_wrist",
          "x": 254.42770385742188,
          "y": 239.23764038085938,
          "confidence": 0.9957703948020935,
          "visible": true
        },
        {
          "name": "right_wrist",
          "x": 266.2958068847656,
          "y": 233.4776611328125,
          "confidence": 0.8240731954574585,
          "visible": true
        },
        {
          "name": "left_hip",
          "x": 328.4540100097656,
          "y": 277.0830078125,
          "confidence": 0.9859442710876465,
          "visible": true
        },
        {
          "name": "right_hip",
          "x": 325.6681823730469,
          "y": 263.1181640625,
          "confidence": 0.9301384687423706,
          "visible": true
        },
        {
          "name": "left_knee",
          "x": 206.40505981445312,
          "y": 277.4172668457031,
          "confidence": 0.9932217597961426,
          "visible": true
        },
        {
          "name": "right_knee",
          "x": 210.25213623046875,
          "y": 261.384765625,
          "confidence": 0.9572862982749939,
          "visible": true
        },
        {
          "name": "left_ankle",
          "x": 197.75006103515625,
          "y": 418.1663818359375,
          "confidence": 0.9512383937835693,
          "visible": true
        },
        {
          "name": "right_ankle",
          "x": 199.23794555664062,
          "y": 401.0906677246094,
          "confidence": 0.8640093207359314,
          "visible": true
        }
      ],
      "confidence_scores": [
        0.9637365937232971,
        0.9820605516433716,
        0.3219905197620392,
        0.9679093360900879,
        0.019332533702254295,
        0.9942679405212402,
        0.8770633935928345,
        0.9939528107643127,
        0.5522598028182983,
        0.9957703948020935,
        0.8240731954574585,
        0.9859442710876465,
        0.9301384687423706,
        0.9932217597961426,
        0.9572862982749939,
        0.9512383937835693,
        0.8640093207359314
      ],
      "average_confidence": 0.8337797403116437
    }
  ]
}