{
  "timestamp": "2025-11-03T15:17:42.561760",
  "image_shape": {
    "height": 480,
    "width": 640,
    "channels": 3
  },
  "num_persons_detected": 1,
  "persons": [
    {
      "person_id": 0,
      "keypoints": [
        {
          "name": "nose",
          "x": 247.57284545898438,
          "y": 99.63641357421875,
          "confidence": 0.9737867712974548,
          "visible": true
        },
        {
          "name": "left_eye",
          "x": 252.4056396484375,
          "y": 85.91204833984375,
          "confidence": 0.9895761013031006,
          "visible": true
        },
        {
          "name": "right_eye",
          "x": 247.7548828125,
          "y": 89.14047241210938,
          "confidence": 0.30950069427490234,
          "visible": false
        },
        {
          "name": "left_ear",
          "x": 283.1470947265625,
          "y": 82.31263732910156,
          "confidence": 0.9836618304252625,
          "visible": true
        },
        {
          "name": "right_ear",
          "x": 272.9652099609375,
          "y": 85.69136047363281,
          "confidence": 0.01297035627067089,
          "visible": false
        },
        {
          "name": "left_shoulder",
          "x": 321.6744384765625,
          "y": 139.58474731445312,
          "confidence": 0.9959683418273926,
          "visible": true
        },
        {
          "name": "right_shoulder",
          "x": 323.7380065917969,
          "y": 132.24569702148438,
          "confidence": 0.8868980407714844,
          "visible": true
        },
        {
          "name": "left_elbow",
          "x": 312.6217956542969,
          "y": 232.61924743652344,
          "confidence": 0.9949674010276794,
          "visible": true
        },
        {
          "name": "right_elbow",
          "x": 322.58978271484375,
          "y": 211.25047302246094,
          "confidence": 0.551302969455719,
          "visible": true
        },
        {
          "name": "left_wrist",
          "x": 233.69009399414062,
          "y": 245.5615997314453,
          "confidence": 0.9962161183357239,
          "visible": true
        },
        {
          "name": "right_wrist",
          "x": 258.5106506347656,
          "y": 240.04486083984375,
          "confidence": 0.825066864490509,
          "visible": true
        },
        {
          "name": "left_hip",
          "x": 335.4625244140625,
          "y": 279.185791015625,
          "confidence": 0.9880940318107605,
          "visible": true
        },
        {
          "name": "right_hip",
          "x": 338.1784362792969,
          "y": 264.9902648925781,
          "confidence": 0.9378330111503601,
          "visible": true
        },
        {
          "name": "left_knee",
          "x": 209.14910888671875,
          "y": 279.7352294921875,
          "confidence": 0.9940481185913086,
          "visible": true
        },
        {
          "name": "right_knee",
          "x": 214.91241455078125,
          "y": 263.1144104003906,
          "confidence": 0.9619309306144714,
          "visible": true
        },
        {
          "name": "left_ankle",
          "x": 197.3866729736328,
          "y": 415.10919189453125,
          "confidence": 0.9566444754600525,
          "visible": true
        },
        {
          "name": "right_ankle",
          "x": 200.5753631591797,
          "y": 399.8611145019531,
          "confidence": 0.8821972608566284,
          "visible": true
        }
      ],
      "confidence_scores": [
        0.9737867712974548,
        0.9895761013031006,
        0.30950069427490234,
        0.9836618304252625,
        0.01297035627067089,
        0.9959683418273926,
        0.8868980407714844,
        0.9949674010276794,
        0.551302969455719,
        0.9962161183357239,
        0.825066864490509,
        0.9880940318107605,
        0.9378330111503601,
        0.9940481185913086,
        0.9619309306144714,
        0.9566444754600525,
        0.8821972608566284
      ],
      "average_confidence": 0.8376860775272635
    }
  ]
}