{
  "timestamp": "2025-11-03T15:14:17.024954",
  "image_shape": {
    "height": 480,
    "width": 640,
    "channels": 3
  },
  "num_persons_detected": 1,
  "persons": [
    {
      "person_id": 0,
      "keypoints": [
        {
          "name": "nose",
          "x": 263.3927307128906,
          "y": 75.71299743652344,
          "confidence": 0.955638587474823,
          "visible": true
        },
        {
          "name": "left_eye",
          "x": 270.7457275390625,
          "y": 64.44633483886719,
          "confidence": 0.9807578325271606,
          "visible": true
        },
        {
          "name": "right_eye",
          "x": 265.9149169921875,
          "y": 66.56314086914062,
          "confidence": 0.24301642179489136,
          "visible": false
        },
        {
          "name": "left_ear",
          "x": 298.8064880371094,
          "y": 72.80804443359375,
          "confidence": 0.9757569432258606,
          "visible": true
        },
        {
          "name": "right_ear",
          "x": 288.6789855957031,
          "y": 73.20753479003906,
          "confidence": 0.013514070771634579,
          "visible": false
        },
        {
          "name": "left_shoulder",
          "x": 325.5931396484375,
          "y": 134.89898681640625,
          "confidence": 0.9958018660545349,
          "visible": true
        },
        {
          "name": "right_shoulder",
          "x": 318.8573303222656,
          "y": 128.3201141357422,
          "confidence": 0.8600115180015564,
          "visible": true
        },
        {
          "name": "left_elbow",
          "x": 317.0720520019531,
          "y": 226.9764862060547,
          "confidence": 0.9959373474121094,
          "visible": true
        },
        {
          "name": "right_elbow",
          "x": 311.95758056640625,
          "y": 210.7666473388672,
          "confidence": 0.51221764087677,
          "visible": true
        },
        {
          "name": "left_wrist",
          "x": 233.59861755371094,
          "y": 242.45448303222656,
          "confidence": 0.9966101050376892,
          "visible": true
        },
        {
          "name": "right_wrist",
          "x": 255.35073852539062,
          "y": 234.88784790039062,
          "confidence": 0.7960067987442017,
          "visible": true
        },
        {
          "name": "left_hip",
          "x": 320.2554931640625,
          "y": 274.70684814453125,
          "confidence": 0.9903203845024109,
          "visible": true
        },
        {
          "name": "right_hip",
          "x": 317.2470703125,
          "y": 260.5218200683594,
          "confidence": 0.9399794936180115,
          "visible": true
        },
        {
          "name": "left_knee",
          "x": 196.43069458007812,
          "y": 274.9791564941406,
          "confidence": 0.9948194622993469,
          "visible": true
        },
        {
          "name": "right_knee",
          "x": 197.1621856689453,
          "y": 257.69598388671875,
          "confidence": 0.9597446918487549,
          "visible": true
        },
        {
          "name": "left_ankle",
          "x": 193.698974609375,
          "y": 417.5953369140625,
          "confidence": 0.9598005414009094,
          "visible": true
        },
        {
          "name": "right_ankle",
          "x": 195.99932861328125,
          "y": 395.3536376953125,
          "confidence": 0.8726744651794434,
          "visible": true
        }
      ],
      "confidence_scores": [
        0.955638587474823,
        0.9807578325271606,
        0.24301642179489136,
        0.9757569432258606,
        0.013514070771634579,
        0.9958018660545349,
        0.8600115180015564,
        0.9959373474121094,
        0.51221764087677,
        0.9966101050376892,
        0.7960067987442017,
        0.9903203845024109,
        0.9399794936180115,
        0.9948194622993469,
        0.9597446918487549,
        0.9598005414009094,
        0.8726744651794434
      ],
      "average_confidence": 0.8260357747511828
    }
  ]
}