{
  "timestamp": "2025-11-03T15:14:27.766239",
  "image_shape": {
    "height": 480,
    "width": 640,
    "channels": 3
  },
  "num_persons_detected": 1,
  "persons": [
    {
      "person_id": 0,
      "keypoints": [
        {
          "name": "nose",
          "x": 251.37315368652344,
          "y": 71.93138122558594,
          "confidence": 0.9740260243415833,
          "visible": true
        },
        {
          "name": "left_eye",
          "x": 259.9128112792969,
          "y": 59.92762756347656,
          "confidence": 0.9862592220306396,
          "visible": true
        },
        {
          "name": "right_eye",
          "x": 253.0236358642578,
          "y": 61.86875915527344,
          "confidence": 0.3822452127933502,
          "visible": false
        },
        {
          "name": "left_ear",
          "x": 291.538330078125,
          "y": 69.22254943847656,
          "confidence": 0.9816471934318542,
          "visible": true
        },
        {
          "name": "right_ear",
          "x": 276.47503662109375,
          "y": 68.88165283203125,
          "confidence": 0.0245110671967268,
          "visible": false
        },
        {
          "name": "left_shoulder",
          "x": 323.7304992675781,
          "y": 136.88958740234375,
          "confidence": 0.9971073269844055,
          "visible": true
        },
        {
          "name": "right_shoulder",
          "x": 305.7235107421875,
          "y": 126.57164001464844,
          "confidence": 0.949702799320221,
          "visible": true
        },
        {
          "name": "left_elbow",
          "x": 308.0933532714844,
          "y": 227.3753662109375,
          "confidence": 0.9957759976387024,
          "visible": true
        },
        {
          "name": "right_elbow",
          "x": 287.15771484375,
          "y": 205.37686157226562,
          "confidence": 0.761260449886322,
          "visible": true
        },
        {
          "name": "left_wrist",
          "x": 236.96067810058594,
          "y": 203.0139923095703,
          "confidence": 0.996783971786499,
          "visible": true
        },
        {
          "name": "right_wrist",
          "x": 234.9606170654297,
          "y": 206.7823486328125,
          "confidence": 0.9017905592918396,
          "visible": true
        },
        {
          "name": "left_hip",
          "x": 322.3712158203125,
          "y": 274.43975830078125,
          "confidence": 0.9934351444244385,
          "visible": true
        },
        {
          "name": "right_hip",
          "x": 312.9411315917969,
          "y": 259.68585205078125,
          "confidence": 0.9729967713356018,
          "visible": true
        },
        {
          "name": "left_knee",
          "x": 199.238525390625,
          "y": 276.1379089355469,
          "confidence": 0.9967356324195862,
          "visible": true
        },
        {
          "name": "right_knee",
          "x": 198.43862915039062,
          "y": 258.7195739746094,
          "confidence": 0.9837123155593872,
          "visible": true
        },
        {
          "name": "left_ankle",
          "x": 187.47781372070312,
          "y": 411.6199035644531,
          "confidence": 0.9750023484230042,
          "visible": true
        },
        {
          "name": "right_ankle",
          "x": 195.3778839111328,
          "y": 395.3466491699219,
          "confidence": 0.9395843148231506,
          "visible": true
        }
      ],
      "confidence_scores": [
        0.9740260243415833,
        0.9862592220306396,
        0.3822452127933502,
        0.9816471934318542,
        0.0245110671967268,
        0.9971073269844055,
        0.949702799320221,
        0.9957759976387024,
        0.761260449886322,
        0.996783971786499,
        0.9017905592918396,
        0.9934351444244385,
        0.9729967713356018,
        0.9967356324195862,
        0.9837123155593872,
        0.9750023484230042,
        0.9395843148231506
      ],
      "average_confidence": 0.8713280206874889
    }
  ]
}