{
  "timestamp": "2025-11-03T15:17:22.407684",
  "image_shape": {
    "height": 480,
    "width": 640,
    "channels": 3
  },
  "num_persons_detected": 1,
  "persons": [
    {
      "person_id": 0,
      "keypoints": [
        {
          "name": "nose",
          "x": 283.0021057128906,
          "y": 49.48272705078125,
          "confidence": 0.9702211618423462,
          "visible": true
        },
        {
          "name": "left_eye",
          "x": 291.5958251953125,
          "y": 37.01860046386719,
          "confidence": 0.9861181378364563,
          "visible": true
        },
        {
          "name": "right_eye",
          "x": 283.551513671875,
          "y": 38.42701721191406,
          "confidence": 0.3674037456512451,
          "visible": false
        },
        {
          "name": "left_ear",
          "x": 318.5739440917969,
          "y": 46.22447204589844,
          "confidence": 0.9715129137039185,
          "visible": true
        },
        {
          "name": "right_ear",
          "x": 301.753173828125,
          "y": 45.6605224609375,
          "confidence": 0.021579524502158165,
          "visible": false
        },
        {
          "name": "left_shoulder",
          "x": 336.02484130859375,
          "y": 119.2413330078125,
          "confidence": 0.995265007019043,
          "visible": true
        },
        {
          "name": "right_shoulder",
          "x": 329.20367431640625,
          "y": 110.46824645996094,
          "confidence": 0.8771762847900391,
          "visible": true
        },
        {
          "name": "left_elbow",
          "x": 311.1622009277344,
          "y": 217.90957641601562,
          "confidence": 0.995236337184906,
          "visible": true
        },
        {
          "name": "right_elbow",
          "x": 311.79248046875,
          "y": 199.9100341796875,
          "confidence": 0.5279368162155151,
          "visible": true
        },
        {
          "name": "left_wrist",
          "x": 227.13677978515625,
          "y": 231.95709228515625,
          "confidence": 0.9964260458946228,
          "visible": true
        },
        {
          "name": "right_wrist",
          "x": 248.36578369140625,
          "y": 225.9554901123047,
          "confidence": 0.8193395733833313,
          "visible": true
        },
        {
          "name": "left_hip",
          "x": 324.328369140625,
          "y": 270.2554626464844,
          "confidence": 0.9892247319221497,
          "visible": true
        },
        {
          "name": "right_hip",
          "x": 321.2391052246094,
          "y": 256.1355285644531,
          "confidence": 0.9387637376785278,
          "visible": true
        },
        {
          "name": "left_knee",
          "x": 205.60064697265625,
          "y": 275.9281921386719,
          "confidence": 0.9949401617050171,
          "visible": true
        },
        {
          "name": "right_knee",
          "x": 207.8687286376953,
          "y": 259.4752502441406,
          "confidence": 0.9630056023597717,
          "visible": true
        },
        {
          "name": "left_ankle",
          "x": 199.08348083496094,
          "y": 414.73748779296875,
          "confidence": 0.9618457555770874,
          "visible": true
        },
        {
          "name": "right_ankle",
          "x": 201.30584716796875,
          "y": 396.10040283203125,
          "confidence": 0.8817622065544128,
          "visible": true
        }
      ],
      "confidence_scores": [
        0.9702211618423462,
        0.9861181378364563,
        0.3674037456512451,
        0.9715129137039185,
        0.021579524502158165,
        0.995265007019043,
        0.8771762847900391,
        0.995236337184906,
        0.5279368162155151,
        0.9964260458946228,
        0.8193395733833313,
        0.9892247319221497,
        0.9387637376785278,
        0.9949401617050171,
        0.9630056023597717,
        0.9618457555770874,
        0.8817622065544128
      ],
      "average_confidence": 0.838691631989444
    }
  ]
}