{
  "timestamp": "2025-11-03T15:17:25.527338",
  "image_shape": {
    "height": 480,
    "width": 640,
    "channels": 3
  },
  "num_persons_detected": 1,
  "persons": [
    {
      "person_id": 0,
      "keypoints": [
        {
          "name": "nose",
          "x": 303.0804748535156,
          "y": 50.70233154296875,
          "confidence": 0.9795626401901245,
          "visible": true
        },
        {
          "name": "left_eye",
          "x": 310.0191345214844,
          "y": 37.10774230957031,
          "confidence": 0.9910299777984619,
          "visible": true
        },
        {
          "name": "right_eye",
          "x": 301.7369689941406,
          "y": 38.64387512207031,
          "confidence": 0.40789029002189636,
          "visible": false
        },
        {
          "name": "left_ear",
          "x": 336.8776550292969,
          "y": 39.73716735839844,
          "confidence": 0.9817662239074707,
          "visible": true
        },
        {
          "name": "right_ear",
          "x": 318.7059020996094,
          "y": 41.68974304199219,
          "confidence": 0.017624985426664352,
          "visible": false
        },
        {
          "name": "left_shoulder",
          "x": 357.423095703125,
          "y": 110.69035339355469,
          "confidence": 0.996903121471405,
          "visible": true
        },
        {
          "name": "right_shoulder",
          "x": 346.4558410644531,
          "y": 103.94920349121094,
          "confidence": 0.8788512349128723,
          "visible": true
        },
        {
          "name": "left_elbow",
          "x": 331.2859802246094,
          "y": 222.5077362060547,
          "confidence": 0.9953351616859436,
          "visible": true
        },
        {
          "name": "right_elbow",
          "x": 321.20599365234375,
          "y": 207.60638427734375,
          "confidence": 0.4508066177368164,
          "visible": false
        },
        {
          "name": "left_wrist",
          "x": 241.91690063476562,
          "y": 242.19027709960938,
          "confidence": 0.9940452575683594,
          "visible": true
        },
        {
          "name": "right_wrist",
          "x": 255.8402862548828,
          "y": 235.76022338867188,
          "confidence": 0.6983880996704102,
          "visible": true
        },
        {
          "name": "left_hip",
          "x": 331.0700378417969,
          "y": 271.79608154296875,
          "confidence": 0.9885508418083191,
          "visible": true
        },
        {
          "name": "right_hip",
          "x": 325.1609191894531,
          "y": 257.090576171875,
          "confidence": 0.9291203022003174,
          "visible": true
        },
        {
          "name": "left_knee",
          "x": 206.9639892578125,
          "y": 275.11865234375,
          "confidence": 0.9935492873191833,
          "visible": true
        },
        {
          "name": "right_knee",
          "x": 213.87506103515625,
          "y": 258.85369873046875,
          "confidence": 0.9516394734382629,
          "visible": true
        },
        {
          "name": "left_ankle",
          "x": 206.79312133789062,
          "y": 411.9139404296875,
          "confidence": 0.9542388916015625,
          "visible": true
        },
        {
          "name": "right_ankle",
          "x": 210.2535400390625,
          "y": 396.4098815917969,
          "confidence": 0.8565712571144104,
          "visible": true
        }
      ],
      "confidence_scores": [
        0.9795626401901245,
        0.9910299777984619,
        0.40789029002189636,
        0.9817662239074707,
        0.017624985426664352,
        0.996903121471405,
        0.8788512349128723,
        0.9953351616859436,
        0.4508066177368164,
        0.9940452575683594,
        0.6983880996704102,
        0.9885508418083191,
        0.9291203022003174,
        0.9935492873191833,
        0.9516394734382629,
        0.9542388916015625,
        0.8565712571144104
      ],
      "average_confidence": 0.8274043331689694
    }
  ]
}