{
  "timestamp": "2025-11-03T15:16:44.262510",
  "image_shape": {
    "height": 480,
    "width": 640,
    "channels": 3
  },
  "num_persons_detected": 1,
  "persons": [
    {
      "person_id": 0,
      "keypoints": [
        {
          "name": "nose",
          "x": 255.3009033203125,
          "y": 87.91523742675781,
          "confidence": 0.955706000328064,
          "visible": true
        },
        {
          "name": "left_eye",
          "x": 262.6064758300781,
          "y": 75.96772766113281,
          "confidence": 0.9816624522209167,
          "visible": true
        },
        {
          "name": "right_eye",
          "x": 258.031982421875,
          "y": 78.57304382324219,
          "confidence": 0.19762571156024933,
          "visible": false
        },
        {
          "name": "left_ear",
          "x": 294.664794921875,
          "y": 81.54888916015625,
          "confidence": 0.981105387210846,
          "visible": true
        },
        {
          "name": "right_ear",
          "x": 284.0567321777344,
          "y": 82.25302124023438,
          "confidence": 0.008988707326352596,
          "visible": false
        },
        {
          "name": "left_shoulder",
          "x": 326.8603515625,
          "y": 143.37689208984375,
          "confidence": 0.9970335960388184,
          "visible": true
        },
        {
          "name": "right_shoulder",
          "x": 320.9161376953125,
          "y": 132.0631561279297,
          "confidence": 0.8744128346443176,
          "visible": true
        },
        {
          "name": "left_elbow",
          "x": 330.3485107421875,
          "y": 231.6324462890625,
          "confidence": 0.9966968297958374,
          "visible": true
        },
        {
          "name": "right_elbow",
          "x": 314.87066650390625,
          "y": 206.75682067871094,
          "confidence": 0.5406724214553833,
          "visible": true
        },
        {
          "name": "left_wrist",
          "x": 265.5023193359375,
          "y": 208.35345458984375,
          "confidence": 0.997280478477478,
          "visible": true
        },
        {
          "name": "right_wrist",
          "x": 267.3872985839844,
          "y": 209.78543090820312,
          "confidence": 0.8037287592887878,
          "visible": true
        },
        {
          "name": "left_hip",
          "x": 323.6755065917969,
          "y": 282.06689453125,
          "confidence": 0.9940086603164673,
          "visible": true
        },
        {
          "name": "right_hip",
          "x": 322.03729248046875,
          "y": 265.5118713378906,
          "confidence": 0.9598488807678223,
          "visible": true
        },
        {
          "name": "left_knee",
          "x": 188.93215942382812,
          "y": 283.3751220703125,
          "confidence": 0.9970219731330872,
          "visible": true
        },
        {
          "name": "right_knee",
          "x": 196.89674377441406,
          "y": 262.6539001464844,
          "confidence": 0.9756662845611572,
          "visible": true
        },
        {
          "name": "left_ankle",
          "x": 190.44717407226562,
          "y": 414.5523681640625,
          "confidence": 0.975360095500946,
          "visible": true
        },
        {
          "name": "right_ankle",
          "x": 197.40513610839844,
          "y": 394.24371337890625,
          "confidence": 0.918267011642456,
          "visible": true
        }
      ],
      "confidence_scores": [
        0.955706000328064,
        0.9816624522209167,
        0.19762571156024933,
        0.981105387210846,
        0.008988707326352596,
        0.9970335960388184,
        0.8744128346443176,
        0.9966968297958374,
        0.5406724214553833,
        0.997280478477478,
        0.8037287592887878,
        0.9940086603164673,
        0.9598488807678223,
        0.9970219731330872,
        0.9756662845611572,
        0.975360095500946,
        0.918267011642456
      ],
      "average_confidence": 0.8326521226040581
    }
  ]
}