{
  "timestamp": "2025-11-03T15:13:50.851396",
  "image_shape": {
    "height": 480,
    "width": 640,
    "channels": 3
  },
  "num_persons_detected": 1,
  "persons": [
    {
      "person_id": 0,
      "keypoints": [
        {
          "name": "nose",
          "x": 316.5628662109375,
          "y": 47.81764221191406,
          "confidence": 0.9514244794845581,
          "visible": true
        },
        {
          "name": "left_eye",
          "x": 323.4560546875,
          "y": 36.65289306640625,
          "confidence": 0.9761743545532227,
          "visible": true
        },
        {
          "name": "right_eye",
          "x": 320.882080078125,
          "y": 38.75288391113281,
          "confidence": 0.20112036168575287,
          "visible": false
        },
        {
          "name": "left_ear",
          "x": 349.5472106933594,
          "y": 44.0902099609375,
          "confidence": 0.9796390533447266,
          "visible": true
        },
        {
          "name": "right_ear",
          "x": 346.1014709472656,
          "y": 45.27299499511719,
          "confidence": 0.01986413076519966,
          "visible": false
        },
        {
          "name": "left_shoulder",
          "x": 357.50787353515625,
          "y": 113.46708679199219,
          "confidence": 0.9978602528572083,
          "visible": true
        },
        {
          "name": "right_shoulder",
          "x": 364.3673400878906,
          "y": 105.15374755859375,
          "confidence": 0.935100793838501,
          "visible": true
        },
        {
          "name": "left_elbow",
          "x": 322.52459716796875,
          "y": 212.76315307617188,
          "confidence": 0.9982301592826843,
          "visible": true
        },
        {
          "name": "right_elbow",
          "x": 334.9361877441406,
          "y": 193.1613006591797,
          "confidence": 0.6546918153762817,
          "visible": true
        },
        {
          "name": "left_wrist",
          "x": 232.91497802734375,
          "y": 223.80160522460938,
          "confidence": 0.9982337951660156,
          "visible": true
        },
        {
          "name": "right_wrist",
          "x": 255.91558837890625,
          "y": 214.8617706298828,
          "confidence": 0.8543342351913452,
          "visible": true
        },
        {
          "name": "left_hip",
          "x": 328.1302795410156,
          "y": 270.9524230957031,
          "confidence": 0.9974017143249512,
          "visible": true
        },
        {
          "name": "right_hip",
          "x": 333.3827819824219,
          "y": 255.6862335205078,
          "confidence": 0.9823096394538879,
          "visible": true
        },
        {
          "name": "left_knee",
          "x": 197.22605895996094,
          "y": 284.5409240722656,
          "confidence": 0.9985224604606628,
          "visible": true
        },
        {
          "name": "right_knee",
          "x": 207.3480682373047,
          "y": 268.31756591796875,
          "confidence": 0.9863248467445374,
          "visible": true
        },
        {
          "name": "left_ankle",
          "x": 229.16770935058594,
          "y": 417.108642578125,
          "confidence": 0.9834312796592712,
          "visible": true
        },
        {
          "name": "right_ankle",
          "x": 232.75009155273438,
          "y": 399.8004150390625,
          "confidence": 0.9377385973930359,
          "visible": true
        }
      ],
      "confidence_scores": [
        0.9514244794845581,
        0.9761743545532227,
        0.20112036168575287,
        0.9796390533447266,
        0.01986413076519966,
        0.9978602528572083,
        0.935100793838501,
        0.9982301592826843,
        0.6546918153762817,
        0.9982337951660156,
        0.8543342351913452,
        0.9974017143249512,
        0.9823096394538879,
        0.9985224604606628,
        0.9863248467445374,
        0.9834312796592712,
        0.9377385973930359
      ],
      "average_confidence": 0.8501412923283437
    }
  ]
}