{
  "timestamp": "2025-11-03T15:14:35.800991",
  "image_shape": {
    "height": 480,
    "width": 640,
    "channels": 3
  },
  "num_persons_detected": 1,
  "persons": [
    {
      "person_id": 0,
      "keypoints": [
        {
          "name": "nose",
          "x": 233.3418426513672,
          "y": 66.18209838867188,
          "confidence": 0.9751129150390625,
          "visible": true
        },
        {
          "name": "left_eye",
          "x": 241.44825744628906,
          "y": 53.416351318359375,
          "confidence": 0.9885947704315186,
          "visible": true
        },
        {
          "name": "right_eye",
          "x": 234.23829650878906,
          "y": 54.850006103515625,
          "confidence": 0.3689178228378296,
          "visible": false
        },
        {
          "name": "left_ear",
          "x": 273.9014587402344,
          "y": 60.31733703613281,
          "confidence": 0.9830547571182251,
          "visible": true
        },
        {
          "name": "right_ear",
          "x": 257.465576171875,
          "y": 58.92192077636719,
          "confidence": 0.018383082002401352,
          "visible": false
        },
        {
          "name": "left_shoulder",
          "x": 312.48785400390625,
          "y": 128.7623291015625,
          "confidence": 0.996985137462616,
          "visible": true
        },
        {
          "name": "right_shoulder",
          "x": 291.8203430175781,
          "y": 118.68846130371094,
          "confidence": 0.9338192939758301,
          "visible": true
        },
        {
          "name": "left_elbow",
          "x": 300.1764831542969,
          "y": 222.5693359375,
          "confidence": 0.9954541921615601,
          "visible": true
        },
        {
          "name": "right_elbow",
          "x": 278.812744140625,
          "y": 200.48959350585938,
          "confidence": 0.7066654562950134,
          "visible": true
        },
        {
          "name": "left_wrist",
          "x": 230.84494018554688,
          "y": 199.6867218017578,
          "confidence": 0.9963636994361877,
          "visible": true
        },
        {
          "name": "right_wrist",
          "x": 230.22915649414062,
          "y": 199.3838348388672,
          "confidence": 0.8830720782279968,
          "visible": true
        },
        {
          "name": "left_hip",
          "x": 327.5860595703125,
          "y": 272.23895263671875,
          "confidence": 0.9927093982696533,
          "visible": true
        },
        {
          "name": "right_hip",
          "x": 316.23431396484375,
          "y": 258.6618957519531,
          "confidence": 0.9678431153297424,
          "visible": true
        },
        {
          "name": "left_knee",
          "x": 210.43162536621094,
          "y": 277.1201171875,
          "confidence": 0.9964839220046997,
          "visible": true
        },
        {
          "name": "right_knee",
          "x": 207.3137969970703,
          "y": 260.0552673339844,
          "confidence": 0.9819154739379883,
          "visible": true
        },
        {
          "name": "left_ankle",
          "x": 188.1409912109375,
          "y": 411.30804443359375,
          "confidence": 0.9743504524230957,
          "visible": true
        },
        {
          "name": "right_ankle",
          "x": 196.81198120117188,
          "y": 392.9151611328125,
          "confidence": 0.9380077719688416,
          "visible": true
        }
      ],
      "confidence_scores": [
        0.9751129150390625,
        0.9885947704315186,
        0.3689178228378296,
        0.9830547571182251,
        0.018383082002401352,
        0.996985137462616,
        0.9338192939758301,
        0.9954541921615601,
        0.7066654562950134,
        0.9963636994361877,
        0.8830720782279968,
        0.9927093982696533,
        0.9678431153297424,
        0.9964839220046997,
        0.9819154739379883,
        0.9743504524230957,
        0.9380077719688416
      ],
      "average_confidence": 0.8645725493483684
    }
  ]
}