{
  "timestamp": "2025-11-03T15:16:54.191097",
  "image_shape": {
    "height": 480,
    "width": 640,
    "channels": 3
  },
  "num_persons_detected": 1,
  "persons": [
    {
      "person_id": 0,
      "keypoints": [
        {
          "name": "nose",
          "x": 341.919189453125,
          "y": 73.56271362304688,
          "confidence": 0.9292930960655212,
          "visible": true
        },
        {
          "name": "left_eye",
          "x": 352.1282958984375,
          "y": 62.4345703125,
          "confidence": 0.9484425187110901,
          "visible": true
        },
        {
          "name": "right_eye",
          "x": 346.1337890625,
          "y": 65.38395690917969,
          "confidence": 0.20009739696979523,
          "visible": false
        },
        {
          "name": "left_ear",
          "x": 384.90380859375,
          "y": 69.44500732421875,
          "confidence": 0.9498905539512634,
          "visible": true
        },
        {
          "name": "right_ear",
          "x": 368.0667724609375,
          "y": 71.91287231445312,
          "confidence": 0.015268589369952679,
          "visible": false
        },
        {
          "name": "left_shoulder",
          "x": 395.25079345703125,
          "y": 136.02362060546875,
          "confidence": 0.9933375120162964,
          "visible": true
        },
        {
          "name": "right_shoulder",
          "x": 371.6397705078125,
          "y": 124.81324768066406,
          "confidence": 0.935062050819397,
          "visible": true
        },
        {
          "name": "left_elbow",
          "x": 370.0538330078125,
          "y": 236.90480041503906,
          "confidence": 0.9938862919807434,
          "visible": true
        },
        {
          "name": "right_elbow",
          "x": 339.1280212402344,
          "y": 210.20162963867188,
          "confidence": 0.7575526833534241,
          "visible": true
        },
        {
          "name": "left_wrist",
          "x": 299.09844970703125,
          "y": 204.14117431640625,
          "confidence": 0.99587482213974,
          "visible": true
        },
        {
          "name": "right_wrist",
          "x": 290.25091552734375,
          "y": 201.43539428710938,
          "confidence": 0.8720901608467102,
          "visible": true
        },
        {
          "name": "left_hip",
          "x": 326.95343017578125,
          "y": 285.8683166503906,
          "confidence": 0.9935430288314819,
          "visible": true
        },
        {
          "name": "right_hip",
          "x": 313.03948974609375,
          "y": 266.956298828125,
          "confidence": 0.9764003753662109,
          "visible": true
        },
        {
          "name": "left_knee",
          "x": 171.24163818359375,
          "y": 298.6597595214844,
          "confidence": 0.9953834414482117,
          "visible": true
        },
        {
          "name": "right_knee",
          "x": 176.861572265625,
          "y": 281.07611083984375,
          "confidence": 0.9763038754463196,
          "visible": true
        },
        {
          "name": "left_ankle",
          "x": 208.7384796142578,
          "y": 412.902587890625,
          "confidence": 0.9528306722640991,
          "visible": true
        },
        {
          "name": "right_ankle",
          "x": 219.2177734375,
          "y": 403.30194091796875,
          "confidence": 0.8792426586151123,
          "visible": true
        }
      ],
      "confidence_scores": [
        0.9292930960655212,
        0.9484425187110901,
        0.20009739696979523,
        0.9498905539512634,
        0.015268589369952679,
        0.9933375120162964,
        0.935062050819397,
        0.9938862919807434,
        0.7575526833534241,
        0.99587482213974,
        0.8720901608467102,
        0.9935430288314819,
        0.9764003753662109,
        0.9953834414482117,
        0.9763038754463196,
        0.9528306722640991,
        0.8792426586151123
      ],
      "average_confidence": 0.8449705722467864
    }
  ]
}