{
  "timestamp": "2025-11-03T15:12:42.145303",
  "image_shape": {
    "height": 480,
    "width": 640,
    "channels": 3
  },
  "num_persons_detected": 1,
  "persons": [
    {
      "person_id": 0,
      "keypoints": [
        {
          "name": "nose",
          "x": 150.72396850585938,
          "y": 129.660888671875,
          "confidence": 0.9626451134681702,
          "visible": true
        },
        {
          "name": "left_eye",
          "x": 154.18038940429688,
          "y": 118.1239013671875,
          "confidence": 0.9909265041351318,
          "visible": true
        },
        {
          "name": "right_eye",
          "x": 151.83250427246094,
          "y": 121.7476806640625,
          "confidence": 0.25624075531959534,
          "visible": false
        },
        {
          "name": "left_ear",
          "x": 183.06478881835938,
          "y": 117.00003051757812,
          "confidence": 0.9904560446739197,
          "visible": true
        },
        {
          "name": "right_ear",
          "x": 177.2368621826172,
          "y": 122.00592041015625,
          "confidence": 0.00673986691981554,
          "visible": false
        },
        {
          "name": "left_shoulder",
          "x": 248.6691131591797,
          "y": 153.38241577148438,
          "confidence": 0.9955980181694031,
          "visible": true
        },
        {
          "name": "right_shoulder",
          "x": 237.9322509765625,
          "y": 160.19210815429688,
          "confidence": 0.7983426451683044,
          "visible": true
        },
        {
          "name": "left_elbow",
          "x": 295.06256103515625,
          "y": 227.38626098632812,
          "confidence": 0.9899933934211731,
          "visible": true
        },
        {
          "name": "right_elbow",
          "x": 258.5636901855469,
          "y": 231.8685760498047,
          "confidence": 0.3198380470275879,
          "visible": false
        },
        {
          "name": "left_wrist",
          "x": 223.0667724609375,
          "y": 246.48056030273438,
          "confidence": 0.9869267344474792,
          "visible": true
        },
        {
          "name": "right_wrist",
          "x": 218.68798828125,
          "y": 250.45413208007812,
          "confidence": 0.5557310581207275,
          "visible": true
        },
        {
          "name": "left_hip",
          "x": 317.9711608886719,
          "y": 272.8028869628906,
          "confidence": 0.9885579347610474,
          "visible": true
        },
        {
          "name": "right_hip",
          "x": 313.3015441894531,
          "y": 264.5324401855469,
          "confidence": 0.937878429889679,
          "visible": true
        },
        {
          "name": "left_knee",
          "x": 189.39697265625,
          "y": 284.8256530761719,
          "confidence": 0.9956415891647339,
          "visible": true
        },
        {
          "name": "right_knee",
          "x": 190.32955932617188,
          "y": 267.24700927734375,
          "confidence": 0.9732114672660828,
          "visible": true
        },
        {
          "name": "left_ankle",
          "x": 184.89105224609375,
          "y": 426.93927001953125,
          "confidence": 0.9794130325317383,
          "visible": true
        },
        {
          "name": "right_ankle",
          "x": 190.98577880859375,
          "y": 395.1361999511719,
          "confidence": 0.9456843733787537,
          "visible": true
        }
      ],
      "confidence_scores": [
        0.9626451134681702,
        0.9909265041351318,
        0.25624075531959534,
        0.9904560446739197,
        0.00673986691981554,
        0.9955980181694031,
        0.7983426451683044,
        0.9899933934211731,
        0.3198380470275879,
        0.9869267344474792,
        0.5557310581207275,
        0.9885579347610474,
        0.937878429889679,
        0.9956415891647339,
        0.9732114672660828,
        0.9794130325317383,
        0.9456843733787537
      ],
      "average_confidence": 0.8043426475213731
    }
  ]
}