{
  "timestamp": "2025-11-03T15:16:33.587161",
  "image_shape": {
    "height": 480,
    "width": 640,
    "channels": 3
  },
  "num_persons_detected": 1,
  "persons": [
    {
      "person_id": 0,
      "keypoints": [
        {
          "name": "nose",
          "x": 164.552734375,
          "y": 96.82838439941406,
          "confidence": 0.9653772711753845,
          "visible": true
        },
        {
          "name": "left_eye",
          "x": 168.78102111816406,
          "y": 85.865966796875,
          "confidence": 0.9882476925849915,
          "visible": true
        },
        {
          "name": "right_eye",
          "x": 165.32347106933594,
          "y": 86.23799133300781,
          "confidence": 0.21344609558582306,
          "visible": false
        },
        {
          "name": "left_ear",
          "x": 194.4676513671875,
          "y": 89.05130004882812,
          "confidence": 0.9876359105110168,
          "visible": true
        },
        {
          "name": "right_ear",
          "x": 190.39910888671875,
          "y": 87.08740234375,
          "confidence": 0.011678767390549183,
          "visible": false
        },
        {
          "name": "left_shoulder",
          "x": 233.8173065185547,
          "y": 144.31015014648438,
          "confidence": 0.9988470077514648,
          "visible": true
        },
        {
          "name": "right_shoulder",
          "x": 234.3186798095703,
          "y": 134.8348388671875,
          "confidence": 0.9011738896369934,
          "visible": true
        },
        {
          "name": "left_elbow",
          "x": 210.21734619140625,
          "y": 234.00123596191406,
          "confidence": 0.9981961846351624,
          "visible": true
        },
        {
          "name": "right_elbow",
          "x": 205.49349975585938,
          "y": 218.82997131347656,
          "confidence": 0.5519325137138367,
          "visible": true
        },
        {
          "name": "left_wrist",
          "x": 135.91236877441406,
          "y": 217.08273315429688,
          "confidence": 0.9968971014022827,
          "visible": true
        },
        {
          "name": "right_wrist",
          "x": 140.63165283203125,
          "y": 220.2112274169922,
          "confidence": 0.7866134643554688,
          "visible": true
        },
        {
          "name": "left_hip",
          "x": 260.3102111816406,
          "y": 278.05401611328125,
          "confidence": 0.9970209002494812,
          "visible": true
        },
        {
          "name": "right_hip",
          "x": 262.82440185546875,
          "y": 265.2647705078125,
          "confidence": 0.9748463034629822,
          "visible": true
        },
        {
          "name": "left_knee",
          "x": 156.38490295410156,
          "y": 289.66619873046875,
          "confidence": 0.9974570870399475,
          "visible": true
        },
        {
          "name": "right_knee",
          "x": 162.95155334472656,
          "y": 272.0621643066406,
          "confidence": 0.9776498079299927,
          "visible": true
        },
        {
          "name": "left_ankle",
          "x": 90.5568618774414,
          "y": 415.295166015625,
          "confidence": 0.9765656590461731,
          "visible": true
        },
        {
          "name": "right_ankle",
          "x": 94.70115661621094,
          "y": 394.06201171875,
          "confidence": 0.9211862087249756,
          "visible": true
        }
      ],
      "confidence_scores": [
        0.9653772711753845,
        0.9882476925849915,
        0.21344609558582306,
        0.9876359105110168,
        0.011678767390549183,
        0.9988470077514648,
        0.9011738896369934,
        0.9981961846351624,
        0.5519325137138367,
        0.9968971014022827,
        0.7866134643554688,
        0.9970209002494812,
        0.9748463034629822,
        0.9974570870399475,
        0.9776498079299927,
        0.9765656590461731,
        0.9211862087249756
      ],
      "average_confidence": 0.8379277567762662
    }
  ]
}