{
  "timestamp": "2025-11-03T15:17:48.772381",
  "image_shape": {
    "height": 480,
    "width": 640,
    "channels": 3
  },
  "num_persons_detected": 1,
  "persons": [
    {
      "person_id": 0,
      "keypoints": [
        {
          "name": "nose",
          "x": 349.84375,
          "y": 109.24478149414062,
          "confidence": 0.9732239842414856,
          "visible": true
        },
        {
          "name": "left_eye",
          "x": 359.69464111328125,
          "y": 99.56692504882812,
          "confidence": 0.9807389974594116,
          "visible": true
        },
        {
          "name": "right_eye",
          "x": 356.91064453125,
          "y": 101.98397827148438,
          "confidence": 0.36761894822120667,
          "visible": false
        },
        {
          "name": "left_ear",
          "x": 389.6997985839844,
          "y": 107.28460693359375,
          "confidence": 0.9554586410522461,
          "visible": true
        },
        {
          "name": "right_ear",
          "x": 382.5556640625,
          "y": 108.17886352539062,
          "confidence": 0.025047799572348595,
          "visible": false
        },
        {
          "name": "left_shoulder",
          "x": 372.87982177734375,
          "y": 163.03244018554688,
          "confidence": 0.9944403767585754,
          "visible": true
        },
        {
          "name": "right_shoulder",
          "x": 393.89056396484375,
          "y": 154.50909423828125,
          "confidence": 0.9154907464981079,
          "visible": true
        },
        {
          "name": "left_elbow",
          "x": 306.1915283203125,
          "y": 223.19577026367188,
          "confidence": 0.9959813356399536,
          "visible": true
        },
        {
          "name": "right_elbow",
          "x": 346.0861511230469,
          "y": 206.28518676757812,
          "confidence": 0.6781570911407471,
          "visible": true
        },
        {
          "name": "left_wrist",
          "x": 238.69886779785156,
          "y": 234.33985900878906,
          "confidence": 0.9968476891517639,
          "visible": true
        },
        {
          "name": "right_wrist",
          "x": 261.8345947265625,
          "y": 221.0241241455078,
          "confidence": 0.8587287664413452,
          "visible": true
        },
        {
          "name": "left_hip",
          "x": 295.17657470703125,
          "y": 282.64141845703125,
          "confidence": 0.9904850721359253,
          "visible": true
        },
        {
          "name": "right_hip",
          "x": 306.78082275390625,
          "y": 264.6663818359375,
          "confidence": 0.9535126686096191,
          "visible": true
        },
        {
          "name": "left_knee",
          "x": 145.3545379638672,
          "y": 276.9970703125,
          "confidence": 0.9937083721160889,
          "visible": true
        },
        {
          "name": "right_knee",
          "x": 160.5500030517578,
          "y": 265.8951721191406,
          "confidence": 0.9554032683372498,
          "visible": true
        },
        {
          "name": "left_ankle",
          "x": 175.85458374023438,
          "y": 397.77978515625,
          "confidence": 0.9463613033294678,
          "visible": true
        },
        {
          "name": "right_ankle",
          "x": 172.75814819335938,
          "y": 392.1398620605469,
          "confidence": 0.8298164010047913,
          "visible": true
        }
      ],
      "confidence_scores": [
        0.9732239842414856,
        0.9807389974594116,
        0.36761894822120667,
        0.9554586410522461,
        0.025047799572348595,
        0.9944403767585754,
        0.9154907464981079,
        0.9959813356399536,
        0.6781570911407471,
        0.9968476891517639,
        0.8587287664413452,
        0.9904850721359253,
        0.9535126686096191,
        0.9937083721160889,
        0.9554032683372498,
        0.9463613033294678,
        0.8298164010047913
      ],
      "average_confidence": 0.8477071448064902
    }
  ]
}