{
  "timestamp": "2025-11-03T15:18:59.207371",
  "image_shape": {
    "height": 480,
    "width": 640,
    "channels": 3
  },
  "num_persons_detected": 1,
  "persons": [
    {
      "person_id": 0,
      "keypoints": [
        {
          "name": "nose",
          "x": 364.84027099609375,
          "y": 58.67173767089844,
          "confidence": 0.980826735496521,
          "visible": true
        },
        {
          "name": "left_eye",
          "x": 378.2427978515625,
          "y": 48.40174865722656,
          "confidence": 0.9863063097000122,
          "visible": true
        },
        {
          "name": "right_eye",
          "x": 366.773681640625,
          "y": 48.13508605957031,
          "confidence": 0.5768918991088867,
          "visible": true
        },
        {
          "name": "left_ear",
          "x": 404.8917236328125,
          "y": 60.74919128417969,
          "confidence": 0.960189938545227,
          "visible": true
        },
        {
          "name": "right_ear",
          "x": 375.81158447265625,
          "y": 56.65257263183594,
          "confidence": 0.04039280116558075,
          "visible": false
        },
        {
          "name": "left_shoulder",
          "x": 400.54852294921875,
          "y": 130.44432067871094,
          "confidence": 0.9927042722702026,
          "visible": true
        },
        {
          "name": "right_shoulder",
          "x": 371.9150390625,
          "y": 115.1405029296875,
          "confidence": 0.9457521438598633,
          "visible": true
        },
        {
          "name": "left_elbow",
          "x": 359.3797607421875,
          "y": 236.18106079101562,
          "confidence": 0.9934136271476746,
          "visible": true
        },
        {
          "name": "right_elbow",
          "x": 332.31463623046875,
          "y": 206.65086364746094,
          "confidence": 0.757531464099884,
          "visible": true
        },
        {
          "name": "left_wrist",
          "x": 271.9957580566406,
          "y": 237.5580596923828,
          "confidence": 0.996002733707428,
          "visible": true
        },
        {
          "name": "right_wrist",
          "x": 273.8514099121094,
          "y": 230.30105590820312,
          "confidence": 0.8928433656692505,
          "visible": true
        },
        {
          "name": "left_hip",
          "x": 343.1562194824219,
          "y": 281.2079772949219,
          "confidence": 0.985966145992279,
          "visible": true
        },
        {
          "name": "right_hip",
          "x": 323.9226989746094,
          "y": 261.90045166015625,
          "confidence": 0.9531952142715454,
          "visible": true
        },
        {
          "name": "left_knee",
          "x": 186.10079956054688,
          "y": 289.15325927734375,
          "confidence": 0.9888916015625,
          "visible": true
        },
        {
          "name": "right_knee",
          "x": 179.15847778320312,
          "y": 267.85711669921875,
          "confidence": 0.9428629279136658,
          "visible": true
        },
        {
          "name": "left_ankle",
          "x": 237.21893310546875,
          "y": 414.529052734375,
          "confidence": 0.8995956778526306,
          "visible": true
        },
        {
          "name": "right_ankle",
          "x": 233.2173614501953,
          "y": 395.0768127441406,
          "confidence": 0.7588034272193909,
          "visible": true
        }
      ],
      "confidence_scores": [
        0.980826735496521,
        0.9863063097000122,
        0.5768918991088867,
        0.960189938545227,
        0.04039280116558075,
        0.9927042722702026,
        0.9457521438598633,
        0.9934136271476746,
        0.757531464099884,
        0.996002733707428,
        0.8928433656692505,
        0.985966145992279,
        0.9531952142715454,
        0.9888916015625,
        0.9428629279136658,
        0.8995956778526306,
        0.7588034272193909
      ],
      "average_confidence": 0.8618923697401496
    }
  ]
}