{
  "timestamp": "2025-11-03T15:14:17.922089",
  "image_shape": {
    "height": 480,
    "width": 640,
    "channels": 3
  },
  "num_persons_detected": 1,
  "persons": [
    {
      "person_id": 0,
      "keypoints": [
        {
          "name": "nose",
          "x": 279.8221435546875,
          "y": 58.96624755859375,
          "confidence": 0.9533199071884155,
          "visible": true
        },
        {
          "name": "left_eye",
          "x": 286.8108215332031,
          "y": 46.86235046386719,
          "confidence": 0.9784456491470337,
          "visible": true
        },
        {
          "name": "right_eye",
          "x": 280.59197998046875,
          "y": 48.3707275390625,
          "confidence": 0.264835387468338,
          "visible": false
        },
        {
          "name": "left_ear",
          "x": 311.2862243652344,
          "y": 53.65528869628906,
          "confidence": 0.9707664251327515,
          "visible": true
        },
        {
          "name": "right_ear",
          "x": 298.59967041015625,
          "y": 54.187957763671875,
          "confidence": 0.019397350028157234,
          "visible": false
        },
        {
          "name": "left_shoulder",
          "x": 331.46392822265625,
          "y": 121.99827575683594,
          "confidence": 0.9960384368896484,
          "visible": true
        },
        {
          "name": "right_shoulder",
          "x": 321.9243469238281,
          "y": 115.08097839355469,
          "confidence": 0.8643147945404053,
          "visible": true
        },
        {
          "name": "left_elbow",
          "x": 314.76263427734375,
          "y": 221.1105499267578,
          "confidence": 0.9960248470306396,
          "visible": true
        },
        {
          "name": "right_elbow",
          "x": 308.01885986328125,
          "y": 207.18545532226562,
          "confidence": 0.4909014403820038,
          "visible": false
        },
        {
          "name": "left_wrist",
          "x": 238.77987670898438,
          "y": 241.77850341796875,
          "confidence": 0.9963309168815613,
          "visible": true
        },
        {
          "name": "right_wrist",
          "x": 254.6025390625,
          "y": 236.77682495117188,
          "confidence": 0.7748091220855713,
          "visible": true
        },
        {
          "name": "left_hip",
          "x": 315.44305419921875,
          "y": 271.71868896484375,
          "confidence": 0.9905705451965332,
          "visible": true
        },
        {
          "name": "right_hip",
          "x": 310.67413330078125,
          "y": 258.45635986328125,
          "confidence": 0.9380173087120056,
          "visible": true
        },
        {
          "name": "left_knee",
          "x": 196.95175170898438,
          "y": 275.0309753417969,
          "confidence": 0.994785487651825,
          "visible": true
        },
        {
          "name": "right_knee",
          "x": 197.57122802734375,
          "y": 260.3823547363281,
          "confidence": 0.9568854570388794,
          "visible": true
        },
        {
          "name": "left_ankle",
          "x": 192.79812622070312,
          "y": 413.4945373535156,
          "confidence": 0.9593329429626465,
          "visible": true
        },
        {
          "name": "right_ankle",
          "x": 196.0342254638672,
          "y": 396.8644714355469,
          "confidence": 0.8630937337875366,
          "visible": true
        }
      ],
      "confidence_scores": [
        0.9533199071884155,
        0.9784456491470337,
        0.264835387468338,
        0.9707664251327515,
        0.019397350028157234,
        0.9960384368896484,
        0.8643147945404053,
        0.9960248470306396,
        0.4909014403820038,
        0.9963309168815613,
        0.7748091220855713,
        0.9905705451965332,
        0.9380173087120056,
        0.994785487651825,
        0.9568854570388794,
        0.9593329429626465,
        0.8630937337875366
      ],
      "average_confidence": 0.8239923383602324
    }
  ]
}