{
  "timestamp": "2025-11-03T15:14:02.918668",
  "image_shape": {
    "height": 480,
    "width": 640,
    "channels": 3
  },
  "num_persons_detected": 1,
  "persons": [
    {
      "person_id": 0,
      "keypoints": [
        {
          "name": "nose",
          "x": 323.515380859375,
          "y": 58.16487121582031,
          "confidence": 0.9745789170265198,
          "visible": true
        },
        {
          "name": "left_eye",
          "x": 334.23504638671875,
          "y": 44.47657775878906,
          "confidence": 0.9825208783149719,
          "visible": true
        },
        {
          "name": "right_eye",
          "x": 320.58367919921875,
          "y": 45.31768798828125,
          "confidence": 0.39557188749313354,
          "visible": false
        },
        {
          "name": "left_ear",
          "x": 364.5902404785156,
          "y": 51.55213928222656,
          "confidence": 0.957943320274353,
          "visible": true
        },
        {
          "name": "right_ear",
          "x": 333.15264892578125,
          "y": 51.1466064453125,
          "confidence": 0.018841352313756943,
          "visible": false
        },
        {
          "name": "left_shoulder",
          "x": 385.4136962890625,
          "y": 123.51693725585938,
          "confidence": 0.9971542358398438,
          "visible": true
        },
        {
          "name": "right_shoulder",
          "x": 359.4673767089844,
          "y": 114.27894592285156,
          "confidence": 0.9488747715950012,
          "visible": true
        },
        {
          "name": "left_elbow",
          "x": 360.30078125,
          "y": 210.29537963867188,
          "confidence": 0.9959303736686707,
          "visible": true
        },
        {
          "name": "right_elbow",
          "x": 324.4659423828125,
          "y": 197.95648193359375,
          "confidence": 0.8107625246047974,
          "visible": true
        },
        {
          "name": "left_wrist",
          "x": 291.16131591796875,
          "y": 189.77557373046875,
          "confidence": 0.9963811039924622,
          "visible": true
        },
        {
          "name": "right_wrist",
          "x": 274.44952392578125,
          "y": 192.77301025390625,
          "confidence": 0.913396418094635,
          "visible": true
        },
        {
          "name": "left_hip",
          "x": 337.7099304199219,
          "y": 270.37310791015625,
          "confidence": 0.9969741106033325,
          "visible": true
        },
        {
          "name": "right_hip",
          "x": 322.673828125,
          "y": 253.54415893554688,
          "confidence": 0.9876696467399597,
          "visible": true
        },
        {
          "name": "left_knee",
          "x": 205.31643676757812,
          "y": 286.2976989746094,
          "confidence": 0.9978259205818176,
          "visible": true
        },
        {
          "name": "right_knee",
          "x": 207.7991485595703,
          "y": 270.5137939453125,
          "confidence": 0.9897889494895935,
          "visible": true
        },
        {
          "name": "left_ankle",
          "x": 138.66680908203125,
          "y": 401.45159912109375,
          "confidence": 0.9801787734031677,
          "visible": true
        },
        {
          "name": "right_ankle",
          "x": 144.31494140625,
          "y": 390.017578125,
          "confidence": 0.9515373706817627,
          "visible": true
        }
      ],
      "confidence_scores": [
        0.9745789170265198,
        0.9825208783149719,
        0.39557188749313354,
        0.957943320274353,
        0.018841352313756943,
        0.9971542358398438,
        0.9488747715950012,
        0.9959303736686707,
        0.8107625246047974,
        0.9963811039924622,
        0.913396418094635,
        0.9969741106033325,
        0.9876696467399597,
        0.9978259205818176,
        0.9897889494895935,
        0.9801787734031677,
        0.9515373706817627
      ],
      "average_confidence": 0.8762312091010458
    }
  ]
}