{
  "timestamp": "2025-11-03T15:14:38.643638",
  "image_shape": {
    "height": 480,
    "width": 640,
    "channels": 3
  },
  "num_persons_detected": 1,
  "persons": [
    {
      "person_id": 0,
      "keypoints": [
        {
          "name": "nose",
          "x": 208.7931365966797,
          "y": 82.05609130859375,
          "confidence": 0.9685410857200623,
          "visible": true
        },
        {
          "name": "left_eye",
          "x": 213.6892547607422,
          "y": 70.77947998046875,
          "confidence": 0.990301787853241,
          "visible": true
        },
        {
          "name": "right_eye",
          "x": 211.47341918945312,
          "y": 73.0303955078125,
          "confidence": 0.24688124656677246,
          "visible": false
        },
        {
          "name": "left_ear",
          "x": 243.4076690673828,
          "y": 73.44866943359375,
          "confidence": 0.9900646805763245,
          "visible": true
        },
        {
          "name": "right_ear",
          "x": 237.74398803710938,
          "y": 74.70989990234375,
          "confidence": 0.009344896301627159,
          "visible": false
        },
        {
          "name": "left_shoulder",
          "x": 292.15789794921875,
          "y": 129.01217651367188,
          "confidence": 0.9982051849365234,
          "visible": true
        },
        {
          "name": "right_shoulder",
          "x": 274.632080078125,
          "y": 127.16131591796875,
          "confidence": 0.8663486838340759,
          "visible": true
        },
        {
          "name": "left_elbow",
          "x": 293.3515625,
          "y": 222.05294799804688,
          "confidence": 0.9974669218063354,
          "visible": true
        },
        {
          "name": "right_elbow",
          "x": 269.87847900390625,
          "y": 211.49127197265625,
          "confidence": 0.4375022053718567,
          "visible": false
        },
        {
          "name": "left_wrist",
          "x": 206.5202178955078,
          "y": 246.90911865234375,
          "confidence": 0.9968844056129456,
          "visible": true
        },
        {
          "name": "right_wrist",
          "x": 217.71087646484375,
          "y": 242.29306030273438,
          "confidence": 0.7337184548377991,
          "visible": true
        },
        {
          "name": "left_hip",
          "x": 320.152099609375,
          "y": 270.888671875,
          "confidence": 0.994598388671875,
          "visible": true
        },
        {
          "name": "right_hip",
          "x": 310.8614807128906,
          "y": 260.150146484375,
          "confidence": 0.9553394317626953,
          "visible": true
        },
        {
          "name": "left_knee",
          "x": 208.0122528076172,
          "y": 281.0896301269531,
          "confidence": 0.9962990880012512,
          "visible": true
        },
        {
          "name": "right_knee",
          "x": 204.76316833496094,
          "y": 265.4786071777344,
          "confidence": 0.9660539627075195,
          "visible": true
        },
        {
          "name": "left_ankle",
          "x": 187.89242553710938,
          "y": 419.3079833984375,
          "confidence": 0.9681084156036377,
          "visible": true
        },
        {
          "name": "right_ankle",
          "x": 195.7792510986328,
          "y": 394.59613037109375,
          "confidence": 0.8914670944213867,
          "visible": true
        }
      ],
      "confidence_scores": [
        0.9685410857200623,
        0.990301787853241,
        0.24688124656677246,
        0.9900646805763245,
        0.009344896301627159,
        0.9982051849365234,
        0.8663486838340759,
        0.9974669218063354,
        0.4375022053718567,
        0.9968844056129456,
        0.7337184548377991,
        0.994598388671875,
        0.9553394317626953,
        0.9962990880012512,
        0.9660539627075195,
        0.9681084156036377,
        0.8914670944213867
      ],
      "average_confidence": 0.8239485843874076
    }
  ]
}