{
  "timestamp": "2025-11-03T15:17:53.759489",
  "image_shape": {
    "height": 480,
    "width": 640,
    "channels": 3
  },
  "num_persons_detected": 1,
  "persons": [
    {
      "person_id": 0,
      "keypoints": [
        {
          "name": "nose",
          "x": 345.23809814453125,
          "y": 145.50546264648438,
          "confidence": 0.9730984568595886,
          "visible": true
        },
        {
          "name": "left_eye",
          "x": 358.083251953125,
          "y": 137.9029083251953,
          "confidence": 0.9761360883712769,
          "visible": true
        },
        {
          "name": "right_eye",
          "x": 349.2189025878906,
          "y": 136.4450225830078,
          "confidence": 0.41167283058166504,
          "visible": false
        },
        {
          "name": "left_ear",
          "x": 386.75518798828125,
          "y": 147.11312866210938,
          "confidence": 0.9567164182662964,
          "visible": true
        },
        {
          "name": "right_ear",
          "x": 361.17486572265625,
          "y": 141.95562744140625,
          "confidence": 0.022222261875867844,
          "visible": false
        },
        {
          "name": "left_shoulder",
          "x": 378.5562744140625,
          "y": 194.276123046875,
          "confidence": 0.9963397979736328,
          "visible": true
        },
        {
          "name": "right_shoulder",
          "x": 348.2794189453125,
          "y": 172.67416381835938,
          "confidence": 0.9521806836128235,
          "visible": true
        },
        {
          "name": "left_elbow",
          "x": 337.5154113769531,
          "y": 253.2146453857422,
          "confidence": 0.9962403774261475,
          "visible": true
        },
        {
          "name": "right_elbow",
          "x": 310.7622985839844,
          "y": 208.917236328125,
          "confidence": 0.8476821184158325,
          "visible": true
        },
        {
          "name": "left_wrist",
          "x": 285.9386291503906,
          "y": 197.30906677246094,
          "confidence": 0.9968542456626892,
          "visible": true
        },
        {
          "name": "right_wrist",
          "x": 299.69189453125,
          "y": 169.33251953125,
          "confidence": 0.899970293045044,
          "visible": true
        },
        {
          "name": "left_hip",
          "x": 260.77880859375,
          "y": 283.5138854980469,
          "confidence": 0.9939275979995728,
          "visible": true
        },
        {
          "name": "right_hip",
          "x": 239.32342529296875,
          "y": 259.1984558105469,
          "confidence": 0.9749694466590881,
          "visible": true
        },
        {
          "name": "left_knee",
          "x": 88.0067138671875,
          "y": 283.3300476074219,
          "confidence": 0.9933398365974426,
          "visible": true
        },
        {
          "name": "right_knee",
          "x": 90.77079772949219,
          "y": 263.816162109375,
          "confidence": 0.9625891447067261,
          "visible": true
        },
        {
          "name": "left_ankle",
          "x": 94.46385192871094,
          "y": 400.88330078125,
          "confidence": 0.9280190467834473,
          "visible": true
        },
        {
          "name": "right_ankle",
          "x": 106.72937774658203,
          "y": 391.3055419921875,
          "confidence": 0.805256724357605,
          "visible": true
        }
      ],
      "confidence_scores": [
        0.9730984568595886,
        0.9761360883712769,
        0.41167283058166504,
        0.9567164182662964,
        0.022222261875867844,
        0.9963397979736328,
        0.9521806836128235,
        0.9962403774261475,
        0.8476821184158325,
        0.9968542456626892,
        0.899970293045044,
        0.9939275979995728,
        0.9749694466590881,
        0.9933398365974426,
        0.9625891447067261,
        0.9280190467834473,
        0.805256724357605
      ],
      "average_confidence": 0.8639538452467498
    }
  ]
}