{
  "timestamp": "2025-11-03T15:16:28.142889",
  "image_shape": {
    "height": 480,
    "width": 640,
    "channels": 3
  },
  "num_persons_detected": 1,
  "persons": [
    {
      "person_id": 0,
      "keypoints": [
        {
          "name": "nose",
          "x": 145.06915283203125,
          "y": 135.26065063476562,
          "confidence": 0.9565281867980957,
          "visible": true
        },
        {
          "name": "left_eye",
          "x": 146.1089630126953,
          "y": 124.1861572265625,
          "confidence": 0.9881207942962646,
          "visible": true
        },
        {
          "name": "right_eye",
          "x": 144.8504180908203,
          "y": 124.931640625,
          "confidence": 0.1587803214788437,
          "visible": false
        },
        {
          "name": "left_ear",
          "x": 172.1219482421875,
          "y": 116.537109375,
          "confidence": 0.9900913238525391,
          "visible": true
        },
        {
          "name": "right_ear",
          "x": 172.27613830566406,
          "y": 117.09957885742188,
          "confidence": 0.00808744691312313,
          "visible": false
        },
        {
          "name": "left_shoulder",
          "x": 221.9208984375,
          "y": 156.46731567382812,
          "confidence": 0.9984306693077087,
          "visible": true
        },
        {
          "name": "right_shoulder",
          "x": 231.39120483398438,
          "y": 149.22976684570312,
          "confidence": 0.8681719303131104,
          "visible": true
        },
        {
          "name": "left_elbow",
          "x": 209.3275604248047,
          "y": 243.83624267578125,
          "confidence": 0.9971515536308289,
          "visible": true
        },
        {
          "name": "right_elbow",
          "x": 209.4839324951172,
          "y": 229.98329162597656,
          "confidence": 0.4452725350856781,
          "visible": false
        },
        {
          "name": "left_wrist",
          "x": 126.74310302734375,
          "y": 253.54969787597656,
          "confidence": 0.994448184967041,
          "visible": true
        },
        {
          "name": "right_wrist",
          "x": 140.74217224121094,
          "y": 255.8700714111328,
          "confidence": 0.6752784848213196,
          "visible": true
        },
        {
          "name": "left_hip",
          "x": 259.485595703125,
          "y": 278.72412109375,
          "confidence": 0.9956978559494019,
          "visible": true
        },
        {
          "name": "right_hip",
          "x": 267.7240905761719,
          "y": 265.3119201660156,
          "confidence": 0.9661621451377869,
          "visible": true
        },
        {
          "name": "left_knee",
          "x": 142.7693634033203,
          "y": 300.80804443359375,
          "confidence": 0.9961283206939697,
          "visible": true
        },
        {
          "name": "right_knee",
          "x": 153.13729858398438,
          "y": 281.2153625488281,
          "confidence": 0.9683229923248291,
          "visible": true
        },
        {
          "name": "left_ankle",
          "x": 79.83049774169922,
          "y": 418.4150390625,
          "confidence": 0.9684445858001709,
          "visible": true
        },
        {
          "name": "right_ankle",
          "x": 80.09744262695312,
          "y": 394.9188232421875,
          "confidence": 0.9017158150672913,
          "visible": true
        }
      ],
      "confidence_scores": [
        0.9565281867980957,
        0.9881207942962646,
        0.1587803214788437,
        0.9900913238525391,
        0.00808744691312313,
        0.9984306693077087,
        0.8681719303131104,
        0.9971515536308289,
        0.4452725350856781,
        0.994448184967041,
        0.6752784848213196,
        0.9956978559494019,
        0.9661621451377869,
        0.9961283206939697,
        0.9683229923248291,
        0.9684445858001709,
        0.9017158150672913
      ],
      "average_confidence": 0.8162843027316472
    }
  ]
}