{
  "timestamp": "2025-11-03T15:15:25.964659",
  "image_shape": {
    "height": 480,
    "width": 640,
    "channels": 3
  },
  "num_persons_detected": 1,
  "persons": [
    {
      "person_id": 0,
      "keypoints": [
        {
          "name": "nose",
          "x": 356.5688171386719,
          "y": 165.71688842773438,
          "confidence": 0.9743983149528503,
          "visible": true
        },
        {
          "name": "left_eye",
          "x": 373.1439208984375,
          "y": 161.28697204589844,
          "confidence": 0.9671863317489624,
          "visible": true
        },
        {
          "name": "right_eye",
          "x": 361.4710998535156,
          "y": 159.3509979248047,
          "confidence": 0.6943436861038208,
          "visible": true
        },
        {
          "name": "left_ear",
          "x": 401.4497985839844,
          "y": 181.74826049804688,
          "confidence": 0.9241997599601746,
          "visible": true
        },
        {
          "name": "right_ear",
          "x": 368.102294921875,
          "y": 175.12417602539062,
          "confidence": 0.11137440800666809,
          "visible": false
        },
        {
          "name": "left_shoulder",
          "x": 375.4578857421875,
          "y": 229.43948364257812,
          "confidence": 0.9901540875434875,
          "visible": true
        },
        {
          "name": "right_shoulder",
          "x": 339.99090576171875,
          "y": 212.332275390625,
          "confidence": 0.9662906527519226,
          "visible": true
        },
        {
          "name": "left_elbow",
          "x": 296.5002746582031,
          "y": 244.92813110351562,
          "confidence": 0.969363808631897,
          "visible": true
        },
        {
          "name": "right_elbow",
          "x": 278.7168273925781,
          "y": 220.8079376220703,
          "confidence": 0.8248330354690552,
          "visible": true
        },
        {
          "name": "left_wrist",
          "x": 245.95455932617188,
          "y": 215.83267211914062,
          "confidence": 0.9666422009468079,
          "visible": true
        },
        {
          "name": "right_wrist",
          "x": 272.2724609375,
          "y": 216.45297241210938,
          "confidence": 0.8065915703773499,
          "visible": true
        },
        {
          "name": "left_hip",
          "x": 233.17251586914062,
          "y": 286.4432067871094,
          "confidence": 0.9863510727882385,
          "visible": true
        },
        {
          "name": "right_hip",
          "x": 206.5674591064453,
          "y": 263.8291931152344,
          "confidence": 0.9725375175476074,
          "visible": true
        },
        {
          "name": "left_knee",
          "x": 75.5462646484375,
          "y": 291.4886169433594,
          "confidence": 0.9826186895370483,
          "visible": true
        },
        {
          "name": "right_knee",
          "x": 72.103271484375,
          "y": 277.6897277832031,
          "confidence": 0.9532381296157837,
          "visible": true
        },
        {
          "name": "left_ankle",
          "x": 63.99424743652344,
          "y": 378.662353515625,
          "confidence": 0.9083400964736938,
          "visible": true
        },
        {
          "name": "right_ankle",
          "x": 73.06877136230469,
          "y": 377.43408203125,
          "confidence": 0.8295044898986816,
          "visible": true
        }
      ],
      "confidence_scores": [
        0.9743983149528503,
        0.9671863317489624,
        0.6943436861038208,
        0.9241997599601746,
        0.11137440800666809,
        0.9901540875434875,
        0.9662906527519226,
        0.969363808631897,
        0.8248330354690552,
        0.9666422009468079,
        0.8065915703773499,
        0.9863510727882385,
        0.9725375175476074,
        0.9826186895370483,
        0.9532381296157837,
        0.9083400964736938,
        0.8295044898986816
      ],
      "average_confidence": 0.87223340307965
    }
  ]
}