{
  "timestamp": "2025-11-03T15:18:27.631381",
  "image_shape": {
    "height": 480,
    "width": 640,
    "channels": 3
  },
  "num_persons_detected": 2,
  "persons": [
    {
      "person_id": 0,
      "keypoints": [
        {
          "name": "nose",
          "x": 352.5347900390625,
          "y": 93.24372863769531,
          "confidence": 0.9842106103897095,
          "visible": true
        },
        {
          "name": "left_eye",
          "x": 362.85125732421875,
          "y": 81.89260864257812,
          "confidence": 0.987461507320404,
          "visible": true
        },
        {
          "name": "right_eye",
          "x": 350.99566650390625,
          "y": 82.60763549804688,
          "confidence": 0.6092352867126465,
          "visible": true
        },
        {
          "name": "left_ear",
          "x": 384.30816650390625,
          "y": 90.24276733398438,
          "confidence": 0.9635778069496155,
          "visible": true
        },
        {
          "name": "right_ear",
          "x": 357.6861877441406,
          "y": 90.16336059570312,
          "confidence": 0.05011015012860298,
          "visible": false
        },
        {
          "name": "left_shoulder",
          "x": 387.3692932128906,
          "y": 152.96206665039062,
          "confidence": 0.996905505657196,
          "visible": true
        },
        {
          "name": "right_shoulder",
          "x": 367.9599304199219,
          "y": 141.566650390625,
          "confidence": 0.964306116104126,
          "visible": true
        },
        {
          "name": "left_elbow",
          "x": 350.27001953125,
          "y": 237.29913330078125,
          "confidence": 0.9964568018913269,
          "visible": true
        },
        {
          "name": "right_elbow",
          "x": 333.9566345214844,
          "y": 213.21044921875,
          "confidence": 0.8259191513061523,
          "visible": true
        },
        {
          "name": "left_wrist",
          "x": 272.2814636230469,
          "y": 232.7572021484375,
          "confidence": 0.997453510761261,
          "visible": true
        },
        {
          "name": "right_wrist",
          "x": 275.88311767578125,
          "y": 222.78854370117188,
          "confidence": 0.9261340498924255,
          "visible": true
        },
        {
          "name": "left_hip",
          "x": 330.6260070800781,
          "y": 285.2294006347656,
          "confidence": 0.9950816631317139,
          "visible": true
        },
        {
          "name": "right_hip",
          "x": 318.6512451171875,
          "y": 268.03369140625,
          "confidence": 0.9803472757339478,
          "visible": true
        },
        {
          "name": "left_knee",
          "x": 185.37765502929688,
          "y": 270.5325622558594,
          "confidence": 0.9973616003990173,
          "visible": true
        },
        {
          "name": "right_knee",
          "x": 187.4189453125,
          "y": 254.69464111328125,
          "confidence": 0.9852986335754395,
          "visible": true
        },
        {
          "name": "left_ankle",
          "x": 185.39056396484375,
          "y": 404.685791015625,
          "confidence": 0.9796381592750549,
          "visible": true
        },
        {
          "name": "right_ankle",
          "x": 192.56845092773438,
          "y": 394.680908203125,
          "confidence": 0.9426167011260986,
          "visible": true
        }
      ],
      "confidence_scores": [
        0.9842106103897095,
        0.987461507320404,
        0.6092352867126465,
        0.9635778069496155,
        0.05011015012860298,
        0.996905505657196,
        0.964306116104126,
        0.9964568018913269,
        0.8259191513061523,
        0.997453510761261,
        0.9261340498924255,
        0.9950816631317139,
        0.9803472757339478,
        0.9973616003990173,
        0.9852986335754395,
        0.9796381592750549,
        0.9426167011260986
      ],
      "average_confidence": 0.8930655606091022
    },
    {
      "person_id": 1,
      "keypoints": [
        {
          "name": "nose",
          "x": 4.822622299194336,
          "y": 84.3397216796875,
          "confidence": 0.08420932292938232,
          "visible": false
        },
        {
          "name": "left_eye",
          "x": 4.810121536254883,
          "y": 75.54299926757812,
          "confidence": 0.07440809160470963,
          "visible": false
        },
        {
          "name": "right_eye",
          "x": 3.620237112045288,
          "y": 75.77032470703125,
          "confidence": 0.03601866960525513,
          "visible": false
        },
        {
          "name": "left_ear",
          "x": 5.829980850219727,
          "y": 81.4761962890625,
          "confidence": 0.11148600280284882,
          "visible": false
        },
        {
          "name": "right_ear",
          "x": 7.51580810546875,
          "y": 82.01617431640625,
          "confidence": 0.05541098490357399,
          "visible": false
        },
        {
          "name": "left_shoulder",
          "x": 12.256756782531738,
          "y": 131.42550659179688,
          "confidence": 0.20697328448295593,
          "visible": false
        },
        {
          "name": "right_shoulder",
          "x": 10.129769325256348,
          "y": 129.45565795898438,
          "confidence": 0.05056249350309372,
          "visible": false
        },
        {
          "name": "left_elbow",
          "x": 14.857270240783691,
          "y": 163.47972106933594,
          "confidence": 0.14787206053733826,
          "visible": false
        },
        {
          "name": "right_elbow",
          "x": 17.602493286132812,
          "y": 158.79713439941406,
          "confidence": 0.02348795160651207,
          "visible": false
        },
        {
          "name": "left_wrist",
          "x": 10.447259902954102,
          "y": 137.21632385253906,
          "confidence": 0.11477480828762054,
          "visible": false
        },
        {
          "name": "right_wrist",
          "x": 13.696077346801758,
          "y": 125.79475402832031,
          "confidence": 0.033284787088632584,
          "visible": false
        },
        {
          "name": "left_hip",
          "x": 8.081916809082031,
          "y": 257.6316833496094,
          "confidence": 0.0820062905550003,
          "visible": false
        },
        {
          "name": "right_hip",
          "x": 6.559542655944824,
          "y": 256.53704833984375,
          "confidence": 0.041744790971279144,
          "visible": false
        },
        {
          "name": "left_knee",
          "x": 3.5627360343933105,
          "y": 308.6145324707031,
          "confidence": 0.1432296484708786,
          "visible": false
        },
        {
          "name": "right_knee",
          "x": 0.04519462585449219,
          "y": 309.8475646972656,
          "confidence": 0.07914599776268005,
          "visible": false
        },
        {
          "name": "left_ankle",
          "x": 0.2325119972229004,
          "y": 411.24664306640625,
          "confidence": 0.09915611147880554,
          "visible": false
        },
        {
          "name": "right_ankle",
          "x": 1.425400733947754,
          "y": 413.14013671875,
          "confidence": 0.061977557837963104,
          "visible": false
        }
      ],
      "confidence_scores": [
        0.08420932292938232,
        0.07440809160470963,
        0.03601866960525513,
        0.11148600280284882,
        0.05541098490357399,
        0.20697328448295593,
        0.05056249350309372,
        0.14787206053733826,
        0.02348795160651207,
        0.11477480828762054,
        0.033284787088632584,
        0.0820062905550003,
        0.041744790971279144,
        0.1432296484708786,
        0.07914599776268005,
        0.09915611147880554,
        0.061977557837963104
      ],
      "average_confidence": 0.08504405026050176
    }
  ]
}