{
  "timestamp": "2025-11-03T15:18:02.411792",
  "image_shape": {
    "height": 480,
    "width": 640,
    "channels": 3
  },
  "num_persons_detected": 1,
  "persons": [
    {
      "person_id": 0,
      "keypoints": [
        {
          "name": "nose",
          "x": 151.2309112548828,
          "y": 116.38885498046875,
          "confidence": 0.980168342590332,
          "visible": true
        },
        {
          "name": "left_eye",
          "x": 158.945556640625,
          "y": 105.04074096679688,
          "confidence": 0.9931427240371704,
          "visible": true
        },
        {
          "name": "right_eye",
          "x": 153.39437866210938,
          "y": 106.04885864257812,
          "confidence": 0.31891700625419617,
          "visible": false
        },
        {
          "name": "left_ear",
          "x": 193.75111389160156,
          "y": 109.679443359375,
          "confidence": 0.9899835586547852,
          "visible": true
        },
        {
          "name": "right_ear",
          "x": 181.1079559326172,
          "y": 106.66473388671875,
          "confidence": 0.011554020456969738,
          "visible": false
        },
        {
          "name": "left_shoulder",
          "x": 236.95570373535156,
          "y": 164.76300048828125,
          "confidence": 0.9983229041099548,
          "visible": true
        },
        {
          "name": "right_shoulder",
          "x": 230.45574951171875,
          "y": 154.6328125,
          "confidence": 0.933076024055481,
          "visible": true
        },
        {
          "name": "left_elbow",
          "x": 210.24801635742188,
          "y": 253.06092834472656,
          "confidence": 0.99689120054245,
          "visible": true
        },
        {
          "name": "right_elbow",
          "x": 202.82113647460938,
          "y": 231.4454345703125,
          "confidence": 0.6452632546424866,
          "visible": true
        },
        {
          "name": "left_wrist",
          "x": 125.1561279296875,
          "y": 257.3731689453125,
          "confidence": 0.996496856212616,
          "visible": true
        },
        {
          "name": "right_wrist",
          "x": 132.8082275390625,
          "y": 257.48394775390625,
          "confidence": 0.8544642329216003,
          "visible": true
        },
        {
          "name": "left_hip",
          "x": 277.24346923828125,
          "y": 282.26776123046875,
          "confidence": 0.9964119791984558,
          "visible": true
        },
        {
          "name": "right_hip",
          "x": 274.98870849609375,
          "y": 268.0169982910156,
          "confidence": 0.9800562262535095,
          "visible": true
        },
        {
          "name": "left_knee",
          "x": 155.63250732421875,
          "y": 296.1068115234375,
          "confidence": 0.9975401163101196,
          "visible": true
        },
        {
          "name": "right_knee",
          "x": 158.3305206298828,
          "y": 275.8699951171875,
          "confidence": 0.9845945835113525,
          "visible": true
        },
        {
          "name": "left_ankle",
          "x": 108.18348693847656,
          "y": 422.7314453125,
          "confidence": 0.9786781072616577,
          "visible": true
        },
        {
          "name": "right_ankle",
          "x": 111.95648193359375,
          "y": 397.20684814453125,
          "confidence": 0.9438266158103943,
          "visible": true
        }
      ],
      "confidence_scores": [
        0.980168342590332,
        0.9931427240371704,
        0.31891700625419617,
        0.9899835586547852,
        0.011554020456969738,
        0.9983229041099548,
        0.933076024055481,
        0.99689120054245,
        0.6452632546424866,
        0.996496856212616,
        0.8544642329216003,
        0.9964119791984558,
        0.9800562262535095,
        0.9975401163101196,
        0.9845945835113525,
        0.9786781072616577,
        0.9438266158103943
      ],
      "average_confidence": 0.8587875148719725
    }
  ]
}