{
  "timestamp": "2025-11-03T15:16:35.159179",
  "image_shape": {
    "height": 480,
    "width": 640,
    "channels": 3
  },
  "num_persons_detected": 1,
  "persons": [
    {
      "person_id": 0,
      "keypoints": [
        {
          "name": "nose",
          "x": 160.79701232910156,
          "y": 110.25505065917969,
          "confidence": 0.9717299938201904,
          "visible": true
        },
        {
          "name": "left_eye",
          "x": 165.0418701171875,
          "y": 98.88336181640625,
          "confidence": 0.991223931312561,
          "visible": true
        },
        {
          "name": "right_eye",
          "x": 160.0654754638672,
          "y": 100.04473876953125,
          "confidence": 0.26788777112960815,
          "visible": false
        },
        {
          "name": "left_ear",
          "x": 190.8719024658203,
          "y": 99.36734008789062,
          "confidence": 0.9874403476715088,
          "visible": true
        },
        {
          "name": "right_ear",
          "x": 181.1824493408203,
          "y": 99.66307067871094,
          "confidence": 0.010879834182560444,
          "visible": false
        },
        {
          "name": "left_shoulder",
          "x": 232.17135620117188,
          "y": 149.8390350341797,
          "confidence": 0.9985451698303223,
          "visible": true
        },
        {
          "name": "right_shoulder",
          "x": 227.7614288330078,
          "y": 146.20840454101562,
          "confidence": 0.8701961040496826,
          "visible": true
        },
        {
          "name": "left_elbow",
          "x": 214.5048065185547,
          "y": 236.40647888183594,
          "confidence": 0.997884213924408,
          "visible": true
        },
        {
          "name": "right_elbow",
          "x": 203.28848266601562,
          "y": 229.2788848876953,
          "confidence": 0.4662252366542816,
          "visible": false
        },
        {
          "name": "left_wrist",
          "x": 133.80398559570312,
          "y": 251.73287963867188,
          "confidence": 0.9968819618225098,
          "visible": true
        },
        {
          "name": "right_wrist",
          "x": 141.12168884277344,
          "y": 253.08767700195312,
          "confidence": 0.7586013078689575,
          "visible": true
        },
        {
          "name": "left_hip",
          "x": 262.4029235839844,
          "y": 274.3905334472656,
          "confidence": 0.9964199066162109,
          "visible": true
        },
        {
          "name": "right_hip",
          "x": 261.7791442871094,
          "y": 263.8494873046875,
          "confidence": 0.9679650664329529,
          "visible": true
        },
        {
          "name": "left_knee",
          "x": 154.3974151611328,
          "y": 289.7507019042969,
          "confidence": 0.9974499344825745,
          "visible": true
        },
        {
          "name": "right_knee",
          "x": 159.65667724609375,
          "y": 275.242919921875,
          "confidence": 0.9757113456726074,
          "visible": true
        },
        {
          "name": "left_ankle",
          "x": 92.55342102050781,
          "y": 416.56573486328125,
          "confidence": 0.9787696599960327,
          "visible": true
        },
        {
          "name": "right_ankle",
          "x": 95.27730560302734,
          "y": 396.08721923828125,
          "confidence": 0.9244522452354431,
          "visible": true
        }
      ],
      "confidence_scores": [
        0.9717299938201904,
        0.991223931312561,
        0.26788777112960815,
        0.9874403476715088,
        0.010879834182560444,
        0.9985451698303223,
        0.8701961040496826,
        0.997884213924408,
        0.4662252366542816,
        0.9968819618225098,
        0.7586013078689575,
        0.9964199066162109,
        0.9679650664329529,
        0.9974499344825745,
        0.9757113456726074,
        0.9787696599960327,
        0.9244522452354431
      ],
      "average_confidence": 0.8328390606295537
    }
  ]
}