{
  "timestamp": "2025-11-03T15:13:23.627925",
  "image_shape": {
    "height": 480,
    "width": 640,
    "channels": 3
  },
  "num_persons_detected": 1,
  "persons": [
    {
      "person_id": 0,
      "keypoints": [
        {
          "name": "nose",
          "x": 367.82666015625,
          "y": 60.24794006347656,
          "confidence": 0.9750863909721375,
          "visible": true
        },
        {
          "name": "left_eye",
          "x": 380.54815673828125,
          "y": 49.49482727050781,
          "confidence": 0.9854145050048828,
          "visible": true
        },
        {
          "name": "right_eye",
          "x": 370.2373352050781,
          "y": 49.56330871582031,
          "confidence": 0.43129831552505493,
          "visible": false
        },
        {
          "name": "left_ear",
          "x": 407.9278564453125,
          "y": 60.539459228515625,
          "confidence": 0.9583353996276855,
          "visible": true
        },
        {
          "name": "right_ear",
          "x": 383.92529296875,
          "y": 57.056610107421875,
          "confidence": 0.02681189961731434,
          "visible": false
        },
        {
          "name": "left_shoulder",
          "x": 394.1680908203125,
          "y": 126.2940673828125,
          "confidence": 0.9951028823852539,
          "visible": true
        },
        {
          "name": "right_shoulder",
          "x": 388.99969482421875,
          "y": 115.19819641113281,
          "confidence": 0.8957148790359497,
          "visible": true
        },
        {
          "name": "left_elbow",
          "x": 328.22503662109375,
          "y": 208.71580505371094,
          "confidence": 0.9964154958724976,
          "visible": true
        },
        {
          "name": "right_elbow",
          "x": 333.00677490234375,
          "y": 193.44442749023438,
          "confidence": 0.6075306534767151,
          "visible": true
        },
        {
          "name": "left_wrist",
          "x": 241.18051147460938,
          "y": 236.0678253173828,
          "confidence": 0.9971768856048584,
          "visible": true
        },
        {
          "name": "right_wrist",
          "x": 259.494140625,
          "y": 231.479736328125,
          "confidence": 0.8485320210456848,
          "visible": true
        },
        {
          "name": "left_hip",
          "x": 326.0295715332031,
          "y": 271.58477783203125,
          "confidence": 0.9926590323448181,
          "visible": true
        },
        {
          "name": "right_hip",
          "x": 321.2671813964844,
          "y": 254.54266357421875,
          "confidence": 0.9571698904037476,
          "visible": true
        },
        {
          "name": "left_knee",
          "x": 189.6663360595703,
          "y": 277.9190979003906,
          "confidence": 0.9952715039253235,
          "visible": true
        },
        {
          "name": "right_knee",
          "x": 195.97525024414062,
          "y": 263.65130615234375,
          "confidence": 0.9621806144714355,
          "visible": true
        },
        {
          "name": "left_ankle",
          "x": 191.94178771972656,
          "y": 407.35589599609375,
          "confidence": 0.9585694670677185,
          "visible": true
        },
        {
          "name": "right_ankle",
          "x": 188.31497192382812,
          "y": 394.5205078125,
          "confidence": 0.857722282409668,
          "visible": true
        }
      ],
      "confidence_scores": [
        0.9750863909721375,
        0.9854145050048828,
        0.43129831552505493,
        0.9583353996276855,
        0.02681189961731434,
        0.9951028823852539,
        0.8957148790359497,
        0.9964154958724976,
        0.6075306534767151,
        0.9971768856048584,
        0.8485320210456848,
        0.9926590323448181,
        0.9571698904037476,
        0.9952715039253235,
        0.9621806144714355,
        0.9585694670677185,
        0.857722282409668
      ],
      "average_confidence": 0.8494701246347498
    }
  ]
}