{
  "timestamp": "2025-11-03T15:14:08.011928",
  "image_shape": {
    "height": 480,
    "width": 640,
    "channels": 3
  },
  "num_persons_detected": 1,
  "persons": [
    {
      "person_id": 0,
      "keypoints": [
        {
          "name": "nose",
          "x": 326.46392822265625,
          "y": 59.44380187988281,
          "confidence": 0.24131351709365845,
          "visible": false
        },
        {
          "name": "left_eye",
          "x": 323.8393249511719,
          "y": 48.23065185546875,
          "confidence": 0.27317216992378235,
          "visible": false
        },
        {
          "name": "right_eye",
          "x": 331.626708984375,
          "y": 47.319976806640625,
          "confidence": 0.0045107221230864525,
          "visible": false
        },
        {
          "name": "left_ear",
          "x": 327.59051513671875,
          "y": 54.717681884765625,
          "confidence": 0.9385293126106262,
          "visible": true
        },
        {
          "name": "right_ear",
          "x": 358.26959228515625,
          "y": 52.86271667480469,
          "confidence": 0.03119128756225109,
          "visible": false
        },
        {
          "name": "left_shoulder",
          "x": 356.6043701171875,
          "y": 125.56918334960938,
          "confidence": 0.9993064403533936,
          "visible": true
        },
        {
          "name": "right_shoulder",
          "x": 374.19866943359375,
          "y": 109.86407470703125,
          "confidence": 0.9596719741821289,
          "visible": true
        },
        {
          "name": "left_elbow",
          "x": 356.8522033691406,
          "y": 231.25509643554688,
          "confidence": 0.9991074204444885,
          "visible": true
        },
        {
          "name": "right_elbow",
          "x": 347.4420471191406,
          "y": 205.6571044921875,
          "confidence": 0.77570641040802,
          "visible": true
        },
        {
          "name": "left_wrist",
          "x": 270.08538818359375,
          "y": 208.3439483642578,
          "confidence": 0.9972702860832214,
          "visible": true
        },
        {
          "name": "right_wrist",
          "x": 268.88140869140625,
          "y": 205.09732055664062,
          "confidence": 0.8125616908073425,
          "visible": true
        },
        {
          "name": "left_hip",
          "x": 332.07806396484375,
          "y": 273.4335632324219,
          "confidence": 0.9989513158798218,
          "visible": true
        },
        {
          "name": "right_hip",
          "x": 345.4683532714844,
          "y": 254.62258911132812,
          "confidence": 0.9923187494277954,
          "visible": true
        },
        {
          "name": "left_knee",
          "x": 207.96446228027344,
          "y": 280.3922119140625,
          "confidence": 0.9980958104133606,
          "visible": true
        },
        {
          "name": "right_knee",
          "x": 214.23062133789062,
          "y": 256.54205322265625,
          "confidence": 0.9832661151885986,
          "visible": true
        },
        {
          "name": "left_ankle",
          "x": 199.68316650390625,
          "y": 419.4541931152344,
          "confidence": 0.9604867696762085,
          "visible": true
        },
        {
          "name": "right_ankle",
          "x": 200.2578887939453,
          "y": 393.98291015625,
          "confidence": 0.85722416639328,
          "visible": true
        }
      ],
      "confidence_scores": [
        0.24131351709365845,
        0.27317216992378235,
        0.0045107221230864525,
        0.9385293126106262,
        0.03119128756225109,
        0.9993064403533936,
        0.9596719741821289,
        0.9991074204444885,
        0.77570641040802,
        0.9972702860832214,
        0.8125616908073425,
        0.9989513158798218,
        0.9923187494277954,
        0.9980958104133606,
        0.9832661151885986,
        0.9604867696762085,
        0.85722416639328
      ],
      "average_confidence": 0.7542755387394744
    }
  ]
}