{
  "timestamp": "2025-11-03T15:18:44.486322",
  "image_shape": {
    "height": 480,
    "width": 640,
    "channels": 3
  },
  "num_persons_detected": 1,
  "persons": [
    {
      "person_id": 0,
      "keypoints": [
        {
          "name": "nose",
          "x": 312.1496887207031,
          "y": 74.09556579589844,
          "confidence": 0.9637191891670227,
          "visible": true
        },
        {
          "name": "left_eye",
          "x": 317.0663757324219,
          "y": 59.91841125488281,
          "confidence": 0.9806839823722839,
          "visible": true
        },
        {
          "name": "right_eye",
          "x": 311.1102294921875,
          "y": 60.52496337890625,
          "confidence": 0.19861875474452972,
          "visible": false
        },
        {
          "name": "left_ear",
          "x": 342.2640075683594,
          "y": 62.87310791015625,
          "confidence": 0.9662367105484009,
          "visible": true
        },
        {
          "name": "right_ear",
          "x": 328.3445129394531,
          "y": 62.22752380371094,
          "confidence": 0.015046430751681328,
          "visible": false
        },
        {
          "name": "left_shoulder",
          "x": 368.4088439941406,
          "y": 144.23643493652344,
          "confidence": 0.9992873072624207,
          "visible": true
        },
        {
          "name": "right_shoulder",
          "x": 366.0310363769531,
          "y": 140.17431640625,
          "confidence": 0.9469314217567444,
          "visible": true
        },
        {
          "name": "left_elbow",
          "x": 340.41302490234375,
          "y": 226.09747314453125,
          "confidence": 0.9981154203414917,
          "visible": true
        },
        {
          "name": "right_elbow",
          "x": 324.05487060546875,
          "y": 230.95059204101562,
          "confidence": 0.6485816836357117,
          "visible": true
        },
        {
          "name": "left_wrist",
          "x": 271.1481628417969,
          "y": 235.31295776367188,
          "confidence": 0.9962040781974792,
          "visible": true
        },
        {
          "name": "right_wrist",
          "x": 261.88372802734375,
          "y": 233.45782470703125,
          "confidence": 0.8033721446990967,
          "visible": true
        },
        {
          "name": "left_hip",
          "x": 330.8104553222656,
          "y": 288.6248779296875,
          "confidence": 0.9983147382736206,
          "visible": true
        },
        {
          "name": "right_hip",
          "x": 330.6451110839844,
          "y": 272.7288818359375,
          "confidence": 0.9867238402366638,
          "visible": true
        },
        {
          "name": "left_knee",
          "x": 185.27340698242188,
          "y": 288.1220703125,
          "confidence": 0.9969685673713684,
          "visible": true
        },
        {
          "name": "right_knee",
          "x": 196.6685791015625,
          "y": 275.0115661621094,
          "confidence": 0.9742807745933533,
          "visible": true
        },
        {
          "name": "left_ankle",
          "x": 52.353485107421875,
          "y": 334.8012390136719,
          "confidence": 0.9724138975143433,
          "visible": true
        },
        {
          "name": "right_ankle",
          "x": 57.26771545410156,
          "y": 318.47265625,
          "confidence": 0.9020822644233704,
          "visible": true
        }
      ],
      "confidence_scores": [
        0.9637191891670227,
        0.9806839823722839,
        0.19861875474452972,
        0.9662367105484009,
        0.015046430751681328,
        0.9992873072624207,
        0.9469314217567444,
        0.9981154203414917,
        0.6485816836357117,
        0.9962040781974792,
        0.8033721446990967,
        0.9983147382736206,
        0.9867238402366638,
        0.9969685673713684,
        0.9742807745933533,
        0.9724138975143433,
        0.9020822644233704
      ],
      "average_confidence": 0.8439753650523284
    }
  ]
}