{
  "timestamp": "2025-11-03T15:18:16.816059",
  "image_shape": {
    "height": 480,
    "width": 640,
    "channels": 3
  },
  "num_persons_detected": 2,
  "persons": [
    {
      "person_id": 0,
      "keypoints": [
        {
          "name": "nose",
          "x": 272.6229248046875,
          "y": 155.70436096191406,
          "confidence": 0.8011550903320312,
          "visible": true
        },
        {
          "name": "left_eye",
          "x": 270.2603759765625,
          "y": 141.41680908203125,
          "confidence": 0.8781601190567017,
          "visible": true
        },
        {
          "name": "right_eye",
          "x": 267.5215759277344,
          "y": 146.15679931640625,
          "confidence": 0.09172268956899643,
          "visible": false
        },
        {
          "name": "left_ear",
          "x": 286.82708740234375,
          "y": 119.16085815429688,
          "confidence": 0.8876199126243591,
          "visible": true
        },
        {
          "name": "right_ear",
          "x": 281.034912109375,
          "y": 130.9265594482422,
          "confidence": 0.011149290949106216,
          "visible": false
        },
        {
          "name": "left_shoulder",
          "x": 328.651611328125,
          "y": 146.87171936035156,
          "confidence": 0.9701389074325562,
          "visible": true
        },
        {
          "name": "right_shoulder",
          "x": 332.3486328125,
          "y": 145.7998046875,
          "confidence": 0.7733539938926697,
          "visible": true
        },
        {
          "name": "left_elbow",
          "x": 338.00189208984375,
          "y": 230.55047607421875,
          "confidence": 0.9780132174491882,
          "visible": true
        },
        {
          "name": "right_elbow",
          "x": 338.3368835449219,
          "y": 211.20114135742188,
          "confidence": 0.5247474312782288,
          "visible": true
        },
        {
          "name": "left_wrist",
          "x": 246.5569305419922,
          "y": 252.2854766845703,
          "confidence": 0.9843724966049194,
          "visible": true
        },
        {
          "name": "right_wrist",
          "x": 270.04766845703125,
          "y": 240.24497985839844,
          "confidence": 0.7500939965248108,
          "visible": true
        },
        {
          "name": "left_hip",
          "x": 340.874755859375,
          "y": 282.9432678222656,
          "confidence": 0.9736337065696716,
          "visible": true
        },
        {
          "name": "right_hip",
          "x": 345.06561279296875,
          "y": 271.07525634765625,
          "confidence": 0.9210846424102783,
          "visible": true
        },
        {
          "name": "left_knee",
          "x": 205.273681640625,
          "y": 290.4156494140625,
          "confidence": 0.9880111813545227,
          "visible": true
        },
        {
          "name": "right_knee",
          "x": 212.18280029296875,
          "y": 275.7431640625,
          "confidence": 0.9522507190704346,
          "visible": true
        },
        {
          "name": "left_ankle",
          "x": 214.78578186035156,
          "y": 421.1219482421875,
          "confidence": 0.9368665218353271,
          "visible": true
        },
        {
          "name": "right_ankle",
          "x": 218.46397399902344,
          "y": 412.1846923828125,
          "confidence": 0.8700442910194397,
          "visible": true
        }
      ],
      "confidence_scores": [
        0.8011550903320312,
        0.8781601190567017,
        0.09172268956899643,
        0.8876199126243591,
        0.011149290949106216,
        0.9701389074325562,
        0.7733539938926697,
        0.9780132174491882,
        0.5247474312782288,
        0.9843724966049194,
        0.7500939965248108,
        0.9736337065696716,
        0.9210846424102783,
        0.9880111813545227,
        0.9522507190704346,
        0.9368665218353271,
        0.8700442910194397
      ],
      "average_confidence": 0.7819069534101907
    },
    {
      "person_id": 1,
      "keypoints": [
        {
          "name": "nose",
          "x": 12.798486709594727,
          "y": 70.31102752685547,
          "confidence": 0.010147376917302608,
          "visible": false
        },
        {
          "name": "left_eye",
          "x": 8.35800552368164,
          "y": 60.40753173828125,
          "confidence": 0.0026403290685266256,
          "visible": false
        },
        {
          "name": "right_eye",
          "x": 13.655790328979492,
          "y": 59.4012451171875,
          "confidence": 0.005221150815486908,
          "visible": false
        },
        {
          "name": "left_ear",
          "x": 1.6293277740478516,
          "y": 50.62608337402344,
          "confidence": 0.001490268507041037,
          "visible": false
        },
        {
          "name": "right_ear",
          "x": 9.002285957336426,
          "y": 49.37005615234375,
          "confidence": 0.008753225207328796,
          "visible": false
        },
        {
          "name": "left_shoulder",
          "x": 7.889466285705566,
          "y": 82.9747314453125,
          "confidence": 0.022489937022328377,
          "visible": false
        },
        {
          "name": "right_shoulder",
          "x": 4.430927276611328,
          "y": 81.52970886230469,
          "confidence": 0.007008054759353399,
          "visible": false
        },
        {
          "name": "left_elbow",
          "x": 16.705015182495117,
          "y": 137.45274353027344,
          "confidence": 0.09239760041236877,
          "visible": false
        },
        {
          "name": "right_elbow",
          "x": 17.407344818115234,
          "y": 138.51885986328125,
          "confidence": 0.026912154629826546,
          "visible": false
        },
        {
          "name": "left_wrist",
          "x": 11.336681365966797,
          "y": 119.11824035644531,
          "confidence": 0.20202799141407013,
          "visible": false
        },
        {
          "name": "right_wrist",
          "x": 14.081260681152344,
          "y": 118.23907470703125,
          "confidence": 0.10202237963676453,
          "visible": false
        },
        {
          "name": "left_hip",
          "x": 6.225212574005127,
          "y": 170.29681396484375,
          "confidence": 0.1023503914475441,
          "visible": false
        },
        {
          "name": "right_hip",
          "x": 2.767435073852539,
          "y": 169.6378173828125,
          "confidence": 0.06392055749893188,
          "visible": false
        },
        {
          "name": "left_knee",
          "x": 9.424409866333008,
          "y": 293.2821044921875,
          "confidence": 0.1491534262895584,
          "visible": false
        },
        {
          "name": "right_knee",
          "x": 9.7777099609375,
          "y": 292.9906005859375,
          "confidence": 0.09362530708312988,
          "visible": false
        },
        {
          "name": "left_ankle",
          "x": 0.0,
          "y": 407.58648681640625,
          "confidence": 0.03822614997625351,
          "visible": false
        },
        {
          "name": "right_ankle",
          "x": 0.09422874450683594,
          "y": 405.1416015625,
          "confidence": 0.02381463535130024,
          "visible": false
        }
      ],
      "confidence_scores": [
        0.010147376917302608,
        0.0026403290685266256,
        0.005221150815486908,
        0.001490268507041037,
        0.008753225207328796,
        0.022489937022328377,
        0.007008054759353399,
        0.09239760041236877,
        0.026912154629826546,
        0.20202799141407013,
        0.10202237963676453,
        0.1023503914475441,
        0.06392055749893188,
        0.1491534262895584,
        0.09362530708312988,
        0.03822614997625351,
        0.02381463535130024
      ],
      "average_confidence": 0.05601181976688916
    }
  ]
}