{
  "timestamp": "2025-11-03T15:17:53.247736",
  "image_shape": {
    "height": 480,
    "width": 640,
    "channels": 3
  },
  "num_persons_detected": 1,
  "persons": [
    {
      "person_id": 0,
      "keypoints": [
        {
          "name": "nose",
          "x": 339.9873352050781,
          "y": 148.43544006347656,
          "confidence": 0.9643681049346924,
          "visible": true
        },
        {
          "name": "left_eye",
          "x": 351.2393798828125,
          "y": 139.63363647460938,
          "confidence": 0.9689323902130127,
          "visible": true
        },
        {
          "name": "right_eye",
          "x": 344.2173156738281,
          "y": 139.15492248535156,
          "confidence": 0.3095061480998993,
          "visible": false
        },
        {
          "name": "left_ear",
          "x": 380.355224609375,
          "y": 145.11639404296875,
          "confidence": 0.9561517238616943,
          "visible": true
        },
        {
          "name": "right_ear",
          "x": 359.36993408203125,
          "y": 142.4029083251953,
          "confidence": 0.017198819667100906,
          "visible": false
        },
        {
          "name": "left_shoulder",
          "x": 374.8836669921875,
          "y": 195.09536743164062,
          "confidence": 0.9960636496543884,
          "visible": true
        },
        {
          "name": "right_shoulder",
          "x": 352.56744384765625,
          "y": 173.27769470214844,
          "confidence": 0.9498640894889832,
          "visible": true
        },
        {
          "name": "left_elbow",
          "x": 331.5644836425781,
          "y": 260.66168212890625,
          "confidence": 0.9959673881530762,
          "visible": true
        },
        {
          "name": "right_elbow",
          "x": 313.87139892578125,
          "y": 214.12783813476562,
          "confidence": 0.8415005803108215,
          "visible": true
        },
        {
          "name": "left_wrist",
          "x": 280.1006164550781,
          "y": 203.59518432617188,
          "confidence": 0.9965984225273132,
          "visible": true
        },
        {
          "name": "right_wrist",
          "x": 294.7366943359375,
          "y": 176.86695861816406,
          "confidence": 0.8942425847053528,
          "visible": true
        },
        {
          "name": "left_hip",
          "x": 256.7574462890625,
          "y": 289.3194580078125,
          "confidence": 0.9935305714607239,
          "visible": true
        },
        {
          "name": "right_hip",
          "x": 240.5885009765625,
          "y": 264.1689147949219,
          "confidence": 0.9743321537971497,
          "visible": true
        },
        {
          "name": "left_knee",
          "x": 78.69100952148438,
          "y": 286.16290283203125,
          "confidence": 0.9932398796081543,
          "visible": true
        },
        {
          "name": "right_knee",
          "x": 84.58110046386719,
          "y": 266.4781188964844,
          "confidence": 0.9630171060562134,
          "visible": true
        },
        {
          "name": "left_ankle",
          "x": 89.82002258300781,
          "y": 400.71722412109375,
          "confidence": 0.9274600148200989,
          "visible": true
        },
        {
          "name": "right_ankle",
          "x": 100.65704345703125,
          "y": 394.8626403808594,
          "confidence": 0.8074662685394287,
          "visible": true
        }
      ],
      "confidence_scores": [
        0.9643681049346924,
        0.9689323902130127,
        0.3095061480998993,
        0.9561517238616943,
        0.017198819667100906,
        0.9960636496543884,
        0.9498640894889832,
        0.9959673881530762,
        0.8415005803108215,
        0.9965984225273132,
        0.8942425847053528,
        0.9935305714607239,
        0.9743321537971497,
        0.9932398796081543,
        0.9630171060562134,
        0.9274600148200989,
        0.8074662685394287
      ],
      "average_confidence": 0.8558494056410649
    }
  ]
}