{
  "timestamp": "2025-11-03T15:15:45.412963",
  "image_shape": {
    "height": 480,
    "width": 640,
    "channels": 3
  },
  "num_persons_detected": 1,
  "persons": [
    {
      "person_id": 0,
      "keypoints": [
        {
          "name": "nose",
          "x": 215.53221130371094,
          "y": 91.00955200195312,
          "confidence": 0.9841471910476685,
          "visible": true
        },
        {
          "name": "left_eye",
          "x": 227.6940460205078,
          "y": 77.51881408691406,
          "confidence": 0.9927802681922913,
          "visible": true
        },
        {
          "name": "right_eye",
          "x": 210.56631469726562,
          "y": 79.21942138671875,
          "confidence": 0.5701555013656616,
          "visible": true
        },
        {
          "name": "left_ear",
          "x": 255.80081176757812,
          "y": 84.81575012207031,
          "confidence": 0.9861720204353333,
          "visible": true
        },
        {
          "name": "right_ear",
          "x": 217.61795043945312,
          "y": 84.82077026367188,
          "confidence": 0.03280134126543999,
          "visible": false
        },
        {
          "name": "left_shoulder",
          "x": 286.4478454589844,
          "y": 141.01283264160156,
          "confidence": 0.9970189332962036,
          "visible": true
        },
        {
          "name": "right_shoulder",
          "x": 262.9316101074219,
          "y": 138.03033447265625,
          "confidence": 0.9517164826393127,
          "visible": true
        },
        {
          "name": "left_elbow",
          "x": 277.1365051269531,
          "y": 239.1004638671875,
          "confidence": 0.992682158946991,
          "visible": true
        },
        {
          "name": "right_elbow",
          "x": 253.75132751464844,
          "y": 225.67025756835938,
          "confidence": 0.6667273044586182,
          "visible": true
        },
        {
          "name": "left_wrist",
          "x": 194.1223602294922,
          "y": 240.83233642578125,
          "confidence": 0.991634726524353,
          "visible": true
        },
        {
          "name": "right_wrist",
          "x": 203.32077026367188,
          "y": 239.66781616210938,
          "confidence": 0.816351592540741,
          "visible": true
        },
        {
          "name": "left_hip",
          "x": 330.57073974609375,
          "y": 279.2040100097656,
          "confidence": 0.9943729639053345,
          "visible": true
        },
        {
          "name": "right_hip",
          "x": 317.1195373535156,
          "y": 269.18231201171875,
          "confidence": 0.978757917881012,
          "visible": true
        },
        {
          "name": "left_knee",
          "x": 199.92796325683594,
          "y": 286.3165588378906,
          "confidence": 0.9959473013877869,
          "visible": true
        },
        {
          "name": "right_knee",
          "x": 201.15882873535156,
          "y": 269.821044921875,
          "confidence": 0.9806178212165833,
          "visible": true
        },
        {
          "name": "left_ankle",
          "x": 218.6487274169922,
          "y": 415.7021484375,
          "confidence": 0.9735038876533508,
          "visible": true
        },
        {
          "name": "right_ankle",
          "x": 221.4994354248047,
          "y": 394.8000793457031,
          "confidence": 0.9390893578529358,
          "visible": true
        }
      ],
      "confidence_scores": [
        0.9841471910476685,
        0.9927802681922913,
        0.5701555013656616,
        0.9861720204353333,
        0.03280134126543999,
        0.9970189332962036,
        0.9517164826393127,
        0.992682158946991,
        0.6667273044586182,
        0.991634726524353,
        0.816351592540741,
        0.9943729639053345,
        0.978757917881012,
        0.9959473013877869,
        0.9806178212165833,
        0.9735038876533508,
        0.9390893578529358
      ],
      "average_confidence": 0.8732045159182128
    }
  ]
}