{
  "timestamp": "2025-11-03T15:18:43.526885",
  "image_shape": {
    "height": 480,
    "width": 640,
    "channels": 3
  },
  "num_persons_detected": 1,
  "persons": [
    {
      "person_id": 0,
      "keypoints": [
        {
          "name": "nose",
          "x": 306.8247985839844,
          "y": 73.62063598632812,
          "confidence": 0.9696634411811829,
          "visible": true
        },
        {
          "name": "left_eye",
          "x": 312.1558837890625,
          "y": 59.19630432128906,
          "confidence": 0.9852074384689331,
          "visible": true
        },
        {
          "name": "right_eye",
          "x": 306.9859313964844,
          "y": 59.16313171386719,
          "confidence": 0.20509789884090424,
          "visible": false
        },
        {
          "name": "left_ear",
          "x": 340.61358642578125,
          "y": 59.99583435058594,
          "confidence": 0.9712551236152649,
          "visible": true
        },
        {
          "name": "right_ear",
          "x": 328.2135314941406,
          "y": 57.66746520996094,
          "confidence": 0.011480506509542465,
          "visible": false
        },
        {
          "name": "left_shoulder",
          "x": 367.8435974121094,
          "y": 137.84490966796875,
          "confidence": 0.999075174331665,
          "visible": true
        },
        {
          "name": "right_shoulder",
          "x": 364.8841247558594,
          "y": 131.69613647460938,
          "confidence": 0.9427359700202942,
          "visible": true
        },
        {
          "name": "left_elbow",
          "x": 334.4876708984375,
          "y": 221.56785583496094,
          "confidence": 0.9980295300483704,
          "visible": true
        },
        {
          "name": "right_elbow",
          "x": 323.8285217285156,
          "y": 223.6049041748047,
          "confidence": 0.6748352646827698,
          "visible": true
        },
        {
          "name": "left_wrist",
          "x": 269.96600341796875,
          "y": 236.6361541748047,
          "confidence": 0.996881365776062,
          "visible": true
        },
        {
          "name": "right_wrist",
          "x": 266.1260070800781,
          "y": 235.14959716796875,
          "confidence": 0.8441286087036133,
          "visible": true
        },
        {
          "name": "left_hip",
          "x": 333.2817077636719,
          "y": 286.82244873046875,
          "confidence": 0.9985178112983704,
          "visible": true
        },
        {
          "name": "right_hip",
          "x": 332.5542297363281,
          "y": 270.49139404296875,
          "confidence": 0.9891695380210876,
          "visible": true
        },
        {
          "name": "left_knee",
          "x": 187.34906005859375,
          "y": 295.107421875,
          "confidence": 0.998008668422699,
          "visible": true
        },
        {
          "name": "right_knee",
          "x": 196.37686157226562,
          "y": 281.7638854980469,
          "confidence": 0.9840059876441956,
          "visible": true
        },
        {
          "name": "left_ankle",
          "x": 59.62168884277344,
          "y": 375.63134765625,
          "confidence": 0.9801067113876343,
          "visible": true
        },
        {
          "name": "right_ankle",
          "x": 65.17926025390625,
          "y": 358.9432678222656,
          "confidence": 0.9319158792495728,
          "visible": true
        }
      ],
      "confidence_scores": [
        0.9696634411811829,
        0.9852074384689331,
        0.20509789884090424,
        0.9712551236152649,
        0.011480506509542465,
        0.999075174331665,
        0.9427359700202942,
        0.9980295300483704,
        0.6748352646827698,
        0.996881365776062,
        0.8441286087036133,
        0.9985178112983704,
        0.9891695380210876,
        0.998008668422699,
        0.9840059876441956,
        0.9801067113876343,
        0.9319158792495728
      ],
      "average_confidence": 0.8517714657765978
    }
  ]
}