{
  "timestamp": "2025-11-03T15:15:23.206727",
  "image_shape": {
    "height": 480,
    "width": 640,
    "channels": 3
  },
  "num_persons_detected": 1,
  "persons": [
    {
      "person_id": 0,
      "keypoints": [
        {
          "name": "nose",
          "x": 345.1311340332031,
          "y": 166.06822204589844,
          "confidence": 0.9180750846862793,
          "visible": true
        },
        {
          "name": "left_eye",
          "x": 358.9510803222656,
          "y": 160.67724609375,
          "confidence": 0.9009959101676941,
          "visible": true
        },
        {
          "name": "right_eye",
          "x": 354.95880126953125,
          "y": 160.07225036621094,
          "confidence": 0.33871161937713623,
          "visible": false
        },
        {
          "name": "left_ear",
          "x": 388.20159912109375,
          "y": 177.88662719726562,
          "confidence": 0.9338406920433044,
          "visible": true
        },
        {
          "name": "right_ear",
          "x": 373.27825927734375,
          "y": 173.04843139648438,
          "confidence": 0.08936449885368347,
          "visible": false
        },
        {
          "name": "left_shoulder",
          "x": 361.5926513671875,
          "y": 227.41241455078125,
          "confidence": 0.9927943348884583,
          "visible": true
        },
        {
          "name": "right_shoulder",
          "x": 344.7768249511719,
          "y": 210.8716278076172,
          "confidence": 0.9646190404891968,
          "visible": true
        },
        {
          "name": "left_elbow",
          "x": 280.1576232910156,
          "y": 239.46954345703125,
          "confidence": 0.9732966423034668,
          "visible": true
        },
        {
          "name": "right_elbow",
          "x": 279.1468811035156,
          "y": 215.21310424804688,
          "confidence": 0.789946436882019,
          "visible": true
        },
        {
          "name": "left_wrist",
          "x": 256.6597595214844,
          "y": 213.24880981445312,
          "confidence": 0.9637637138366699,
          "visible": true
        },
        {
          "name": "right_wrist",
          "x": 299.8097839355469,
          "y": 214.061279296875,
          "confidence": 0.7403419613838196,
          "visible": true
        },
        {
          "name": "left_hip",
          "x": 224.84341430664062,
          "y": 283.0868835449219,
          "confidence": 0.989747166633606,
          "visible": true
        },
        {
          "name": "right_hip",
          "x": 210.01275634765625,
          "y": 261.6949462890625,
          "confidence": 0.9752146005630493,
          "visible": true
        },
        {
          "name": "left_knee",
          "x": 63.14213562011719,
          "y": 287.0774230957031,
          "confidence": 0.9868170619010925,
          "visible": true
        },
        {
          "name": "right_knee",
          "x": 67.905517578125,
          "y": 277.00445556640625,
          "confidence": 0.9576970338821411,
          "visible": true
        },
        {
          "name": "left_ankle",
          "x": 64.01556396484375,
          "y": 376.0164489746094,
          "confidence": 0.9211243987083435,
          "visible": true
        },
        {
          "name": "right_ankle",
          "x": 72.37516784667969,
          "y": 380.7122497558594,
          "confidence": 0.833840012550354,
          "visible": true
        }
      ],
      "confidence_scores": [
        0.9180750846862793,
        0.9009959101676941,
        0.33871161937713623,
        0.9338406920433044,
        0.08936449885368347,
        0.9927943348884583,
        0.9646190404891968,
        0.9732966423034668,
        0.789946436882019,
        0.9637637138366699,
        0.7403419613838196,
        0.989747166633606,
        0.9752146005630493,
        0.9868170619010925,
        0.9576970338821411,
        0.9211243987083435,
        0.833840012550354
      ],
      "average_confidence": 0.8394229534794303
    }
  ]
}