{
  "timestamp": "2025-11-03T15:15:10.744682",
  "image_shape": {
    "height": 480,
    "width": 640,
    "channels": 3
  },
  "num_persons_detected": 1,
  "persons": [
    {
      "person_id": 0,
      "keypoints": [
        {
          "name": "nose",
          "x": 149.43914794921875,
          "y": 201.9673309326172,
          "confidence": 0.9022786021232605,
          "visible": true
        },
        {
          "name": "left_eye",
          "x": 149.91815185546875,
          "y": 192.70883178710938,
          "confidence": 0.979925811290741,
          "visible": true
        },
        {
          "name": "right_eye",
          "x": 151.49374389648438,
          "y": 189.79672241210938,
          "confidence": 0.10241100192070007,
          "visible": false
        },
        {
          "name": "left_ear",
          "x": 172.64466857910156,
          "y": 180.95082092285156,
          "confidence": 0.9823300838470459,
          "visible": true
        },
        {
          "name": "right_ear",
          "x": 174.22955322265625,
          "y": 172.98095703125,
          "confidence": 0.006028336938470602,
          "visible": false
        },
        {
          "name": "left_shoulder",
          "x": 211.22720336914062,
          "y": 205.61572265625,
          "confidence": 0.9908115863800049,
          "visible": true
        },
        {
          "name": "right_shoulder",
          "x": 239.43255615234375,
          "y": 183.22267150878906,
          "confidence": 0.7380567789077759,
          "visible": true
        },
        {
          "name": "left_elbow",
          "x": 213.0431671142578,
          "y": 310.7572021484375,
          "confidence": 0.9780704379081726,
          "visible": true
        },
        {
          "name": "right_elbow",
          "x": 229.83349609375,
          "y": 264.2304992675781,
          "confidence": 0.2476968914270401,
          "visible": false
        },
        {
          "name": "left_wrist",
          "x": 223.83792114257812,
          "y": 408.73095703125,
          "confidence": 0.9203733801841736,
          "visible": true
        },
        {
          "name": "right_wrist",
          "x": 212.8178253173828,
          "y": 356.05206298828125,
          "confidence": 0.26418405771255493,
          "visible": false
        },
        {
          "name": "left_hip",
          "x": 336.472900390625,
          "y": 280.3953552246094,
          "confidence": 0.9727108478546143,
          "visible": true
        },
        {
          "name": "right_hip",
          "x": 356.83154296875,
          "y": 267.29058837890625,
          "confidence": 0.884327232837677,
          "visible": true
        },
        {
          "name": "left_knee",
          "x": 185.53187561035156,
          "y": 294.31793212890625,
          "confidence": 0.98868727684021,
          "visible": true
        },
        {
          "name": "right_knee",
          "x": 208.97474670410156,
          "y": 272.9146728515625,
          "confidence": 0.9347649812698364,
          "visible": true
        },
        {
          "name": "left_ankle",
          "x": 239.29910278320312,
          "y": 417.04345703125,
          "confidence": 0.9685059785842896,
          "visible": true
        },
        {
          "name": "right_ankle",
          "x": 248.98464965820312,
          "y": 390.9625244140625,
          "confidence": 0.9194920659065247,
          "visible": true
        }
      ],
      "confidence_scores": [
        0.9022786021232605,
        0.979925811290741,
        0.10241100192070007,
        0.9823300838470459,
        0.006028336938470602,
        0.9908115863800049,
        0.7380567789077759,
        0.9780704379081726,
        0.2476968914270401,
        0.9203733801841736,
        0.26418405771255493,
        0.9727108478546143,
        0.884327232837677,
        0.98868727684021,
        0.9347649812698364,
        0.9685059785842896,
        0.9194920659065247
      ],
      "average_confidence": 0.7518032559960642
    }
  ]
}