{
  "timestamp": "2025-11-03T15:17:52.717137",
  "image_shape": {
    "height": 480,
    "width": 640,
    "channels": 3
  },
  "num_persons_detected": 1,
  "persons": [
    {
      "person_id": 0,
      "keypoints": [
        {
          "name": "nose",
          "x": 344.1884765625,
          "y": 147.07815551757812,
          "confidence": 0.9809728860855103,
          "visible": true
        },
        {
          "name": "left_eye",
          "x": 358.54949951171875,
          "y": 139.67652893066406,
          "confidence": 0.9822666049003601,
          "visible": true
        },
        {
          "name": "right_eye",
          "x": 348.9169921875,
          "y": 137.16348266601562,
          "confidence": 0.4952203035354614,
          "visible": false
        },
        {
          "name": "left_ear",
          "x": 390.0936279296875,
          "y": 149.19625854492188,
          "confidence": 0.9574488997459412,
          "visible": true
        },
        {
          "name": "right_ear",
          "x": 361.6116027832031,
          "y": 140.74208068847656,
          "confidence": 0.0231881532818079,
          "visible": false
        },
        {
          "name": "left_shoulder",
          "x": 378.4827880859375,
          "y": 196.15171813964844,
          "confidence": 0.9962090253829956,
          "visible": true
        },
        {
          "name": "right_shoulder",
          "x": 348.73712158203125,
          "y": 169.58029174804688,
          "confidence": 0.9584395289421082,
          "visible": true
        },
        {
          "name": "left_elbow",
          "x": 334.3983459472656,
          "y": 252.60092163085938,
          "confidence": 0.9961961507797241,
          "visible": true
        },
        {
          "name": "right_elbow",
          "x": 311.84326171875,
          "y": 197.07005310058594,
          "confidence": 0.8811873197555542,
          "visible": true
        },
        {
          "name": "left_wrist",
          "x": 286.7159423828125,
          "y": 206.75338745117188,
          "confidence": 0.9972277283668518,
          "visible": true
        },
        {
          "name": "right_wrist",
          "x": 311.20697021484375,
          "y": 166.57684326171875,
          "confidence": 0.9256168007850647,
          "visible": true
        },
        {
          "name": "left_hip",
          "x": 261.7543640136719,
          "y": 285.7584533691406,
          "confidence": 0.9942090511322021,
          "visible": true
        },
        {
          "name": "right_hip",
          "x": 239.90530395507812,
          "y": 259.77508544921875,
          "confidence": 0.9782190322875977,
          "visible": true
        },
        {
          "name": "left_knee",
          "x": 87.82858276367188,
          "y": 283.140869140625,
          "confidence": 0.9936496615409851,
          "visible": true
        },
        {
          "name": "right_knee",
          "x": 90.30021667480469,
          "y": 261.13177490234375,
          "confidence": 0.9672834277153015,
          "visible": true
        },
        {
          "name": "left_ankle",
          "x": 93.17735290527344,
          "y": 403.3106689453125,
          "confidence": 0.9320160746574402,
          "visible": true
        },
        {
          "name": "right_ankle",
          "x": 103.81143951416016,
          "y": 389.94964599609375,
          "confidence": 0.8247614502906799,
          "visible": true
        }
      ],
      "confidence_scores": [
        0.9809728860855103,
        0.9822666049003601,
        0.4952203035354614,
        0.9574488997459412,
        0.0231881532818079,
        0.9962090253829956,
        0.9584395289421082,
        0.9961961507797241,
        0.8811873197555542,
        0.9972277283668518,
        0.9256168007850647,
        0.9942090511322021,
        0.9782190322875977,
        0.9936496615409851,
        0.9672834277153015,
        0.9320160746574402,
        0.8247614502906799
      ],
      "average_confidence": 0.8755360058344462
    }
  ]
}