{
  "timestamp": "2025-11-03T15:17:26.979581",
  "image_shape": {
    "height": 480,
    "width": 640,
    "channels": 3
  },
  "num_persons_detected": 2,
  "persons": [
    {
      "person_id": 0,
      "keypoints": [
        {
          "name": "nose",
          "x": 299.79339599609375,
          "y": 52.362701416015625,
          "confidence": 0.9376543164253235,
          "visible": true
        },
        {
          "name": "left_eye",
          "x": 306.5859375,
          "y": 39.66606140136719,
          "confidence": 0.9687545299530029,
          "visible": true
        },
        {
          "name": "right_eye",
          "x": 300.1264953613281,
          "y": 41.67857360839844,
          "confidence": 0.23725876212120056,
          "visible": false
        },
        {
          "name": "left_ear",
          "x": 330.49981689453125,
          "y": 45.45391845703125,
          "confidence": 0.9591808319091797,
          "visible": true
        },
        {
          "name": "right_ear",
          "x": 317.758544921875,
          "y": 46.96990966796875,
          "confidence": 0.022098619490861893,
          "visible": false
        },
        {
          "name": "left_shoulder",
          "x": 348.03228759765625,
          "y": 116.35758972167969,
          "confidence": 0.9932001233100891,
          "visible": true
        },
        {
          "name": "right_shoulder",
          "x": 342.5920715332031,
          "y": 107.29461669921875,
          "confidence": 0.8623574376106262,
          "visible": true
        },
        {
          "name": "left_elbow",
          "x": 320.919189453125,
          "y": 223.4447021484375,
          "confidence": 0.9932078719139099,
          "visible": true
        },
        {
          "name": "right_elbow",
          "x": 323.10406494140625,
          "y": 202.06089782714844,
          "confidence": 0.5086283683776855,
          "visible": true
        },
        {
          "name": "left_wrist",
          "x": 234.87245178222656,
          "y": 242.214599609375,
          "confidence": 0.9944918155670166,
          "visible": true
        },
        {
          "name": "right_wrist",
          "x": 260.3238220214844,
          "y": 230.74838256835938,
          "confidence": 0.7796122431755066,
          "visible": true
        },
        {
          "name": "left_hip",
          "x": 327.7139892578125,
          "y": 267.9799499511719,
          "confidence": 0.9862832427024841,
          "visible": true
        },
        {
          "name": "right_hip",
          "x": 325.3329162597656,
          "y": 253.51385498046875,
          "confidence": 0.9302839040756226,
          "visible": true
        },
        {
          "name": "left_knee",
          "x": 205.18603515625,
          "y": 276.3146667480469,
          "confidence": 0.9931548833847046,
          "visible": true
        },
        {
          "name": "right_knee",
          "x": 208.37957763671875,
          "y": 260.8616027832031,
          "confidence": 0.9544664621353149,
          "visible": true
        },
        {
          "name": "left_ankle",
          "x": 199.41619873046875,
          "y": 411.76959228515625,
          "confidence": 0.9499878883361816,
          "visible": true
        },
        {
          "name": "right_ankle",
          "x": 201.5485076904297,
          "y": 397.33709716796875,
          "confidence": 0.8543280959129333,
          "visible": true
        }
      ],
      "confidence_scores": [
        0.9376543164253235,
        0.9687545299530029,
        0.23725876212120056,
        0.9591808319091797,
        0.022098619490861893,
        0.9932001233100891,
        0.8623574376106262,
        0.9932078719139099,
        0.5086283683776855,
        0.9944918155670166,
        0.7796122431755066,
        0.9862832427024841,
        0.9302839040756226,
        0.9931548833847046,
        0.9544664621353149,
        0.9499878883361816,
        0.8543280959129333
      ],
      "average_confidence": 0.8191146703765673
    },
    {
      "person_id": 1,
      "keypoints": [
        {
          "name": "nose",
          "x": 2.43032169342041,
          "y": 8.032272338867188,
          "confidence": 0.001272303401492536,
          "visible": false
        },
        {
          "name": "left_eye",
          "x": 0.0,
          "y": 0.0,
          "confidence": 0.0009469327051192522,
          "visible": false
        },
        {
          "name": "right_eye",
          "x": 3.1244864463806152,
          "y": 0.0,
          "confidence": 0.00018332582840230316,
          "visible": false
        },
        {
          "name": "left_ear",
          "x": 1.1547565460205078,
          "y": 0.0,
          "confidence": 0.0016139239305630326,
          "visible": false
        },
        {
          "name": "right_ear",
          "x": 7.252669811248779,
          "y": 0.0,
          "confidence": 0.0002705366932787001,
          "visible": false
        },
        {
          "name": "left_shoulder",
          "x": 17.32052993774414,
          "y": 0.0,
          "confidence": 0.021959014236927032,
          "visible": false
        },
        {
          "name": "right_shoulder",
          "x": 16.182044982910156,
          "y": 0.0,
          "confidence": 0.0005283630453050137,
          "visible": false
        },
        {
          "name": "left_elbow",
          "x": 41.48832702636719,
          "y": 25.870468139648438,
          "confidence": 0.4273013770580292,
          "visible": false
        },
        {
          "name": "right_elbow",
          "x": 40.79547882080078,
          "y": 30.022979736328125,
          "confidence": 0.004791186656802893,
          "visible": false
        },
        {
          "name": "left_wrist",
          "x": 4.693607330322266,
          "y": 58.42811584472656,
          "confidence": 0.5164156556129456,
          "visible": true
        },
        {
          "name": "right_wrist",
          "x": 5.814029216766357,
          "y": 58.910888671875,
          "confidence": 0.02962973713874817,
          "visible": false
        },
        {
          "name": "left_hip",
          "x": 8.349026679992676,
          "y": 168.033447265625,
          "confidence": 0.36961814761161804,
          "visible": false
        },
        {
          "name": "right_hip",
          "x": 5.084728717803955,
          "y": 164.75146484375,
          "confidence": 0.0828310027718544,
          "visible": false
        },
        {
          "name": "left_knee",
          "x": 0.0,
          "y": 324.14190673828125,
          "confidence": 0.26929494738578796,
          "visible": false
        },
        {
          "name": "right_knee",
          "x": 1.6136484146118164,
          "y": 319.8701171875,
          "confidence": 0.05676717311143875,
          "visible": false
        },
        {
          "name": "left_ankle",
          "x": 5.108178615570068,
          "y": 429.2859802246094,
          "confidence": 0.043733060359954834,
          "visible": false
        },
        {
          "name": "right_ankle",
          "x": 2.0950400829315186,
          "y": 421.93853759765625,
          "confidence": 0.012196315452456474,
          "visible": false
        }
      ],
      "confidence_scores": [
        0.001272303401492536,
        0.0009469327051192522,
        0.00018332582840230316,
        0.0016139239305630326,
        0.0002705366932787001,
        0.021959014236927032,
        0.0005283630453050137,
        0.4273013770580292,
        0.004791186656802893,
        0.5164156556129456,
        0.02962973713874817,
        0.36961814761161804,
        0.0828310027718544,
        0.26929494738578796,
        0.05676717311143875,
        0.043733060359954834,
        0.012196315452456474
      ],
      "average_confidence": 0.10819723547063083
    }
  ]
}