{
  "timestamp": "2025-11-03T15:18:56.684682",
  "image_shape": {
    "height": 480,
    "width": 640,
    "channels": 3
  },
  "num_persons_detected": 1,
  "persons": [
    {
      "person_id": 0,
      "keypoints": [
        {
          "name": "nose",
          "x": 319.9106140136719,
          "y": 51.656829833984375,
          "confidence": 0.9838362336158752,
          "visible": true
        },
        {
          "name": "left_eye",
          "x": 332.3892822265625,
          "y": 39.80126953125,
          "confidence": 0.9879484176635742,
          "visible": true
        },
        {
          "name": "right_eye",
          "x": 316.71539306640625,
          "y": 39.44636535644531,
          "confidence": 0.6681323051452637,
          "visible": true
        },
        {
          "name": "left_ear",
          "x": 354.140625,
          "y": 53.25152587890625,
          "confidence": 0.9582211375236511,
          "visible": true
        },
        {
          "name": "right_ear",
          "x": 318.251953125,
          "y": 50.40675354003906,
          "confidence": 0.060973718762397766,
          "visible": false
        },
        {
          "name": "left_shoulder",
          "x": 360.53662109375,
          "y": 125.56964111328125,
          "confidence": 0.9926421046257019,
          "visible": true
        },
        {
          "name": "right_shoulder",
          "x": 328.4277038574219,
          "y": 114.65010070800781,
          "confidence": 0.9470012187957764,
          "visible": true
        },
        {
          "name": "left_elbow",
          "x": 341.0406494140625,
          "y": 229.67579650878906,
          "confidence": 0.9914007782936096,
          "visible": true
        },
        {
          "name": "right_elbow",
          "x": 305.9291076660156,
          "y": 210.1783447265625,
          "confidence": 0.7576178312301636,
          "visible": true
        },
        {
          "name": "left_wrist",
          "x": 258.8531188964844,
          "y": 238.90199279785156,
          "confidence": 0.9950937032699585,
          "visible": true
        },
        {
          "name": "right_wrist",
          "x": 257.49072265625,
          "y": 235.77911376953125,
          "confidence": 0.9004840850830078,
          "visible": true
        },
        {
          "name": "left_hip",
          "x": 325.8907775878906,
          "y": 276.2542724609375,
          "confidence": 0.9826242327690125,
          "visible": true
        },
        {
          "name": "right_hip",
          "x": 305.81195068359375,
          "y": 259.76715087890625,
          "confidence": 0.9472030997276306,
          "visible": true
        },
        {
          "name": "left_knee",
          "x": 174.7119903564453,
          "y": 285.325927734375,
          "confidence": 0.9885008335113525,
          "visible": true
        },
        {
          "name": "right_knee",
          "x": 167.83384704589844,
          "y": 265.6047668457031,
          "confidence": 0.9485408663749695,
          "visible": true
        },
        {
          "name": "left_ankle",
          "x": 197.7730712890625,
          "y": 428.474853515625,
          "confidence": 0.9044976830482483,
          "visible": true
        },
        {
          "name": "right_ankle",
          "x": 196.2339324951172,
          "y": 408.0617370605469,
          "confidence": 0.787541389465332,
          "visible": true
        }
      ],
      "confidence_scores": [
        0.9838362336158752,
        0.9879484176635742,
        0.6681323051452637,
        0.9582211375236511,
        0.060973718762397766,
        0.9926421046257019,
        0.9470012187957764,
        0.9914007782936096,
        0.7576178312301636,
        0.9950937032699585,
        0.9004840850830078,
        0.9826242327690125,
        0.9472030997276306,
        0.9885008335113525,
        0.9485408663749695,
        0.9044976830482483,
        0.787541389465332
      ],
      "average_confidence": 0.8707211552297368
    }
  ]
}