{
  "timestamp": "2025-11-03T15:18:08.355517",
  "image_shape": {
    "height": 480,
    "width": 640,
    "channels": 3
  },
  "num_persons_detected": 1,
  "persons": [
    {
      "person_id": 0,
      "keypoints": [
        {
          "name": "nose",
          "x": 299.24688720703125,
          "y": 108.75373840332031,
          "confidence": 0.9758752584457397,
          "visible": true
        },
        {
          "name": "left_eye",
          "x": 296.4650573730469,
          "y": 93.94320678710938,
          "confidence": 0.9863848090171814,
          "visible": true
        },
        {
          "name": "right_eye",
          "x": 294.0261535644531,
          "y": 97.37722778320312,
          "confidence": 0.300961434841156,
          "visible": false
        },
        {
          "name": "left_ear",
          "x": 317.5284118652344,
          "y": 69.38410949707031,
          "confidence": 0.9806206822395325,
          "visible": true
        },
        {
          "name": "right_ear",
          "x": 311.8223876953125,
          "y": 81.02182006835938,
          "confidence": 0.014306598342955112,
          "visible": false
        },
        {
          "name": "left_shoulder",
          "x": 356.858154296875,
          "y": 114.03399658203125,
          "confidence": 0.9975951313972473,
          "visible": true
        },
        {
          "name": "right_shoulder",
          "x": 360.6340026855469,
          "y": 111.36335754394531,
          "confidence": 0.9437145590782166,
          "visible": true
        },
        {
          "name": "left_elbow",
          "x": 350.9820556640625,
          "y": 216.05181884765625,
          "confidence": 0.9976567029953003,
          "visible": true
        },
        {
          "name": "right_elbow",
          "x": 351.8998107910156,
          "y": 200.68983459472656,
          "confidence": 0.7471931576728821,
          "visible": true
        },
        {
          "name": "left_wrist",
          "x": 261.76324462890625,
          "y": 217.9066162109375,
          "confidence": 0.9975946545600891,
          "visible": true
        },
        {
          "name": "right_wrist",
          "x": 272.3002014160156,
          "y": 220.7271728515625,
          "confidence": 0.8813996911048889,
          "visible": true
        },
        {
          "name": "left_hip",
          "x": 339.222412109375,
          "y": 282.90875244140625,
          "confidence": 0.9948137998580933,
          "visible": true
        },
        {
          "name": "right_hip",
          "x": 343.4182434082031,
          "y": 268.6377258300781,
          "confidence": 0.9747123122215271,
          "visible": true
        },
        {
          "name": "left_knee",
          "x": 202.96038818359375,
          "y": 288.8778381347656,
          "confidence": 0.9960065484046936,
          "visible": true
        },
        {
          "name": "right_knee",
          "x": 218.04949951171875,
          "y": 273.2698974609375,
          "confidence": 0.976033091545105,
          "visible": true
        },
        {
          "name": "left_ankle",
          "x": 224.8560791015625,
          "y": 408.1607360839844,
          "confidence": 0.959465503692627,
          "visible": true
        },
        {
          "name": "right_ankle",
          "x": 232.69369506835938,
          "y": 403.63043212890625,
          "confidence": 0.8916736245155334,
          "visible": true
        }
      ],
      "confidence_scores": [
        0.9758752584457397,
        0.9863848090171814,
        0.300961434841156,
        0.9806206822395325,
        0.014306598342955112,
        0.9975951313972473,
        0.9437145590782166,
        0.9976567029953003,
        0.7471931576728821,
        0.9975946545600891,
        0.8813996911048889,
        0.9948137998580933,
        0.9747123122215271,
        0.9960065484046936,
        0.976033091545105,
        0.959465503692627,
        0.8916736245155334
      ],
      "average_confidence": 0.8597651505842805
    }
  ]
}