{
  "timestamp": "2025-11-03T15:15:49.166210",
  "image_shape": {
    "height": 480,
    "width": 640,
    "channels": 3
  },
  "num_persons_detected": 1,
  "persons": [
    {
      "person_id": 0,
      "keypoints": [
        {
          "name": "nose",
          "x": 222.58470153808594,
          "y": 202.8846893310547,
          "confidence": 0.8742777109146118,
          "visible": true
        },
        {
          "name": "left_eye",
          "x": 216.11453247070312,
          "y": 192.24005126953125,
          "confidence": 0.910258948802948,
          "visible": true
        },
        {
          "name": "right_eye",
          "x": 216.82803344726562,
          "y": 192.92539978027344,
          "confidence": 0.10354015231132507,
          "visible": false
        },
        {
          "name": "left_ear",
          "x": 230.422607421875,
          "y": 160.92066955566406,
          "confidence": 0.860363245010376,
          "visible": true
        },
        {
          "name": "right_ear",
          "x": 229.19454956054688,
          "y": 166.95953369140625,
          "confidence": 0.010865245014429092,
          "visible": false
        },
        {
          "name": "left_shoulder",
          "x": 279.8909912109375,
          "y": 161.78257751464844,
          "confidence": 0.9924213290214539,
          "visible": true
        },
        {
          "name": "right_shoulder",
          "x": 276.1720886230469,
          "y": 157.20428466796875,
          "confidence": 0.8748060464859009,
          "visible": true
        },
        {
          "name": "left_elbow",
          "x": 241.2014617919922,
          "y": 241.0103759765625,
          "confidence": 0.9950487017631531,
          "visible": true
        },
        {
          "name": "right_elbow",
          "x": 237.56289672851562,
          "y": 223.44189453125,
          "confidence": 0.7425896525382996,
          "visible": true
        },
        {
          "name": "left_wrist",
          "x": 175.45948791503906,
          "y": 240.3256072998047,
          "confidence": 0.9931464791297913,
          "visible": true
        },
        {
          "name": "right_wrist",
          "x": 178.16529846191406,
          "y": 236.25540161132812,
          "confidence": 0.8704845309257507,
          "visible": true
        },
        {
          "name": "left_hip",
          "x": 333.8043212890625,
          "y": 266.1005554199219,
          "confidence": 0.9961411356925964,
          "visible": true
        },
        {
          "name": "right_hip",
          "x": 332.9794921875,
          "y": 257.8768310546875,
          "confidence": 0.9846119284629822,
          "visible": true
        },
        {
          "name": "left_knee",
          "x": 204.92520141601562,
          "y": 284.2289123535156,
          "confidence": 0.9975649118423462,
          "visible": true
        },
        {
          "name": "right_knee",
          "x": 209.00143432617188,
          "y": 274.5915832519531,
          "confidence": 0.988246738910675,
          "visible": true
        },
        {
          "name": "left_ankle",
          "x": 177.33328247070312,
          "y": 409.77410888671875,
          "confidence": 0.9801849722862244,
          "visible": true
        },
        {
          "name": "right_ankle",
          "x": 181.30337524414062,
          "y": 407.84375,
          "confidence": 0.953205943107605,
          "visible": true
        }
      ],
      "confidence_scores": [
        0.8742777109146118,
        0.910258948802948,
        0.10354015231132507,
        0.860363245010376,
        0.010865245014429092,
        0.9924213290214539,
        0.8748060464859009,
        0.9950487017631531,
        0.7425896525382996,
        0.9931464791297913,
        0.8704845309257507,
        0.9961411356925964,
        0.9846119284629822,
        0.9975649118423462,
        0.988246738910675,
        0.9801849722862244,
        0.953205943107605
      ],
      "average_confidence": 0.8310445689541452
    }
  ]
}