{
  "timestamp": "2025-11-03T15:17:01.133647",
  "image_shape": {
    "height": 480,
    "width": 640,
    "channels": 3
  },
  "num_persons_detected": 1,
  "persons": [
    {
      "person_id": 0,
      "keypoints": [
        {
          "name": "nose",
          "x": 338.8089599609375,
          "y": 73.21340942382812,
          "confidence": 0.9576656222343445,
          "visible": true
        },
        {
          "name": "left_eye",
          "x": 348.31890869140625,
          "y": 62.15339660644531,
          "confidence": 0.973666250705719,
          "visible": true
        },
        {
          "name": "right_eye",
          "x": 342.89556884765625,
          "y": 64.78373718261719,
          "confidence": 0.25729483366012573,
          "visible": false
        },
        {
          "name": "left_ear",
          "x": 379.4228515625,
          "y": 69.04133605957031,
          "confidence": 0.9681617021560669,
          "visible": true
        },
        {
          "name": "right_ear",
          "x": 364.4151306152344,
          "y": 70.77696228027344,
          "confidence": 0.01621287688612938,
          "visible": false
        },
        {
          "name": "left_shoulder",
          "x": 390.27496337890625,
          "y": 136.465576171875,
          "confidence": 0.9967454671859741,
          "visible": true
        },
        {
          "name": "right_shoulder",
          "x": 373.1002197265625,
          "y": 124.77931213378906,
          "confidence": 0.9387606978416443,
          "visible": true
        },
        {
          "name": "left_elbow",
          "x": 367.55303955078125,
          "y": 234.0146484375,
          "confidence": 0.9970968961715698,
          "visible": true
        },
        {
          "name": "right_elbow",
          "x": 341.5544128417969,
          "y": 211.9481964111328,
          "confidence": 0.7247679829597473,
          "visible": true
        },
        {
          "name": "left_wrist",
          "x": 300.4415588378906,
          "y": 223.28927612304688,
          "confidence": 0.9977867603302002,
          "visible": true
        },
        {
          "name": "right_wrist",
          "x": 282.24273681640625,
          "y": 232.50987243652344,
          "confidence": 0.8739251494407654,
          "visible": true
        },
        {
          "name": "left_hip",
          "x": 332.85089111328125,
          "y": 285.53558349609375,
          "confidence": 0.9964853525161743,
          "visible": true
        },
        {
          "name": "right_hip",
          "x": 323.1332702636719,
          "y": 266.4647216796875,
          "confidence": 0.9818614721298218,
          "visible": true
        },
        {
          "name": "left_knee",
          "x": 176.80734252929688,
          "y": 296.73974609375,
          "confidence": 0.9975649118423462,
          "visible": true
        },
        {
          "name": "right_knee",
          "x": 180.81031799316406,
          "y": 277.68603515625,
          "confidence": 0.9823160767555237,
          "visible": true
        },
        {
          "name": "left_ankle",
          "x": 212.57406616210938,
          "y": 413.2527770996094,
          "confidence": 0.9734746217727661,
          "visible": true
        },
        {
          "name": "right_ankle",
          "x": 216.99578857421875,
          "y": 401.2569274902344,
          "confidence": 0.9135247468948364,
          "visible": true
        }
      ],
      "confidence_scores": [
        0.9576656222343445,
        0.973666250705719,
        0.25729483366012573,
        0.9681617021560669,
        0.01621287688612938,
        0.9967454671859741,
        0.9387606978416443,
        0.9970968961715698,
        0.7247679829597473,
        0.9977867603302002,
        0.8739251494407654,
        0.9964853525161743,
        0.9818614721298218,
        0.9975649118423462,
        0.9823160767555237,
        0.9734746217727661,
        0.9135247468948364
      ],
      "average_confidence": 0.8557242012637503
    }
  ]
}