{
  "timestamp": "2025-11-03T15:16:45.490179",
  "image_shape": {
    "height": 480,
    "width": 640,
    "channels": 3
  },
  "num_persons_detected": 1,
  "persons": [
    {
      "person_id": 0,
      "keypoints": [
        {
          "name": "nose",
          "x": 249.28831481933594,
          "y": 92.43440246582031,
          "confidence": 0.9246184229850769,
          "visible": true
        },
        {
          "name": "left_eye",
          "x": 253.81552124023438,
          "y": 80.05209350585938,
          "confidence": 0.9706128835678101,
          "visible": true
        },
        {
          "name": "right_eye",
          "x": 252.070556640625,
          "y": 82.90180969238281,
          "confidence": 0.11321313679218292,
          "visible": false
        },
        {
          "name": "left_ear",
          "x": 282.19952392578125,
          "y": 82.15667724609375,
          "confidence": 0.9843035340309143,
          "visible": true
        },
        {
          "name": "right_ear",
          "x": 279.87896728515625,
          "y": 84.33099365234375,
          "confidence": 0.008328666910529137,
          "visible": false
        },
        {
          "name": "left_shoulder",
          "x": 323.5618896484375,
          "y": 143.02410888671875,
          "confidence": 0.9976359605789185,
          "visible": true
        },
        {
          "name": "right_shoulder",
          "x": 320.88006591796875,
          "y": 133.00946044921875,
          "confidence": 0.8850145936012268,
          "visible": true
        },
        {
          "name": "left_elbow",
          "x": 336.6934814453125,
          "y": 236.2786865234375,
          "confidence": 0.9972392320632935,
          "visible": true
        },
        {
          "name": "right_elbow",
          "x": 321.8947448730469,
          "y": 212.33636474609375,
          "confidence": 0.5401328206062317,
          "visible": true
        },
        {
          "name": "left_wrist",
          "x": 264.25006103515625,
          "y": 224.63272094726562,
          "confidence": 0.9974321722984314,
          "visible": true
        },
        {
          "name": "right_wrist",
          "x": 265.8624267578125,
          "y": 225.94528198242188,
          "confidence": 0.7923153638839722,
          "visible": true
        },
        {
          "name": "left_hip",
          "x": 326.76348876953125,
          "y": 284.02081298828125,
          "confidence": 0.9951410293579102,
          "visible": true
        },
        {
          "name": "right_hip",
          "x": 327.55780029296875,
          "y": 267.4831848144531,
          "confidence": 0.9659087061882019,
          "visible": true
        },
        {
          "name": "left_knee",
          "x": 192.578369140625,
          "y": 281.15399169921875,
          "confidence": 0.997495710849762,
          "visible": true
        },
        {
          "name": "right_knee",
          "x": 198.03802490234375,
          "y": 259.6229248046875,
          "confidence": 0.9788405895233154,
          "visible": true
        },
        {
          "name": "left_ankle",
          "x": 190.66250610351562,
          "y": 417.317626953125,
          "confidence": 0.9784946441650391,
          "visible": true
        },
        {
          "name": "right_ankle",
          "x": 196.7866973876953,
          "y": 395.3780212402344,
          "confidence": 0.9276310205459595,
          "visible": true
        }
      ],
      "confidence_scores": [
        0.9246184229850769,
        0.9706128835678101,
        0.11321313679218292,
        0.9843035340309143,
        0.008328666910529137,
        0.9976359605789185,
        0.8850145936012268,
        0.9972392320632935,
        0.5401328206062317,
        0.9974321722984314,
        0.7923153638839722,
        0.9951410293579102,
        0.9659087061882019,
        0.997495710849762,
        0.9788405895233154,
        0.9784946441650391,
        0.9276310205459595
      ],
      "average_confidence": 0.8267269698793397
    }
  ]
}