{
  "timestamp": "2025-11-03T15:18:05.743236",
  "image_shape": {
    "height": 480,
    "width": 640,
    "channels": 3
  },
  "num_persons_detected": 1,
  "persons": [
    {
      "person_id": 0,
      "keypoints": [
        {
          "name": "nose",
          "x": 190.7171173095703,
          "y": 168.93031311035156,
          "confidence": 0.6078541278839111,
          "visible": true
        },
        {
          "name": "left_eye",
          "x": 185.03524780273438,
          "y": 158.94215393066406,
          "confidence": 0.5916352272033691,
          "visible": true
        },
        {
          "name": "right_eye",
          "x": 190.24526977539062,
          "y": 157.38983154296875,
          "confidence": 0.03360356390476227,
          "visible": false
        },
        {
          "name": "left_ear",
          "x": 189.73580932617188,
          "y": 143.6732940673828,
          "confidence": 0.8165335059165955,
          "visible": true
        },
        {
          "name": "right_ear",
          "x": 208.58303833007812,
          "y": 140.37673950195312,
          "confidence": 0.04598060995340347,
          "visible": false
        },
        {
          "name": "left_shoulder",
          "x": 232.23805236816406,
          "y": 167.40469360351562,
          "confidence": 0.9976632595062256,
          "visible": true
        },
        {
          "name": "right_shoulder",
          "x": 259.65582275390625,
          "y": 153.12611389160156,
          "confidence": 0.9346317648887634,
          "visible": true
        },
        {
          "name": "left_elbow",
          "x": 215.01300048828125,
          "y": 249.42852783203125,
          "confidence": 0.9968542456626892,
          "visible": true
        },
        {
          "name": "right_elbow",
          "x": 232.6543731689453,
          "y": 228.57530212402344,
          "confidence": 0.7728396654129028,
          "visible": true
        },
        {
          "name": "left_wrist",
          "x": 139.29251098632812,
          "y": 255.40423583984375,
          "confidence": 0.991944432258606,
          "visible": true
        },
        {
          "name": "right_wrist",
          "x": 153.933349609375,
          "y": 256.9720764160156,
          "confidence": 0.8381379246711731,
          "visible": true
        },
        {
          "name": "left_hip",
          "x": 283.79010009765625,
          "y": 276.6466064453125,
          "confidence": 0.9977286458015442,
          "visible": true
        },
        {
          "name": "right_hip",
          "x": 303.4533996582031,
          "y": 262.4653015136719,
          "confidence": 0.9898865222930908,
          "visible": true
        },
        {
          "name": "left_knee",
          "x": 161.81407165527344,
          "y": 297.0954895019531,
          "confidence": 0.9973869919776917,
          "visible": true
        },
        {
          "name": "right_knee",
          "x": 178.6438751220703,
          "y": 275.8548583984375,
          "confidence": 0.9866297245025635,
          "visible": true
        },
        {
          "name": "left_ankle",
          "x": 111.15745544433594,
          "y": 414.90093994140625,
          "confidence": 0.973300576210022,
          "visible": true
        },
        {
          "name": "right_ankle",
          "x": 114.8713607788086,
          "y": 392.2245788574219,
          "confidence": 0.9308772683143616,
          "visible": true
        }
      ],
      "confidence_scores": [
        0.6078541278839111,
        0.5916352272033691,
        0.03360356390476227,
        0.8165335059165955,
        0.04598060995340347,
        0.9976632595062256,
        0.9346317648887634,
        0.9968542456626892,
        0.7728396654129028,
        0.991944432258606,
        0.8381379246711731,
        0.9977286458015442,
        0.9898865222930908,
        0.9973869919776917,
        0.9866297245025635,
        0.973300576210022,
        0.9308772683143616
      ],
      "average_confidence": 0.7943228268448044
    }
  ]
}