{
  "timestamp": "2025-11-03T15:13:28.807871",
  "image_shape": {
    "height": 480,
    "width": 640,
    "channels": 3
  },
  "num_persons_detected": 1,
  "persons": [
    {
      "person_id": 0,
      "keypoints": [
        {
          "name": "nose",
          "x": 344.06158447265625,
          "y": 90.005859375,
          "confidence": 0.9810876250267029,
          "visible": true
        },
        {
          "name": "left_eye",
          "x": 354.9840393066406,
          "y": 79.24331665039062,
          "confidence": 0.9867956638336182,
          "visible": true
        },
        {
          "name": "right_eye",
          "x": 346.3704528808594,
          "y": 80.87858581542969,
          "confidence": 0.5197014212608337,
          "visible": true
        },
        {
          "name": "left_ear",
          "x": 382.5697021484375,
          "y": 87.43925476074219,
          "confidence": 0.9636223316192627,
          "visible": true
        },
        {
          "name": "right_ear",
          "x": 361.4450988769531,
          "y": 88.20265197753906,
          "confidence": 0.03349101543426514,
          "visible": false
        },
        {
          "name": "left_shoulder",
          "x": 376.8573913574219,
          "y": 150.45230102539062,
          "confidence": 0.99480140209198,
          "visible": true
        },
        {
          "name": "right_shoulder",
          "x": 367.4251403808594,
          "y": 140.54507446289062,
          "confidence": 0.9314379096031189,
          "visible": true
        },
        {
          "name": "left_elbow",
          "x": 320.9811706542969,
          "y": 228.43910217285156,
          "confidence": 0.99553382396698,
          "visible": true
        },
        {
          "name": "right_elbow",
          "x": 320.5978088378906,
          "y": 206.85806274414062,
          "confidence": 0.697171151638031,
          "visible": true
        },
        {
          "name": "left_wrist",
          "x": 228.854248046875,
          "y": 242.2066650390625,
          "confidence": 0.9967086315155029,
          "visible": true
        },
        {
          "name": "right_wrist",
          "x": 250.70748901367188,
          "y": 232.7233428955078,
          "confidence": 0.8710435032844543,
          "visible": true
        },
        {
          "name": "left_hip",
          "x": 307.3194580078125,
          "y": 282.5794372558594,
          "confidence": 0.9892966151237488,
          "visible": true
        },
        {
          "name": "right_hip",
          "x": 300.1654052734375,
          "y": 264.7013244628906,
          "confidence": 0.9520180225372314,
          "visible": true
        },
        {
          "name": "left_knee",
          "x": 161.18692016601562,
          "y": 288.07476806640625,
          "confidence": 0.9913694262504578,
          "visible": true
        },
        {
          "name": "right_knee",
          "x": 165.55429077148438,
          "y": 272.82684326171875,
          "confidence": 0.9445450901985168,
          "visible": true
        },
        {
          "name": "left_ankle",
          "x": 190.7438201904297,
          "y": 410.35430908203125,
          "confidence": 0.9203624129295349,
          "visible": true
        },
        {
          "name": "right_ankle",
          "x": 188.53729248046875,
          "y": 400.68255615234375,
          "confidence": 0.775322437286377,
          "visible": true
        }
      ],
      "confidence_scores": [
        0.9810876250267029,
        0.9867956638336182,
        0.5197014212608337,
        0.9636223316192627,
        0.03349101543426514,
        0.99480140209198,
        0.9314379096031189,
        0.99553382396698,
        0.697171151638031,
        0.9967086315155029,
        0.8710435032844543,
        0.9892966151237488,
        0.9520180225372314,
        0.9913694262504578,
        0.9445450901985168,
        0.9203624129295349,
        0.775322437286377
      ],
      "average_confidence": 0.8555475578588598
    }
  ]
}