{
  "timestamp": "2025-11-03T15:17:23.562368",
  "image_shape": {
    "height": 480,
    "width": 640,
    "channels": 3
  },
  "num_persons_detected": 1,
  "persons": [
    {
      "person_id": 0,
      "keypoints": [
        {
          "name": "nose",
          "x": 296.62652587890625,
          "y": 47.68853759765625,
          "confidence": 0.9632863998413086,
          "visible": true
        },
        {
          "name": "left_eye",
          "x": 304.63885498046875,
          "y": 35.81730651855469,
          "confidence": 0.9818745851516724,
          "visible": true
        },
        {
          "name": "right_eye",
          "x": 296.8659362792969,
          "y": 36.8043212890625,
          "confidence": 0.35014790296554565,
          "visible": false
        },
        {
          "name": "left_ear",
          "x": 328.2571105957031,
          "y": 45.270599365234375,
          "confidence": 0.9630597829818726,
          "visible": true
        },
        {
          "name": "right_ear",
          "x": 311.9880676269531,
          "y": 44.5302734375,
          "confidence": 0.024954497814178467,
          "visible": false
        },
        {
          "name": "left_shoulder",
          "x": 341.16375732421875,
          "y": 117.99024963378906,
          "confidence": 0.9949262142181396,
          "visible": true
        },
        {
          "name": "right_shoulder",
          "x": 333.30096435546875,
          "y": 109.04679870605469,
          "confidence": 0.8653597831726074,
          "visible": true
        },
        {
          "name": "left_elbow",
          "x": 315.01104736328125,
          "y": 219.02027893066406,
          "confidence": 0.9952076077461243,
          "visible": true
        },
        {
          "name": "right_elbow",
          "x": 311.17059326171875,
          "y": 202.70053100585938,
          "confidence": 0.5067122578620911,
          "visible": true
        },
        {
          "name": "left_wrist",
          "x": 238.0648956298828,
          "y": 238.2061767578125,
          "confidence": 0.9961865544319153,
          "visible": true
        },
        {
          "name": "right_wrist",
          "x": 251.53099060058594,
          "y": 232.80319213867188,
          "confidence": 0.8019924163818359,
          "visible": true
        },
        {
          "name": "left_hip",
          "x": 323.2914733886719,
          "y": 267.57708740234375,
          "confidence": 0.9894037246704102,
          "visible": true
        },
        {
          "name": "right_hip",
          "x": 319.5711669921875,
          "y": 253.91751098632812,
          "confidence": 0.9370303750038147,
          "visible": true
        },
        {
          "name": "left_knee",
          "x": 205.21885681152344,
          "y": 277.4460754394531,
          "confidence": 0.9947109222412109,
          "visible": true
        },
        {
          "name": "right_knee",
          "x": 207.61317443847656,
          "y": 262.11236572265625,
          "confidence": 0.9591954946517944,
          "visible": true
        },
        {
          "name": "left_ankle",
          "x": 200.0503387451172,
          "y": 413.70166015625,
          "confidence": 0.9593329429626465,
          "visible": true
        },
        {
          "name": "right_ankle",
          "x": 201.2818603515625,
          "y": 396.7798767089844,
          "confidence": 0.8680381774902344,
          "visible": true
        }
      ],
      "confidence_scores": [
        0.9632863998413086,
        0.9818745851516724,
        0.35014790296554565,
        0.9630597829818726,
        0.024954497814178467,
        0.9949262142181396,
        0.8653597831726074,
        0.9952076077461243,
        0.5067122578620911,
        0.9961865544319153,
        0.8019924163818359,
        0.9894037246704102,
        0.9370303750038147,
        0.9947109222412109,
        0.9591954946517944,
        0.9593329429626465,
        0.8680381774902344
      ],
      "average_confidence": 0.8324364493874943
    }
  ]
}