{
  "timestamp": "2025-11-03T15:16:41.464086",
  "image_shape": {
    "height": 480,
    "width": 640,
    "channels": 3
  },
  "num_persons_detected": 1,
  "persons": [
    {
      "person_id": 0,
      "keypoints": [
        {
          "name": "nose",
          "x": 259.3440856933594,
          "y": 72.31222534179688,
          "confidence": 0.9653199315071106,
          "visible": true
        },
        {
          "name": "left_eye",
          "x": 267.6067810058594,
          "y": 60.74363708496094,
          "confidence": 0.9848098158836365,
          "visible": true
        },
        {
          "name": "right_eye",
          "x": 262.0185546875,
          "y": 63.297943115234375,
          "confidence": 0.26081353425979614,
          "visible": false
        },
        {
          "name": "left_ear",
          "x": 297.44512939453125,
          "y": 72.4317626953125,
          "confidence": 0.9792767763137817,
          "visible": true
        },
        {
          "name": "right_ear",
          "x": 285.59979248046875,
          "y": 73.09146118164062,
          "confidence": 0.012056016363203526,
          "visible": false
        },
        {
          "name": "left_shoulder",
          "x": 323.1835021972656,
          "y": 141.46463012695312,
          "confidence": 0.9969244599342346,
          "visible": true
        },
        {
          "name": "right_shoulder",
          "x": 319.56396484375,
          "y": 133.04788208007812,
          "confidence": 0.8765179514884949,
          "visible": true
        },
        {
          "name": "left_elbow",
          "x": 317.36474609375,
          "y": 240.91578674316406,
          "confidence": 0.9969533681869507,
          "visible": true
        },
        {
          "name": "right_elbow",
          "x": 312.7151184082031,
          "y": 221.78683471679688,
          "confidence": 0.5350961685180664,
          "visible": true
        },
        {
          "name": "left_wrist",
          "x": 235.1858673095703,
          "y": 241.79107666015625,
          "confidence": 0.9975637197494507,
          "visible": true
        },
        {
          "name": "right_wrist",
          "x": 251.96786499023438,
          "y": 238.81820678710938,
          "confidence": 0.820175051689148,
          "visible": true
        },
        {
          "name": "left_hip",
          "x": 317.8977355957031,
          "y": 284.0375671386719,
          "confidence": 0.9924301505088806,
          "visible": true
        },
        {
          "name": "right_hip",
          "x": 317.2518005371094,
          "y": 268.3600158691406,
          "confidence": 0.9495018720626831,
          "visible": true
        },
        {
          "name": "left_knee",
          "x": 188.0049285888672,
          "y": 280.14892578125,
          "confidence": 0.9961208701133728,
          "visible": true
        },
        {
          "name": "right_knee",
          "x": 192.45547485351562,
          "y": 260.250244140625,
          "confidence": 0.9672356843948364,
          "visible": true
        },
        {
          "name": "left_ankle",
          "x": 193.37893676757812,
          "y": 418.0298156738281,
          "confidence": 0.9678325057029724,
          "visible": true
        },
        {
          "name": "right_ankle",
          "x": 194.34129333496094,
          "y": 394.7576904296875,
          "confidence": 0.8917230367660522,
          "visible": true
        }
      ],
      "confidence_scores": [
        0.9653199315071106,
        0.9848098158836365,
        0.26081353425979614,
        0.9792767763137817,
        0.012056016363203526,
        0.9969244599342346,
        0.8765179514884949,
        0.9969533681869507,
        0.5350961685180664,
        0.9975637197494507,
        0.820175051689148,
        0.9924301505088806,
        0.9495018720626831,
        0.9961208701133728,
        0.9672356843948364,
        0.9678325057029724,
        0.8917230367660522
      ],
      "average_confidence": 0.8347265243201571
    }
  ]
}