{
  "timestamp": "2025-11-03T15:18:10.755723",
  "image_shape": {
    "height": 480,
    "width": 640,
    "channels": 3
  },
  "num_persons_detected": 2,
  "persons": [
    {
      "person_id": 0,
      "keypoints": [
        {
          "name": "nose",
          "x": 268.24200439453125,
          "y": 100.76165771484375,
          "confidence": 0.8550155758857727,
          "visible": true
        },
        {
          "name": "left_eye",
          "x": 266.8818664550781,
          "y": 85.03622436523438,
          "confidence": 0.9095394015312195,
          "visible": true
        },
        {
          "name": "right_eye",
          "x": 265.3708190917969,
          "y": 90.14874267578125,
          "confidence": 0.10632104426622391,
          "visible": false
        },
        {
          "name": "left_ear",
          "x": 285.85943603515625,
          "y": 69.50654602050781,
          "confidence": 0.9522738456726074,
          "visible": true
        },
        {
          "name": "right_ear",
          "x": 286.108642578125,
          "y": 80.40988159179688,
          "confidence": 0.022962473332881927,
          "visible": false
        },
        {
          "name": "left_shoulder",
          "x": 326.94696044921875,
          "y": 121.98342895507812,
          "confidence": 0.9901752471923828,
          "visible": true
        },
        {
          "name": "right_shoulder",
          "x": 336.9528503417969,
          "y": 118.0863037109375,
          "confidence": 0.9160301089286804,
          "visible": true
        },
        {
          "name": "left_elbow",
          "x": 336.45306396484375,
          "y": 229.2809600830078,
          "confidence": 0.9885388016700745,
          "visible": true
        },
        {
          "name": "right_elbow",
          "x": 348.9440612792969,
          "y": 199.69955444335938,
          "confidence": 0.6837693452835083,
          "visible": true
        },
        {
          "name": "left_wrist",
          "x": 262.4640197753906,
          "y": 251.5837860107422,
          "confidence": 0.9904113411903381,
          "visible": true
        },
        {
          "name": "right_wrist",
          "x": 284.2662658691406,
          "y": 216.896484375,
          "confidence": 0.8228059411048889,
          "visible": true
        },
        {
          "name": "left_hip",
          "x": 336.48406982421875,
          "y": 281.968505859375,
          "confidence": 0.9824090600013733,
          "visible": true
        },
        {
          "name": "right_hip",
          "x": 344.8345947265625,
          "y": 269.3818359375,
          "confidence": 0.9470627307891846,
          "visible": true
        },
        {
          "name": "left_knee",
          "x": 200.754150390625,
          "y": 286.87060546875,
          "confidence": 0.988618016242981,
          "visible": true
        },
        {
          "name": "right_knee",
          "x": 209.472900390625,
          "y": 274.0561218261719,
          "confidence": 0.954786479473114,
          "visible": true
        },
        {
          "name": "left_ankle",
          "x": 216.9838104248047,
          "y": 416.57379150390625,
          "confidence": 0.9157006144523621,
          "visible": true
        },
        {
          "name": "right_ankle",
          "x": 221.80224609375,
          "y": 409.86517333984375,
          "confidence": 0.8304917812347412,
          "visible": true
        }
      ],
      "confidence_scores": [
        0.8550155758857727,
        0.9095394015312195,
        0.10632104426622391,
        0.9522738456726074,
        0.022962473332881927,
        0.9901752471923828,
        0.9160301089286804,
        0.9885388016700745,
        0.6837693452835083,
        0.9904113411903381,
        0.8228059411048889,
        0.9824090600013733,
        0.9470627307891846,
        0.988618016242981,
        0.954786479473114,
        0.9157006144523621,
        0.8304917812347412
      ],
      "average_confidence": 0.8151124593089608
    },
    {
      "person_id": 1,
      "keypoints": [
        {
          "name": "nose",
          "x": 7.743871688842773,
          "y": 83.53016662597656,
          "confidence": 0.05728583782911301,
          "visible": false
        },
        {
          "name": "left_eye",
          "x": 6.06064510345459,
          "y": 73.27812194824219,
          "confidence": 0.03805400803685188,
          "visible": false
        },
        {
          "name": "right_eye",
          "x": 7.3091206550598145,
          "y": 73.45648956298828,
          "confidence": 0.02397845685482025,
          "visible": false
        },
        {
          "name": "left_ear",
          "x": 4.065546035766602,
          "y": 76.58741760253906,
          "confidence": 0.04874212667346001,
          "visible": false
        },
        {
          "name": "right_ear",
          "x": 10.9693603515625,
          "y": 77.06104278564453,
          "confidence": 0.032471366226673126,
          "visible": false
        },
        {
          "name": "left_shoulder",
          "x": 11.935582160949707,
          "y": 127.32272338867188,
          "confidence": 0.10243966430425644,
          "visible": false
        },
        {
          "name": "right_shoulder",
          "x": 11.720231056213379,
          "y": 125.10599517822266,
          "confidence": 0.04112236201763153,
          "visible": false
        },
        {
          "name": "left_elbow",
          "x": 14.492559432983398,
          "y": 144.19866943359375,
          "confidence": 0.1196584403514862,
          "visible": false
        },
        {
          "name": "right_elbow",
          "x": 12.922311782836914,
          "y": 142.6573944091797,
          "confidence": 0.03895489498972893,
          "visible": false
        },
        {
          "name": "left_wrist",
          "x": 3.623626708984375,
          "y": 116.83969116210938,
          "confidence": 0.16639019548892975,
          "visible": false
        },
        {
          "name": "right_wrist",
          "x": 5.401703357696533,
          "y": 119.60684204101562,
          "confidence": 0.08765651285648346,
          "visible": false
        },
        {
          "name": "left_hip",
          "x": 6.4227094650268555,
          "y": 256.6381530761719,
          "confidence": 0.055972252041101456,
          "visible": false
        },
        {
          "name": "right_hip",
          "x": 5.774590492248535,
          "y": 255.4311981201172,
          "confidence": 0.03787732496857643,
          "visible": false
        },
        {
          "name": "left_knee",
          "x": 8.776453018188477,
          "y": 273.693603515625,
          "confidence": 0.05368867516517639,
          "visible": false
        },
        {
          "name": "right_knee",
          "x": 8.550796508789062,
          "y": 273.7025146484375,
          "confidence": 0.03720196336507797,
          "visible": false
        },
        {
          "name": "left_ankle",
          "x": 0.7966642379760742,
          "y": 391.33624267578125,
          "confidence": 0.028605852276086807,
          "visible": false
        },
        {
          "name": "right_ankle",
          "x": 4.91910457611084,
          "y": 393.8858947753906,
          "confidence": 0.020995087921619415,
          "visible": false
        }
      ],
      "confidence_scores": [
        0.05728583782911301,
        0.03805400803685188,
        0.02397845685482025,
        0.04874212667346001,
        0.032471366226673126,
        0.10243966430425644,
        0.04112236201763153,
        0.1196584403514862,
        0.03895489498972893,
        0.16639019548892975,
        0.08765651285648346,
        0.055972252041101456,
        0.03787732496857643,
        0.05368867516517639,
        0.03720196336507797,
        0.028605852276086807,
        0.020995087921619415
      ],
      "average_confidence": 0.05829970713923959
    }
  ]
}