{
  "timestamp": "2025-11-03T15:16:15.214153",
  "image_shape": {
    "height": 480,
    "width": 640,
    "channels": 3
  },
  "num_persons_detected": 1,
  "persons": [
    {
      "person_id": 0,
      "keypoints": [
        {
          "name": "nose",
          "x": 315.3083190917969,
          "y": 137.31980895996094,
          "confidence": 0.9753606915473938,
          "visible": true
        },
        {
          "name": "left_eye",
          "x": 317.77447509765625,
          "y": 124.54974365234375,
          "confidence": 0.9853048920631409,
          "visible": true
        },
        {
          "name": "right_eye",
          "x": 314.38720703125,
          "y": 127.27114868164062,
          "confidence": 0.3633318245410919,
          "visible": false
        },
        {
          "name": "left_ear",
          "x": 342.6399841308594,
          "y": 112.28466796875,
          "confidence": 0.9791370630264282,
          "visible": true
        },
        {
          "name": "right_ear",
          "x": 332.7900390625,
          "y": 119.72152709960938,
          "confidence": 0.02008865959942341,
          "visible": false
        },
        {
          "name": "left_shoulder",
          "x": 370.02764892578125,
          "y": 163.2186279296875,
          "confidence": 0.9966331124305725,
          "visible": true
        },
        {
          "name": "right_shoulder",
          "x": 356.7374572753906,
          "y": 155.06948852539062,
          "confidence": 0.9542465806007385,
          "visible": true
        },
        {
          "name": "left_elbow",
          "x": 340.0494384765625,
          "y": 245.4394989013672,
          "confidence": 0.9962790608406067,
          "visible": true
        },
        {
          "name": "right_elbow",
          "x": 325.9602966308594,
          "y": 217.1676025390625,
          "confidence": 0.7621998190879822,
          "visible": true
        },
        {
          "name": "left_wrist",
          "x": 245.25404357910156,
          "y": 233.71331787109375,
          "confidence": 0.9972780346870422,
          "visible": true
        },
        {
          "name": "right_wrist",
          "x": 243.0642852783203,
          "y": 227.4726104736328,
          "confidence": 0.895889937877655,
          "visible": true
        },
        {
          "name": "left_hip",
          "x": 321.8104248046875,
          "y": 289.2715759277344,
          "confidence": 0.9932568073272705,
          "visible": true
        },
        {
          "name": "right_hip",
          "x": 314.5780334472656,
          "y": 272.06671142578125,
          "confidence": 0.9717825651168823,
          "visible": true
        },
        {
          "name": "left_knee",
          "x": 180.039794921875,
          "y": 283.13629150390625,
          "confidence": 0.9959743618965149,
          "visible": true
        },
        {
          "name": "right_knee",
          "x": 182.58908081054688,
          "y": 267.4401550292969,
          "confidence": 0.9772910475730896,
          "visible": true
        },
        {
          "name": "left_ankle",
          "x": 198.41390991210938,
          "y": 401.1152648925781,
          "confidence": 0.9650763869285583,
          "visible": true
        },
        {
          "name": "right_ankle",
          "x": 208.3313446044922,
          "y": 397.5908203125,
          "confidence": 0.9075435400009155,
          "visible": true
        }
      ],
      "confidence_scores": [
        0.9753606915473938,
        0.9853048920631409,
        0.3633318245410919,
        0.9791370630264282,
        0.02008865959942341,
        0.9966331124305725,
        0.9542465806007385,
        0.9962790608406067,
        0.7621998190879822,
        0.9972780346870422,
        0.895889937877655,
        0.9932568073272705,
        0.9717825651168823,
        0.9959743618965149,
        0.9772910475730896,
        0.9650763869285583,
        0.9075435400009155
      ],
      "average_confidence": 0.8668631991261945
    }
  ]
}