{
  "timestamp": "2025-11-03T15:15:48.375327",
  "image_shape": {
    "height": 480,
    "width": 640,
    "channels": 3
  },
  "num_persons_detected": 1,
  "persons": [
    {
      "person_id": 0,
      "keypoints": [
        {
          "name": "nose",
          "x": 225.27337646484375,
          "y": 212.23480224609375,
          "confidence": 0.7669274806976318,
          "visible": true
        },
        {
          "name": "left_eye",
          "x": 217.42459106445312,
          "y": 200.76544189453125,
          "confidence": 0.791937530040741,
          "visible": true
        },
        {
          "name": "right_eye",
          "x": 219.16485595703125,
          "y": 202.34573364257812,
          "confidence": 0.06381051987409592,
          "visible": false
        },
        {
          "name": "left_ear",
          "x": 228.51300048828125,
          "y": 168.01397705078125,
          "confidence": 0.8213245272636414,
          "visible": true
        },
        {
          "name": "right_ear",
          "x": 231.04006958007812,
          "y": 176.06105041503906,
          "confidence": 0.013824757188558578,
          "visible": false
        },
        {
          "name": "left_shoulder",
          "x": 285.27386474609375,
          "y": 170.35116577148438,
          "confidence": 0.9939154982566833,
          "visible": true
        },
        {
          "name": "right_shoulder",
          "x": 279.58123779296875,
          "y": 161.60919189453125,
          "confidence": 0.8687471151351929,
          "visible": true
        },
        {
          "name": "left_elbow",
          "x": 278.0149230957031,
          "y": 254.35693359375,
          "confidence": 0.9949178695678711,
          "visible": true
        },
        {
          "name": "right_elbow",
          "x": 260.5911865234375,
          "y": 225.89315795898438,
          "confidence": 0.7241645455360413,
          "visible": true
        },
        {
          "name": "left_wrist",
          "x": 209.96844482421875,
          "y": 243.49964904785156,
          "confidence": 0.992737352848053,
          "visible": true
        },
        {
          "name": "right_wrist",
          "x": 210.97418212890625,
          "y": 242.8901824951172,
          "confidence": 0.8437632322311401,
          "visible": true
        },
        {
          "name": "left_hip",
          "x": 323.7042236328125,
          "y": 278.5106201171875,
          "confidence": 0.9963943362236023,
          "visible": true
        },
        {
          "name": "right_hip",
          "x": 322.49920654296875,
          "y": 267.18072509765625,
          "confidence": 0.9844563603401184,
          "visible": true
        },
        {
          "name": "left_knee",
          "x": 202.63433837890625,
          "y": 291.1714782714844,
          "confidence": 0.997247040271759,
          "visible": true
        },
        {
          "name": "right_knee",
          "x": 206.18624877929688,
          "y": 276.28643798828125,
          "confidence": 0.9865100979804993,
          "visible": true
        },
        {
          "name": "left_ankle",
          "x": 178.56451416015625,
          "y": 414.6324462890625,
          "confidence": 0.9769207239151001,
          "visible": true
        },
        {
          "name": "right_ankle",
          "x": 183.466064453125,
          "y": 411.8332824707031,
          "confidence": 0.943186342716217,
          "visible": true
        }
      ],
      "confidence_scores": [
        0.7669274806976318,
        0.791937530040741,
        0.06381051987409592,
        0.8213245272636414,
        0.013824757188558578,
        0.9939154982566833,
        0.8687471151351929,
        0.9949178695678711,
        0.7241645455360413,
        0.992737352848053,
        0.8437632322311401,
        0.9963943362236023,
        0.9844563603401184,
        0.997247040271759,
        0.9865100979804993,
        0.9769207239151001,
        0.943186342716217
      ],
      "average_confidence": 0.8094579605933498
    }
  ]
}