{
  "timestamp": "2025-11-03T15:18:16.265257",
  "image_shape": {
    "height": 480,
    "width": 640,
    "channels": 3
  },
  "num_persons_detected": 2,
  "persons": [
    {
      "person_id": 0,
      "keypoints": [
        {
          "name": "nose",
          "x": 282.92108154296875,
          "y": 144.7668914794922,
          "confidence": 0.9536201357841492,
          "visible": true
        },
        {
          "name": "left_eye",
          "x": 276.5263671875,
          "y": 130.0507049560547,
          "confidence": 0.9666778445243835,
          "visible": true
        },
        {
          "name": "right_eye",
          "x": 275.9942626953125,
          "y": 132.98707580566406,
          "confidence": 0.2527317702770233,
          "visible": false
        },
        {
          "name": "left_ear",
          "x": 289.9697570800781,
          "y": 98.45283508300781,
          "confidence": 0.9592607617378235,
          "visible": true
        },
        {
          "name": "right_ear",
          "x": 288.1720886230469,
          "y": 110.02261352539062,
          "confidence": 0.028621843084692955,
          "visible": false
        },
        {
          "name": "left_shoulder",
          "x": 343.1055908203125,
          "y": 128.56915283203125,
          "confidence": 0.9976206421852112,
          "visible": true
        },
        {
          "name": "right_shoulder",
          "x": 335.0694580078125,
          "y": 123.21391296386719,
          "confidence": 0.9304006695747375,
          "visible": true
        },
        {
          "name": "left_elbow",
          "x": 343.8464660644531,
          "y": 229.48036193847656,
          "confidence": 0.9963178634643555,
          "visible": true
        },
        {
          "name": "right_elbow",
          "x": 330.9012145996094,
          "y": 202.44540405273438,
          "confidence": 0.6625835299491882,
          "visible": true
        },
        {
          "name": "left_wrist",
          "x": 252.94805908203125,
          "y": 246.4551239013672,
          "confidence": 0.9942821264266968,
          "visible": true
        },
        {
          "name": "right_wrist",
          "x": 267.6141357421875,
          "y": 237.4381561279297,
          "confidence": 0.7911592125892639,
          "visible": true
        },
        {
          "name": "left_hip",
          "x": 350.22576904296875,
          "y": 284.85595703125,
          "confidence": 0.9934425354003906,
          "visible": true
        },
        {
          "name": "right_hip",
          "x": 346.6938171386719,
          "y": 271.5521240234375,
          "confidence": 0.9674797058105469,
          "visible": true
        },
        {
          "name": "left_knee",
          "x": 218.41049194335938,
          "y": 287.45538330078125,
          "confidence": 0.99397212266922,
          "visible": true
        },
        {
          "name": "right_knee",
          "x": 220.23191833496094,
          "y": 271.4781494140625,
          "confidence": 0.9648658037185669,
          "visible": true
        },
        {
          "name": "left_ankle",
          "x": 222.59463500976562,
          "y": 411.8077392578125,
          "confidence": 0.9471068978309631,
          "visible": true
        },
        {
          "name": "right_ankle",
          "x": 228.63780212402344,
          "y": 407.43603515625,
          "confidence": 0.8588429093360901,
          "visible": true
        }
      ],
      "confidence_scores": [
        0.9536201357841492,
        0.9666778445243835,
        0.2527317702770233,
        0.9592607617378235,
        0.028621843084692955,
        0.9976206421852112,
        0.9304006695747375,
        0.9963178634643555,
        0.6625835299491882,
        0.9942821264266968,
        0.7911592125892639,
        0.9934425354003906,
        0.9674797058105469,
        0.99397212266922,
        0.9648658037185669,
        0.9471068978309631,
        0.8588429093360901
      ],
      "average_confidence": 0.8387639043743119
    },
    {
      "person_id": 1,
      "keypoints": [
        {
          "name": "nose",
          "x": 12.873771667480469,
          "y": 104.1985092163086,
          "confidence": 0.04578956589102745,
          "visible": false
        },
        {
          "name": "left_eye",
          "x": 10.452409744262695,
          "y": 95.65557861328125,
          "confidence": 0.017722032964229584,
          "visible": false
        },
        {
          "name": "right_eye",
          "x": 12.119073867797852,
          "y": 95.68711853027344,
          "confidence": 0.028522606939077377,
          "visible": false
        },
        {
          "name": "left_ear",
          "x": 6.18919563293457,
          "y": 92.79486083984375,
          "confidence": 0.0073432959616184235,
          "visible": false
        },
        {
          "name": "right_ear",
          "x": 7.003932952880859,
          "y": 93.01486206054688,
          "confidence": 0.024534452706575394,
          "visible": false
        },
        {
          "name": "left_shoulder",
          "x": 11.755014419555664,
          "y": 126.77057647705078,
          "confidence": 0.04009440541267395,
          "visible": false
        },
        {
          "name": "right_shoulder",
          "x": 8.296011924743652,
          "y": 125.53446197509766,
          "confidence": 0.015828313305974007,
          "visible": false
        },
        {
          "name": "left_elbow",
          "x": 17.972829818725586,
          "y": 144.84701538085938,
          "confidence": 0.07254569977521896,
          "visible": false
        },
        {
          "name": "right_elbow",
          "x": 19.7026309967041,
          "y": 145.09046936035156,
          "confidence": 0.027917897328734398,
          "visible": false
        },
        {
          "name": "left_wrist",
          "x": 12.677008628845215,
          "y": 118.24880981445312,
          "confidence": 0.13116566836833954,
          "visible": false
        },
        {
          "name": "right_wrist",
          "x": 15.756158828735352,
          "y": 117.62886047363281,
          "confidence": 0.07786355167627335,
          "visible": false
        },
        {
          "name": "left_hip",
          "x": 6.816554069519043,
          "y": 191.90103149414062,
          "confidence": 0.06843415647745132,
          "visible": false
        },
        {
          "name": "right_hip",
          "x": 3.2807626724243164,
          "y": 191.09634399414062,
          "confidence": 0.047546740621328354,
          "visible": false
        },
        {
          "name": "left_knee",
          "x": 9.362199783325195,
          "y": 289.6342468261719,
          "confidence": 0.1450556516647339,
          "visible": false
        },
        {
          "name": "right_knee",
          "x": 9.109386444091797,
          "y": 290.7548522949219,
          "confidence": 0.10410921275615692,
          "visible": false
        },
        {
          "name": "left_ankle",
          "x": 0.19308114051818848,
          "y": 399.8592529296875,
          "confidence": 0.06452551484107971,
          "visible": false
        },
        {
          "name": "right_ankle",
          "x": 0.0,
          "y": 402.7397766113281,
          "confidence": 0.04593846574425697,
          "visible": false
        }
      ],
      "confidence_scores": [
        0.04578956589102745,
        0.017722032964229584,
        0.028522606939077377,
        0.0073432959616184235,
        0.024534452706575394,
        0.04009440541267395,
        0.015828313305974007,
        0.07254569977521896,
        0.027917897328734398,
        0.13116566836833954,
        0.07786355167627335,
        0.06843415647745132,
        0.047546740621328354,
        0.1450556516647339,
        0.10410921275615692,
        0.06452551484107971,
        0.04593846574425697
      ],
      "average_confidence": 0.05676101367263233
    }
  ]
}