{
  "timestamp": "2025-11-03T15:14:25.490873",
  "image_shape": {
    "height": 480,
    "width": 640,
    "channels": 3
  },
  "num_persons_detected": 1,
  "persons": [
    {
      "person_id": 0,
      "keypoints": [
        {
          "name": "nose",
          "x": 214.46444702148438,
          "y": 101.59063720703125,
          "confidence": 0.973990797996521,
          "visible": true
        },
        {
          "name": "left_eye",
          "x": 221.5111083984375,
          "y": 90.97187805175781,
          "confidence": 0.9911810159683228,
          "visible": true
        },
        {
          "name": "right_eye",
          "x": 217.41551208496094,
          "y": 93.99168395996094,
          "confidence": 0.32885196805000305,
          "visible": false
        },
        {
          "name": "left_ear",
          "x": 254.05540466308594,
          "y": 95.99797058105469,
          "confidence": 0.9880253672599792,
          "visible": true
        },
        {
          "name": "right_ear",
          "x": 242.8737030029297,
          "y": 98.05625915527344,
          "confidence": 0.011232029646635056,
          "visible": false
        },
        {
          "name": "left_shoulder",
          "x": 299.6564025878906,
          "y": 143.62789916992188,
          "confidence": 0.9972237348556519,
          "visible": true
        },
        {
          "name": "right_shoulder",
          "x": 279.6562805175781,
          "y": 147.04380798339844,
          "confidence": 0.8653764724731445,
          "visible": true
        },
        {
          "name": "left_elbow",
          "x": 301.26904296875,
          "y": 223.6855010986328,
          "confidence": 0.9956945180892944,
          "visible": true
        },
        {
          "name": "right_elbow",
          "x": 276.57122802734375,
          "y": 224.46253967285156,
          "confidence": 0.4397330582141876,
          "visible": false
        },
        {
          "name": "left_wrist",
          "x": 207.1694793701172,
          "y": 249.45826721191406,
          "confidence": 0.995198667049408,
          "visible": true
        },
        {
          "name": "right_wrist",
          "x": 228.36141967773438,
          "y": 249.4703826904297,
          "confidence": 0.7198122143745422,
          "visible": true
        },
        {
          "name": "left_hip",
          "x": 322.4385681152344,
          "y": 273.2002868652344,
          "confidence": 0.9920136332511902,
          "visible": true
        },
        {
          "name": "right_hip",
          "x": 311.2787170410156,
          "y": 263.3777160644531,
          "confidence": 0.9467501640319824,
          "visible": true
        },
        {
          "name": "left_knee",
          "x": 202.71102905273438,
          "y": 280.15032958984375,
          "confidence": 0.9949946403503418,
          "visible": true
        },
        {
          "name": "right_knee",
          "x": 199.17091369628906,
          "y": 266.2577819824219,
          "confidence": 0.9617875218391418,
          "visible": true
        },
        {
          "name": "left_ankle",
          "x": 188.6868438720703,
          "y": 420.9837951660156,
          "confidence": 0.9641544222831726,
          "visible": true
        },
        {
          "name": "right_ankle",
          "x": 194.87564086914062,
          "y": 395.3228454589844,
          "confidence": 0.8903723359107971,
          "visible": true
        }
      ],
      "confidence_scores": [
        0.973990797996521,
        0.9911810159683228,
        0.32885196805000305,
        0.9880253672599792,
        0.011232029646635056,
        0.9972237348556519,
        0.8653764724731445,
        0.9956945180892944,
        0.4397330582141876,
        0.995198667049408,
        0.7198122143745422,
        0.9920136332511902,
        0.9467501640319824,
        0.9949946403503418,
        0.9617875218391418,
        0.9641544222831726,
        0.8903723359107971
      ],
      "average_confidence": 0.8268466212731951
    }
  ]
}