{
  "timestamp": "2025-11-03T15:17:29.321784",
  "image_shape": {
    "height": 480,
    "width": 640,
    "channels": 3
  },
  "num_persons_detected": 2,
  "persons": [
    {
      "person_id": 0,
      "keypoints": [
        {
          "name": "nose",
          "x": 297.9363098144531,
          "y": 51.93009948730469,
          "confidence": 0.9285507202148438,
          "visible": true
        },
        {
          "name": "left_eye",
          "x": 304.46795654296875,
          "y": 39.04801940917969,
          "confidence": 0.9646130800247192,
          "visible": true
        },
        {
          "name": "right_eye",
          "x": 298.6658935546875,
          "y": 41.26715087890625,
          "confidence": 0.20683318376541138,
          "visible": false
        },
        {
          "name": "left_ear",
          "x": 328.75286865234375,
          "y": 44.68145751953125,
          "confidence": 0.9583267569541931,
          "visible": true
        },
        {
          "name": "right_ear",
          "x": 317.77679443359375,
          "y": 46.487457275390625,
          "confidence": 0.02041597291827202,
          "visible": false
        },
        {
          "name": "left_shoulder",
          "x": 347.31292724609375,
          "y": 115.72186279296875,
          "confidence": 0.9928138852119446,
          "visible": true
        },
        {
          "name": "right_shoulder",
          "x": 343.25762939453125,
          "y": 107.40382385253906,
          "confidence": 0.8503634333610535,
          "visible": true
        },
        {
          "name": "left_elbow",
          "x": 322.078857421875,
          "y": 221.16744995117188,
          "confidence": 0.9928874373435974,
          "visible": true
        },
        {
          "name": "right_elbow",
          "x": 324.49127197265625,
          "y": 201.8571014404297,
          "confidence": 0.488168865442276,
          "visible": false
        },
        {
          "name": "left_wrist",
          "x": 238.61599731445312,
          "y": 242.0120391845703,
          "confidence": 0.9941306710243225,
          "visible": true
        },
        {
          "name": "right_wrist",
          "x": 262.07708740234375,
          "y": 232.17800903320312,
          "confidence": 0.7644275426864624,
          "visible": true
        },
        {
          "name": "left_hip",
          "x": 326.9600830078125,
          "y": 270.5093078613281,
          "confidence": 0.9848373532295227,
          "visible": true
        },
        {
          "name": "right_hip",
          "x": 325.5344543457031,
          "y": 256.29791259765625,
          "confidence": 0.9224881529808044,
          "visible": true
        },
        {
          "name": "left_knee",
          "x": 204.944580078125,
          "y": 275.6335754394531,
          "confidence": 0.9923362135887146,
          "visible": true
        },
        {
          "name": "right_knee",
          "x": 208.63462829589844,
          "y": 260.8125,
          "confidence": 0.9490933418273926,
          "visible": true
        },
        {
          "name": "left_ankle",
          "x": 198.05917358398438,
          "y": 413.7733154296875,
          "confidence": 0.9451780319213867,
          "visible": true
        },
        {
          "name": "right_ankle",
          "x": 200.519287109375,
          "y": 399.8515930175781,
          "confidence": 0.8413500189781189,
          "visible": true
        }
      ],
      "confidence_scores": [
        0.9285507202148438,
        0.9646130800247192,
        0.20683318376541138,
        0.9583267569541931,
        0.02041597291827202,
        0.9928138852119446,
        0.8503634333610535,
        0.9928874373435974,
        0.488168865442276,
        0.9941306710243225,
        0.7644275426864624,
        0.9848373532295227,
        0.9224881529808044,
        0.9923362135887146,
        0.9490933418273926,
        0.9451780319213867,
        0.8413500189781189
      ],
      "average_confidence": 0.8115773330278256
    },
    {
      "person_id": 1,
      "keypoints": [
        {
          "name": "nose",
          "x": 1.3181400299072266,
          "y": 0.0,
          "confidence": 0.0017140841810032725,
          "visible": false
        },
        {
          "name": "left_eye",
          "x": 0.0,
          "y": 0.0,
          "confidence": 0.0011698189191520214,
          "visible": false
        },
        {
          "name": "right_eye",
          "x": 2.0426859855651855,
          "y": 0.0,
          "confidence": 0.0002797150518745184,
          "visible": false
        },
        {
          "name": "left_ear",
          "x": 0.0,
          "y": 0.0,
          "confidence": 0.0030641553457826376,
          "visible": false
        },
        {
          "name": "right_ear",
          "x": 9.216655731201172,
          "y": 0.0,
          "confidence": 0.000671168090775609,
          "visible": false
        },
        {
          "name": "left_shoulder",
          "x": 19.114904403686523,
          "y": 0.0,
          "confidence": 0.0380319319665432,
          "visible": false
        },
        {
          "name": "right_shoulder",
          "x": 19.4642276763916,
          "y": 0.0,
          "confidence": 0.0017175473039969802,
          "visible": false
        },
        {
          "name": "left_elbow",
          "x": 45.050437927246094,
          "y": 44.979217529296875,
          "confidence": 0.4188651144504547,
          "visible": false
        },
        {
          "name": "right_elbow",
          "x": 45.117122650146484,
          "y": 48.04351806640625,
          "confidence": 0.010131067596375942,
          "visible": false
        },
        {
          "name": "left_wrist",
          "x": 2.6697769165039062,
          "y": 80.61543273925781,
          "confidence": 0.46915674209594727,
          "visible": false
        },
        {
          "name": "right_wrist",
          "x": 3.042646884918213,
          "y": 82.56443786621094,
          "confidence": 0.04219147190451622,
          "visible": false
        },
        {
          "name": "left_hip",
          "x": 8.957864761352539,
          "y": 176.1881103515625,
          "confidence": 0.38224512338638306,
          "visible": false
        },
        {
          "name": "right_hip",
          "x": 7.7392120361328125,
          "y": 172.21875,
          "confidence": 0.11842069029808044,
          "visible": false
        },
        {
          "name": "left_knee",
          "x": 0.0,
          "y": 316.53839111328125,
          "confidence": 0.2447129487991333,
          "visible": false
        },
        {
          "name": "right_knee",
          "x": 2.9658851623535156,
          "y": 311.0163879394531,
          "confidence": 0.06870077550411224,
          "visible": false
        },
        {
          "name": "left_ankle",
          "x": 4.532386779785156,
          "y": 421.18634033203125,
          "confidence": 0.04021747410297394,
          "visible": false
        },
        {
          "name": "right_ankle",
          "x": 4.677613735198975,
          "y": 413.6468505859375,
          "confidence": 0.014081609435379505,
          "visible": false
        }
      ],
      "confidence_scores": [
        0.0017140841810032725,
        0.0011698189191520214,
        0.0002797150518745184,
        0.0030641553457826376,
        0.000671168090775609,
        0.0380319319665432,
        0.0017175473039969802,
        0.4188651144504547,
        0.010131067596375942,
        0.46915674209594727,
        0.04219147190451622,
        0.38224512338638306,
        0.11842069029808044,
        0.2447129487991333,
        0.06870077550411224,
        0.04021747410297394,
        0.014081609435379505
      ],
      "average_confidence": 0.10913949637838147
    }
  ]
}