{
  "timestamp": "2025-11-03T15:13:40.258763",
  "image_shape": {
    "height": 480,
    "width": 640,
    "channels": 3
  },
  "num_persons_detected": 1,
  "persons": [
    {
      "person_id": 0,
      "keypoints": [
        {
          "name": "nose",
          "x": 357.913330078125,
          "y": 68.24522399902344,
          "confidence": 0.9411467909812927,
          "visible": true
        },
        {
          "name": "left_eye",
          "x": 366.6094970703125,
          "y": 57.45036315917969,
          "confidence": 0.9660521149635315,
          "visible": true
        },
        {
          "name": "right_eye",
          "x": 359.35406494140625,
          "y": 59.35856628417969,
          "confidence": 0.20840881764888763,
          "visible": false
        },
        {
          "name": "left_ear",
          "x": 387.7919921875,
          "y": 68.55973815917969,
          "confidence": 0.9676583409309387,
          "visible": true
        },
        {
          "name": "right_ear",
          "x": 376.50006103515625,
          "y": 71.24032592773438,
          "confidence": 0.036600347608327866,
          "visible": false
        },
        {
          "name": "left_shoulder",
          "x": 376.5854187011719,
          "y": 135.3257598876953,
          "confidence": 0.9982206225395203,
          "visible": true
        },
        {
          "name": "right_shoulder",
          "x": 395.07525634765625,
          "y": 135.25259399414062,
          "confidence": 0.9337014555931091,
          "visible": true
        },
        {
          "name": "left_elbow",
          "x": 297.0594787597656,
          "y": 205.56741333007812,
          "confidence": 0.9972932934761047,
          "visible": true
        },
        {
          "name": "right_elbow",
          "x": 326.8920593261719,
          "y": 211.34515380859375,
          "confidence": 0.5855669975280762,
          "visible": true
        },
        {
          "name": "left_wrist",
          "x": 204.28961181640625,
          "y": 249.6060028076172,
          "confidence": 0.9937198162078857,
          "visible": true
        },
        {
          "name": "right_wrist",
          "x": 230.4466552734375,
          "y": 241.88186645507812,
          "confidence": 0.710128128528595,
          "visible": true
        },
        {
          "name": "left_hip",
          "x": 301.17706298828125,
          "y": 281.9302978515625,
          "confidence": 0.9976735711097717,
          "visible": true
        },
        {
          "name": "right_hip",
          "x": 311.89556884765625,
          "y": 267.4332275390625,
          "confidence": 0.9837897419929504,
          "visible": true
        },
        {
          "name": "left_knee",
          "x": 164.47845458984375,
          "y": 304.7615051269531,
          "confidence": 0.9972165822982788,
          "visible": true
        },
        {
          "name": "right_knee",
          "x": 183.60284423828125,
          "y": 297.6997375488281,
          "confidence": 0.9762291312217712,
          "visible": true
        },
        {
          "name": "left_ankle",
          "x": 108.1949462890625,
          "y": 399.8006286621094,
          "confidence": 0.974816083908081,
          "visible": true
        },
        {
          "name": "right_ankle",
          "x": 105.92359924316406,
          "y": 393.916259765625,
          "confidence": 0.9052828550338745,
          "visible": true
        }
      ],
      "confidence_scores": [
        0.9411467909812927,
        0.9660521149635315,
        0.20840881764888763,
        0.9676583409309387,
        0.036600347608327866,
        0.9982206225395203,
        0.9337014555931091,
        0.9972932934761047,
        0.5855669975280762,
        0.9937198162078857,
        0.710128128528595,
        0.9976735711097717,
        0.9837897419929504,
        0.9972165822982788,
        0.9762291312217712,
        0.974816083908081,
        0.9052828550338745
      ],
      "average_confidence": 0.8337355700924116
    }
  ]
}