{
  "timestamp": "2025-11-03T15:17:32.283168",
  "image_shape": {
    "height": 480,
    "width": 640,
    "channels": 3
  },
  "num_persons_detected": 2,
  "persons": [
    {
      "person_id": 0,
      "keypoints": [
        {
          "name": "nose",
          "x": 302.6307067871094,
          "y": 45.35810852050781,
          "confidence": 0.9547180533409119,
          "visible": true
        },
        {
          "name": "left_eye",
          "x": 312.2194519042969,
          "y": 33.349273681640625,
          "confidence": 0.9749647974967957,
          "visible": true
        },
        {
          "name": "right_eye",
          "x": 301.49774169921875,
          "y": 34.25666809082031,
          "confidence": 0.3673827052116394,
          "visible": false
        },
        {
          "name": "left_ear",
          "x": 337.0848083496094,
          "y": 41.54551696777344,
          "confidence": 0.9460418820381165,
          "visible": true
        },
        {
          "name": "right_ear",
          "x": 312.28228759765625,
          "y": 40.791229248046875,
          "confidence": 0.02555011957883835,
          "visible": false
        },
        {
          "name": "left_shoulder",
          "x": 352.301025390625,
          "y": 108.92857360839844,
          "confidence": 0.9903146624565125,
          "visible": true
        },
        {
          "name": "right_shoulder",
          "x": 328.46533203125,
          "y": 101.55326843261719,
          "confidence": 0.8685249090194702,
          "visible": true
        },
        {
          "name": "left_elbow",
          "x": 327.7679138183594,
          "y": 209.61981201171875,
          "confidence": 0.990683913230896,
          "visible": true
        },
        {
          "name": "right_elbow",
          "x": 307.17523193359375,
          "y": 194.95321655273438,
          "confidence": 0.5703128576278687,
          "visible": true
        },
        {
          "name": "left_wrist",
          "x": 247.6420135498047,
          "y": 237.93719482421875,
          "confidence": 0.9934397339820862,
          "visible": true
        },
        {
          "name": "right_wrist",
          "x": 259.7987365722656,
          "y": 230.9302215576172,
          "confidence": 0.8158361315727234,
          "visible": true
        },
        {
          "name": "left_hip",
          "x": 330.07720947265625,
          "y": 259.15057373046875,
          "confidence": 0.9867588877677917,
          "visible": true
        },
        {
          "name": "right_hip",
          "x": 315.7119140625,
          "y": 245.82339477539062,
          "confidence": 0.9442034959793091,
          "visible": true
        },
        {
          "name": "left_knee",
          "x": 205.64425659179688,
          "y": 277.74114990234375,
          "confidence": 0.9932475090026855,
          "visible": true
        },
        {
          "name": "right_knee",
          "x": 201.2907257080078,
          "y": 263.073486328125,
          "confidence": 0.9625851511955261,
          "visible": true
        },
        {
          "name": "left_ankle",
          "x": 197.4373321533203,
          "y": 416.162109375,
          "confidence": 0.9522562623023987,
          "visible": true
        },
        {
          "name": "right_ankle",
          "x": 198.67039489746094,
          "y": 399.5620422363281,
          "confidence": 0.8742499351501465,
          "visible": true
        }
      ],
      "confidence_scores": [
        0.9547180533409119,
        0.9749647974967957,
        0.3673827052116394,
        0.9460418820381165,
        0.02555011957883835,
        0.9903146624565125,
        0.8685249090194702,
        0.990683913230896,
        0.5703128576278687,
        0.9934397339820862,
        0.8158361315727234,
        0.9867588877677917,
        0.9442034959793091,
        0.9932475090026855,
        0.9625851511955261,
        0.9522562623023987,
        0.8742499351501465
      ],
      "average_confidence": 0.8359453533502186
    },
    {
      "person_id": 1,
      "keypoints": [
        {
          "name": "nose",
          "x": 2.9892425537109375,
          "y": 0.0,
          "confidence": 0.0019297795370221138,
          "visible": false
        },
        {
          "name": "left_eye",
          "x": 0.0,
          "y": 0.0,
          "confidence": 0.001314039807766676,
          "visible": false
        },
        {
          "name": "right_eye",
          "x": 3.9608006477355957,
          "y": 0.0,
          "confidence": 0.0003094480198342353,
          "visible": false
        },
        {
          "name": "left_ear",
          "x": 1.4666481018066406,
          "y": 0.0,
          "confidence": 0.0027974650729447603,
          "visible": false
        },
        {
          "name": "right_ear",
          "x": 10.695430755615234,
          "y": 0.0,
          "confidence": 0.0005992916412651539,
          "visible": false
        },
        {
          "name": "left_shoulder",
          "x": 19.296161651611328,
          "y": 0.0,
          "confidence": 0.03469022363424301,
          "visible": false
        },
        {
          "name": "right_shoulder",
          "x": 19.592079162597656,
          "y": 0.0,
          "confidence": 0.0014493003254756331,
          "visible": false
        },
        {
          "name": "left_elbow",
          "x": 43.03520202636719,
          "y": 42.7921142578125,
          "confidence": 0.42879748344421387,
          "visible": false
        },
        {
          "name": "right_elbow",
          "x": 43.3841667175293,
          "y": 45.25885009765625,
          "confidence": 0.009661593474447727,
          "visible": false
        },
        {
          "name": "left_wrist",
          "x": 3.886566162109375,
          "y": 77.48091125488281,
          "confidence": 0.4996635913848877,
          "visible": false
        },
        {
          "name": "right_wrist",
          "x": 4.3191351890563965,
          "y": 78.10340881347656,
          "confidence": 0.04474586248397827,
          "visible": false
        },
        {
          "name": "left_hip",
          "x": 8.738927841186523,
          "y": 172.3369140625,
          "confidence": 0.368226021528244,
          "visible": false
        },
        {
          "name": "right_hip",
          "x": 7.458361625671387,
          "y": 168.43161010742188,
          "confidence": 0.10788978636264801,
          "visible": false
        },
        {
          "name": "left_knee",
          "x": 0.0,
          "y": 314.2418212890625,
          "confidence": 0.2508116066455841,
          "visible": false
        },
        {
          "name": "right_knee",
          "x": 4.06651496887207,
          "y": 308.91119384765625,
          "confidence": 0.06808439642190933,
          "visible": false
        },
        {
          "name": "left_ankle",
          "x": 3.5921621322631836,
          "y": 424.78369140625,
          "confidence": 0.041074950248003006,
          "visible": false
        },
        {
          "name": "right_ankle",
          "x": 3.427290916442871,
          "y": 417.06536865234375,
          "confidence": 0.013987893238663673,
          "visible": false
        }
      ],
      "confidence_scores": [
        0.0019297795370221138,
        0.001314039807766676,
        0.0003094480198342353,
        0.0027974650729447603,
        0.0005992916412651539,
        0.03469022363424301,
        0.0014493003254756331,
        0.42879748344421387,
        0.009661593474447727,
        0.4996635913848877,
        0.04474586248397827,
        0.368226021528244,
        0.10788978636264801,
        0.2508116066455841,
        0.06808439642190933,
        0.041074950248003006,
        0.013987893238663673
      ],
      "average_confidence": 0.11035486666300773
    }
  ]
}