{
  "timestamp": "2025-11-03T15:15:52.147215",
  "image_shape": {
    "height": 480,
    "width": 640,
    "channels": 3
  },
  "num_persons_detected": 1,
  "persons": [
    {
      "person_id": 0,
      "keypoints": [
        {
          "name": "nose",
          "x": 195.29837036132812,
          "y": 120.4599609375,
          "confidence": 0.9736285209655762,
          "visible": true
        },
        {
          "name": "left_eye",
          "x": 198.1003875732422,
          "y": 108.66732788085938,
          "confidence": 0.9919623732566833,
          "visible": true
        },
        {
          "name": "right_eye",
          "x": 195.76263427734375,
          "y": 110.16806030273438,
          "confidence": 0.2729158401489258,
          "visible": false
        },
        {
          "name": "left_ear",
          "x": 225.9930877685547,
          "y": 104.69830322265625,
          "confidence": 0.9888385534286499,
          "visible": true
        },
        {
          "name": "right_ear",
          "x": 221.7870635986328,
          "y": 105.2615966796875,
          "confidence": 0.010730338282883167,
          "visible": false
        },
        {
          "name": "left_shoulder",
          "x": 272.1320495605469,
          "y": 152.59701538085938,
          "confidence": 0.9974441528320312,
          "visible": true
        },
        {
          "name": "right_shoulder",
          "x": 274.9292297363281,
          "y": 142.98526000976562,
          "confidence": 0.8981699347496033,
          "visible": true
        },
        {
          "name": "left_elbow",
          "x": 243.96876525878906,
          "y": 245.0978240966797,
          "confidence": 0.9956197142601013,
          "visible": true
        },
        {
          "name": "right_elbow",
          "x": 246.26174926757812,
          "y": 222.675048828125,
          "confidence": 0.5273990631103516,
          "visible": true
        },
        {
          "name": "left_wrist",
          "x": 172.37371826171875,
          "y": 236.63800048828125,
          "confidence": 0.9941363334655762,
          "visible": true
        },
        {
          "name": "right_wrist",
          "x": 184.029052734375,
          "y": 238.30946350097656,
          "confidence": 0.7687068581581116,
          "visible": true
        },
        {
          "name": "left_hip",
          "x": 329.572509765625,
          "y": 279.2582092285156,
          "confidence": 0.9937121868133545,
          "visible": true
        },
        {
          "name": "right_hip",
          "x": 332.7558288574219,
          "y": 266.9790954589844,
          "confidence": 0.965003252029419,
          "visible": true
        },
        {
          "name": "left_knee",
          "x": 203.69798278808594,
          "y": 283.020263671875,
          "confidence": 0.9973044395446777,
          "visible": true
        },
        {
          "name": "right_knee",
          "x": 209.90313720703125,
          "y": 264.7855224609375,
          "confidence": 0.9824295043945312,
          "visible": true
        },
        {
          "name": "left_ankle",
          "x": 182.40199279785156,
          "y": 418.908203125,
          "confidence": 0.982542872428894,
          "visible": true
        },
        {
          "name": "right_ankle",
          "x": 182.6057586669922,
          "y": 400.8114318847656,
          "confidence": 0.9523583054542542,
          "visible": true
        }
      ],
      "confidence_scores": [
        0.9736285209655762,
        0.9919623732566833,
        0.2729158401489258,
        0.9888385534286499,
        0.010730338282883167,
        0.9974441528320312,
        0.8981699347496033,
        0.9956197142601013,
        0.5273990631103516,
        0.9941363334655762,
        0.7687068581581116,
        0.9937121868133545,
        0.965003252029419,
        0.9973044395446777,
        0.9824295043945312,
        0.982542872428894,
        0.9523583054542542
      ],
      "average_confidence": 0.840758955489625
    }
  ]
}