{
  "timestamp": "2025-11-03T15:15:01.110426",
  "image_shape": {
    "height": 480,
    "width": 640,
    "channels": 3
  },
  "num_persons_detected": 1,
  "persons": [
    {
      "person_id": 0,
      "keypoints": [
        {
          "name": "nose",
          "x": 217.17340087890625,
          "y": 107.21229553222656,
          "confidence": 0.981940507888794,
          "visible": true
        },
        {
          "name": "left_eye",
          "x": 228.49085998535156,
          "y": 93.64903259277344,
          "confidence": 0.990988552570343,
          "visible": true
        },
        {
          "name": "right_eye",
          "x": 213.6295928955078,
          "y": 97.69120788574219,
          "confidence": 0.5719912052154541,
          "visible": true
        },
        {
          "name": "left_ear",
          "x": 258.7648010253906,
          "y": 97.65576171875,
          "confidence": 0.9787737727165222,
          "visible": true
        },
        {
          "name": "right_ear",
          "x": 222.19009399414062,
          "y": 101.56649780273438,
          "confidence": 0.030865337699651718,
          "visible": false
        },
        {
          "name": "left_shoulder",
          "x": 284.3430480957031,
          "y": 154.30599975585938,
          "confidence": 0.9920778870582581,
          "visible": true
        },
        {
          "name": "right_shoulder",
          "x": 263.0343322753906,
          "y": 147.86199951171875,
          "confidence": 0.9209861755371094,
          "visible": true
        },
        {
          "name": "left_elbow",
          "x": 263.99951171875,
          "y": 254.75067138671875,
          "confidence": 0.9882348775863647,
          "visible": true
        },
        {
          "name": "right_elbow",
          "x": 250.56747436523438,
          "y": 225.67562866210938,
          "confidence": 0.6007264852523804,
          "visible": true
        },
        {
          "name": "left_wrist",
          "x": 183.4368133544922,
          "y": 265.5694885253906,
          "confidence": 0.9900583624839783,
          "visible": true
        },
        {
          "name": "right_wrist",
          "x": 197.3824005126953,
          "y": 259.5941467285156,
          "confidence": 0.8010112047195435,
          "visible": true
        },
        {
          "name": "left_hip",
          "x": 333.21917724609375,
          "y": 283.4252014160156,
          "confidence": 0.9782655835151672,
          "visible": true
        },
        {
          "name": "right_hip",
          "x": 319.5090637207031,
          "y": 273.4678039550781,
          "confidence": 0.9303867816925049,
          "visible": true
        },
        {
          "name": "left_knee",
          "x": 206.08717346191406,
          "y": 300.36053466796875,
          "confidence": 0.9826632738113403,
          "visible": true
        },
        {
          "name": "right_knee",
          "x": 203.20370483398438,
          "y": 285.0244445800781,
          "confidence": 0.923894464969635,
          "visible": true
        },
        {
          "name": "left_ankle",
          "x": 288.57421875,
          "y": 413.5487060546875,
          "confidence": 0.881280243396759,
          "visible": true
        },
        {
          "name": "right_ankle",
          "x": 279.0229797363281,
          "y": 402.924072265625,
          "confidence": 0.7605776190757751,
          "visible": true
        }
      ],
      "confidence_scores": [
        0.981940507888794,
        0.990988552570343,
        0.5719912052154541,
        0.9787737727165222,
        0.030865337699651718,
        0.9920778870582581,
        0.9209861755371094,
        0.9882348775863647,
        0.6007264852523804,
        0.9900583624839783,
        0.8010112047195435,
        0.9782655835151672,
        0.9303867816925049,
        0.9826632738113403,
        0.923894464969635,
        0.881280243396759,
        0.7605776190757751
      ],
      "average_confidence": 0.8414542550111518
    }
  ]
}