{
  "timestamp": "2025-11-03T15:17:54.100877",
  "image_shape": {
    "height": 480,
    "width": 640,
    "channels": 3
  },
  "num_persons_detected": 1,
  "persons": [
    {
      "person_id": 0,
      "keypoints": [
        {
          "name": "nose",
          "x": 347.19146728515625,
          "y": 138.4976806640625,
          "confidence": 0.9783477783203125,
          "visible": true
        },
        {
          "name": "left_eye",
          "x": 360.7842102050781,
          "y": 131.29156494140625,
          "confidence": 0.9794524908065796,
          "visible": true
        },
        {
          "name": "right_eye",
          "x": 351.36907958984375,
          "y": 130.574951171875,
          "confidence": 0.48807331919670105,
          "visible": false
        },
        {
          "name": "left_ear",
          "x": 389.80218505859375,
          "y": 146.27894592285156,
          "confidence": 0.9552006125450134,
          "visible": true
        },
        {
          "name": "right_ear",
          "x": 363.0041198730469,
          "y": 142.357177734375,
          "confidence": 0.027893617749214172,
          "visible": false
        },
        {
          "name": "left_shoulder",
          "x": 378.93243408203125,
          "y": 199.9539031982422,
          "confidence": 0.9964079260826111,
          "visible": true
        },
        {
          "name": "right_shoulder",
          "x": 347.2524719238281,
          "y": 179.29299926757812,
          "confidence": 0.9527238011360168,
          "visible": true
        },
        {
          "name": "left_elbow",
          "x": 334.6656494140625,
          "y": 258.45062255859375,
          "confidence": 0.9960206151008606,
          "visible": true
        },
        {
          "name": "right_elbow",
          "x": 305.08477783203125,
          "y": 212.60427856445312,
          "confidence": 0.8430532217025757,
          "visible": true
        },
        {
          "name": "left_wrist",
          "x": 283.9917297363281,
          "y": 199.13766479492188,
          "confidence": 0.9967083930969238,
          "visible": true
        },
        {
          "name": "right_wrist",
          "x": 296.4798583984375,
          "y": 162.4379119873047,
          "confidence": 0.8986652493476868,
          "visible": true
        },
        {
          "name": "left_hip",
          "x": 255.4252166748047,
          "y": 286.8918151855469,
          "confidence": 0.9921964406967163,
          "visible": true
        },
        {
          "name": "right_hip",
          "x": 233.09616088867188,
          "y": 263.1361083984375,
          "confidence": 0.9678640961647034,
          "visible": true
        },
        {
          "name": "left_knee",
          "x": 86.32330322265625,
          "y": 282.10626220703125,
          "confidence": 0.9907978773117065,
          "visible": true
        },
        {
          "name": "right_knee",
          "x": 88.3768310546875,
          "y": 264.57806396484375,
          "confidence": 0.9489109516143799,
          "visible": true
        },
        {
          "name": "left_ankle",
          "x": 92.70329284667969,
          "y": 398.10650634765625,
          "confidence": 0.9036882519721985,
          "visible": true
        },
        {
          "name": "right_ankle",
          "x": 102.15797424316406,
          "y": 391.14166259765625,
          "confidence": 0.7481570243835449,
          "visible": true
        }
      ],
      "confidence_scores": [
        0.9783477783203125,
        0.9794524908065796,
        0.48807331919670105,
        0.9552006125450134,
        0.027893617749214172,
        0.9964079260826111,
        0.9527238011360168,
        0.9960206151008606,
        0.8430532217025757,
        0.9967083930969238,
        0.8986652493476868,
        0.9921964406967163,
        0.9678640961647034,
        0.9907978773117065,
        0.9489109516143799,
        0.9036882519721985,
        0.7481570243835449
      ],
      "average_confidence": 0.8625977451310438
    }
  ]
}