{
  "timestamp": "2025-11-03T15:18:26.722317",
  "image_shape": {
    "height": 480,
    "width": 640,
    "channels": 3
  },
  "num_persons_detected": 2,
  "persons": [
    {
      "person_id": 0,
      "keypoints": [
        {
          "name": "nose",
          "x": 346.1289978027344,
          "y": 98.0498046875,
          "confidence": 0.9830953478813171,
          "visible": true
        },
        {
          "name": "left_eye",
          "x": 357.83984375,
          "y": 87.38179016113281,
          "confidence": 0.9881824851036072,
          "visible": true
        },
        {
          "name": "right_eye",
          "x": 346.7404479980469,
          "y": 88.10861206054688,
          "confidence": 0.5454028248786926,
          "visible": true
        },
        {
          "name": "left_ear",
          "x": 385.26336669921875,
          "y": 97.24296569824219,
          "confidence": 0.9689860343933105,
          "visible": true
        },
        {
          "name": "right_ear",
          "x": 360.4695129394531,
          "y": 96.24960327148438,
          "confidence": 0.033610858023166656,
          "visible": false
        },
        {
          "name": "left_shoulder",
          "x": 385.6650390625,
          "y": 154.9892578125,
          "confidence": 0.996154248714447,
          "visible": true
        },
        {
          "name": "right_shoulder",
          "x": 374.6964416503906,
          "y": 147.72052001953125,
          "confidence": 0.9365812540054321,
          "visible": true
        },
        {
          "name": "left_elbow",
          "x": 347.39105224609375,
          "y": 228.7395782470703,
          "confidence": 0.9960393905639648,
          "visible": true
        },
        {
          "name": "right_elbow",
          "x": 340.7389831542969,
          "y": 215.90206909179688,
          "confidence": 0.7269077897071838,
          "visible": true
        },
        {
          "name": "left_wrist",
          "x": 262.47900390625,
          "y": 232.766357421875,
          "confidence": 0.9963942170143127,
          "visible": true
        },
        {
          "name": "right_wrist",
          "x": 277.0186462402344,
          "y": 225.65744018554688,
          "confidence": 0.8719578981399536,
          "visible": true
        },
        {
          "name": "left_hip",
          "x": 328.47967529296875,
          "y": 290.1509704589844,
          "confidence": 0.9903344511985779,
          "visible": true
        },
        {
          "name": "right_hip",
          "x": 321.1080322265625,
          "y": 273.546630859375,
          "confidence": 0.9563297629356384,
          "visible": true
        },
        {
          "name": "left_knee",
          "x": 191.58958435058594,
          "y": 287.1298828125,
          "confidence": 0.9906851649284363,
          "visible": true
        },
        {
          "name": "right_knee",
          "x": 196.79074096679688,
          "y": 271.296630859375,
          "confidence": 0.9448316097259521,
          "visible": true
        },
        {
          "name": "left_ankle",
          "x": 203.62808227539062,
          "y": 416.10101318359375,
          "confidence": 0.9189806580543518,
          "visible": true
        },
        {
          "name": "right_ankle",
          "x": 204.0267333984375,
          "y": 400.7740173339844,
          "confidence": 0.7837157249450684,
          "visible": true
        }
      ],
      "confidence_scores": [
        0.9830953478813171,
        0.9881824851036072,
        0.5454028248786926,
        0.9689860343933105,
        0.033610858023166656,
        0.996154248714447,
        0.9365812540054321,
        0.9960393905639648,
        0.7269077897071838,
        0.9963942170143127,
        0.8719578981399536,
        0.9903344511985779,
        0.9563297629356384,
        0.9906851649284363,
        0.9448316097259521,
        0.9189806580543518,
        0.7837157249450684
      ],
      "average_confidence": 0.8604817482478478
    },
    {
      "person_id": 1,
      "keypoints": [
        {
          "name": "nose",
          "x": 4.2140679359436035,
          "y": 84.70741271972656,
          "confidence": 0.2649807929992676,
          "visible": false
        },
        {
          "name": "left_eye",
          "x": 5.832242965698242,
          "y": 75.9862060546875,
          "confidence": 0.26146823167800903,
          "visible": false
        },
        {
          "name": "right_eye",
          "x": 2.0477004051208496,
          "y": 75.6231689453125,
          "confidence": 0.09392261505126953,
          "visible": false
        },
        {
          "name": "left_ear",
          "x": 11.013100624084473,
          "y": 76.42127990722656,
          "confidence": 0.13679268956184387,
          "visible": false
        },
        {
          "name": "right_ear",
          "x": 2.4931676387786865,
          "y": 75.29112243652344,
          "confidence": 0.03295496478676796,
          "visible": false
        },
        {
          "name": "left_shoulder",
          "x": 15.75168228149414,
          "y": 115.12065124511719,
          "confidence": 0.28408926725387573,
          "visible": false
        },
        {
          "name": "right_shoulder",
          "x": 8.642118453979492,
          "y": 111.2564697265625,
          "confidence": 0.03323929384350777,
          "visible": false
        },
        {
          "name": "left_elbow",
          "x": 17.30128288269043,
          "y": 138.73512268066406,
          "confidence": 0.3168642520904541,
          "visible": false
        },
        {
          "name": "right_elbow",
          "x": 16.471790313720703,
          "y": 134.59715270996094,
          "confidence": 0.020047295838594437,
          "visible": false
        },
        {
          "name": "left_wrist",
          "x": 11.326311111450195,
          "y": 122.69598388671875,
          "confidence": 0.32177191972732544,
          "visible": false
        },
        {
          "name": "right_wrist",
          "x": 11.67547607421875,
          "y": 116.68927001953125,
          "confidence": 0.051975857466459274,
          "visible": false
        },
        {
          "name": "left_hip",
          "x": 6.757019996643066,
          "y": 207.18698120117188,
          "confidence": 0.12736521661281586,
          "visible": false
        },
        {
          "name": "right_hip",
          "x": 1.6328551769256592,
          "y": 205.34571838378906,
          "confidence": 0.042858924716711044,
          "visible": false
        },
        {
          "name": "left_knee",
          "x": 5.446835517883301,
          "y": 288.97479248046875,
          "confidence": 0.23759669065475464,
          "visible": false
        },
        {
          "name": "right_knee",
          "x": 3.478454113006592,
          "y": 289.5131530761719,
          "confidence": 0.09395603090524673,
          "visible": false
        },
        {
          "name": "left_ankle",
          "x": 0.5622110366821289,
          "y": 403.3501892089844,
          "confidence": 0.11784965544939041,
          "visible": false
        },
        {
          "name": "right_ankle",
          "x": 0.0,
          "y": 405.5821228027344,
          "confidence": 0.0571606308221817,
          "visible": false
        }
      ],
      "confidence_scores": [
        0.2649807929992676,
        0.26146823167800903,
        0.09392261505126953,
        0.13679268956184387,
        0.03295496478676796,
        0.28408926725387573,
        0.03323929384350777,
        0.3168642520904541,
        0.020047295838594437,
        0.32177191972732544,
        0.051975857466459274,
        0.12736521661281586,
        0.042858924716711044,
        0.23759669065475464,
        0.09395603090524673,
        0.11784965544939041,
        0.0571606308221817
      ],
      "average_confidence": 0.14675848996814558
    }
  ]
}