{
  "timestamp": "2025-11-03T15:17:25.756335",
  "image_shape": {
    "height": 480,
    "width": 640,
    "channels": 3
  },
  "num_persons_detected": 1,
  "persons": [
    {
      "person_id": 0,
      "keypoints": [
        {
          "name": "nose",
          "x": 304.8032531738281,
          "y": 49.51823425292969,
          "confidence": 0.9806995987892151,
          "visible": true
        },
        {
          "name": "left_eye",
          "x": 312.3165283203125,
          "y": 36.10710144042969,
          "confidence": 0.9913359880447388,
          "visible": true
        },
        {
          "name": "right_eye",
          "x": 303.54388427734375,
          "y": 37.43072509765625,
          "confidence": 0.425105482339859,
          "visible": false
        },
        {
          "name": "left_ear",
          "x": 339.0833740234375,
          "y": 40.66304016113281,
          "confidence": 0.9813589453697205,
          "visible": true
        },
        {
          "name": "right_ear",
          "x": 319.9930114746094,
          "y": 41.857666015625,
          "confidence": 0.018390163779258728,
          "visible": false
        },
        {
          "name": "left_shoulder",
          "x": 358.1779479980469,
          "y": 112.43197631835938,
          "confidence": 0.9969826340675354,
          "visible": true
        },
        {
          "name": "right_shoulder",
          "x": 347.4119567871094,
          "y": 105.2587890625,
          "confidence": 0.8828387260437012,
          "visible": true
        },
        {
          "name": "left_elbow",
          "x": 332.579833984375,
          "y": 223.71173095703125,
          "confidence": 0.9955547451972961,
          "visible": true
        },
        {
          "name": "right_elbow",
          "x": 321.6626281738281,
          "y": 208.767578125,
          "confidence": 0.4706563651561737,
          "visible": false
        },
        {
          "name": "left_wrist",
          "x": 244.30661010742188,
          "y": 242.0358123779297,
          "confidence": 0.9945114850997925,
          "visible": true
        },
        {
          "name": "right_wrist",
          "x": 259.114990234375,
          "y": 234.93788146972656,
          "confidence": 0.7205542325973511,
          "visible": true
        },
        {
          "name": "left_hip",
          "x": 332.8619079589844,
          "y": 273.2982177734375,
          "confidence": 0.988655686378479,
          "visible": true
        },
        {
          "name": "right_hip",
          "x": 327.0964660644531,
          "y": 258.4961242675781,
          "confidence": 0.930208683013916,
          "visible": true
        },
        {
          "name": "left_knee",
          "x": 207.5262451171875,
          "y": 274.6248779296875,
          "confidence": 0.9935082197189331,
          "visible": true
        },
        {
          "name": "right_knee",
          "x": 214.93801879882812,
          "y": 257.9482727050781,
          "confidence": 0.9514679908752441,
          "visible": true
        },
        {
          "name": "left_ankle",
          "x": 206.2258758544922,
          "y": 412.87249755859375,
          "confidence": 0.9534292221069336,
          "visible": true
        },
        {
          "name": "right_ankle",
          "x": 209.44857788085938,
          "y": 396.0515441894531,
          "confidence": 0.8544174432754517,
          "visible": true
        }
      ],
      "confidence_scores": [
        0.9806995987892151,
        0.9913359880447388,
        0.425105482339859,
        0.9813589453697205,
        0.018390163779258728,
        0.9969826340675354,
        0.8828387260437012,
        0.9955547451972961,
        0.4706563651561737,
        0.9945114850997925,
        0.7205542325973511,
        0.988655686378479,
        0.930208683013916,
        0.9935082197189331,
        0.9514679908752441,
        0.9534292221069336,
        0.8544174432754517
      ],
      "average_confidence": 0.8311573889325646
    }
  ]
}