{
  "timestamp": "2025-11-03T15:18:55.255237",
  "image_shape": {
    "height": 480,
    "width": 640,
    "channels": 3
  },
  "num_persons_detected": 1,
  "persons": [
    {
      "person_id": 0,
      "keypoints": [
        {
          "name": "nose",
          "x": 297.23590087890625,
          "y": 45.46601867675781,
          "confidence": 0.9824321866035461,
          "visible": true
        },
        {
          "name": "left_eye",
          "x": 307.3920593261719,
          "y": 32.8665771484375,
          "confidence": 0.9896663427352905,
          "visible": true
        },
        {
          "name": "right_eye",
          "x": 298.0119323730469,
          "y": 33.03999328613281,
          "confidence": 0.44536399841308594,
          "visible": false
        },
        {
          "name": "left_ear",
          "x": 335.493408203125,
          "y": 44.897064208984375,
          "confidence": 0.9760802984237671,
          "visible": true
        },
        {
          "name": "right_ear",
          "x": 312.8576354980469,
          "y": 42.44221496582031,
          "confidence": 0.01780709996819496,
          "visible": false
        },
        {
          "name": "left_shoulder",
          "x": 354.03314208984375,
          "y": 123.50309753417969,
          "confidence": 0.996740996837616,
          "visible": true
        },
        {
          "name": "right_shoulder",
          "x": 331.39495849609375,
          "y": 114.25265502929688,
          "confidence": 0.9332150816917419,
          "visible": true
        },
        {
          "name": "left_elbow",
          "x": 344.5529479980469,
          "y": 230.8603515625,
          "confidence": 0.9967723488807678,
          "visible": true
        },
        {
          "name": "right_elbow",
          "x": 312.89617919921875,
          "y": 213.85665893554688,
          "confidence": 0.7154772877693176,
          "visible": true
        },
        {
          "name": "left_wrist",
          "x": 260.26739501953125,
          "y": 239.22457885742188,
          "confidence": 0.9979223608970642,
          "visible": true
        },
        {
          "name": "right_wrist",
          "x": 256.0671691894531,
          "y": 234.83238220214844,
          "confidence": 0.9021915793418884,
          "visible": true
        },
        {
          "name": "left_hip",
          "x": 326.79632568359375,
          "y": 279.6685485839844,
          "confidence": 0.9920247793197632,
          "visible": true
        },
        {
          "name": "right_hip",
          "x": 313.69451904296875,
          "y": 262.547119140625,
          "confidence": 0.9620791673660278,
          "visible": true
        },
        {
          "name": "left_knee",
          "x": 177.2823028564453,
          "y": 281.4206848144531,
          "confidence": 0.9952840209007263,
          "visible": true
        },
        {
          "name": "right_knee",
          "x": 176.70335388183594,
          "y": 260.4945068359375,
          "confidence": 0.9691498279571533,
          "visible": true
        },
        {
          "name": "left_ankle",
          "x": 194.6348876953125,
          "y": 427.4246826171875,
          "confidence": 0.9512060284614563,
          "visible": true
        },
        {
          "name": "right_ankle",
          "x": 199.35385131835938,
          "y": 401.62567138671875,
          "confidence": 0.8610471487045288,
          "visible": true
        }
      ],
      "confidence_scores": [
        0.9824321866035461,
        0.9896663427352905,
        0.44536399841308594,
        0.9760802984237671,
        0.01780709996819496,
        0.996740996837616,
        0.9332150816917419,
        0.9967723488807678,
        0.7154772877693176,
        0.9979223608970642,
        0.9021915793418884,
        0.9920247793197632,
        0.9620791673660278,
        0.9952840209007263,
        0.9691498279571533,
        0.9512060284614563,
        0.8610471487045288
      ],
      "average_confidence": 0.8637917973101139
    }
  ]
}