{
  "timestamp": "2025-11-03T15:12:53.207603",
  "image_shape": {
    "height": 480,
    "width": 640,
    "channels": 3
  },
  "num_persons_detected": 1,
  "persons": [
    {
      "person_id": 0,
      "keypoints": [
        {
          "name": "nose",
          "x": 131.09033203125,
          "y": 164.2558135986328,
          "confidence": 0.8927088379859924,
          "visible": true
        },
        {
          "name": "left_eye",
          "x": 131.6859893798828,
          "y": 151.4422607421875,
          "confidence": 0.9510378837585449,
          "visible": true
        },
        {
          "name": "right_eye",
          "x": 129.7611846923828,
          "y": 157.8905029296875,
          "confidence": 0.1499532014131546,
          "visible": false
        },
        {
          "name": "left_ear",
          "x": 157.9497833251953,
          "y": 143.87753295898438,
          "confidence": 0.9545528888702393,
          "visible": true
        },
        {
          "name": "right_ear",
          "x": 150.41436767578125,
          "y": 157.83935546875,
          "confidence": 0.00841587409377098,
          "visible": false
        },
        {
          "name": "left_shoulder",
          "x": 232.7115478515625,
          "y": 166.84332275390625,
          "confidence": 0.9895081520080566,
          "visible": true
        },
        {
          "name": "right_shoulder",
          "x": 216.26406860351562,
          "y": 186.25772094726562,
          "confidence": 0.815577507019043,
          "visible": true
        },
        {
          "name": "left_elbow",
          "x": 291.0796203613281,
          "y": 222.10227966308594,
          "confidence": 0.9859829545021057,
          "visible": true
        },
        {
          "name": "right_elbow",
          "x": 247.38462829589844,
          "y": 245.19960021972656,
          "confidence": 0.5693703889846802,
          "visible": true
        },
        {
          "name": "left_wrist",
          "x": 226.03245544433594,
          "y": 246.65509033203125,
          "confidence": 0.9840940833091736,
          "visible": true
        },
        {
          "name": "right_wrist",
          "x": 213.26878356933594,
          "y": 260.422607421875,
          "confidence": 0.7430007457733154,
          "visible": true
        },
        {
          "name": "left_hip",
          "x": 313.0052795410156,
          "y": 273.73583984375,
          "confidence": 0.985771656036377,
          "visible": true
        },
        {
          "name": "right_hip",
          "x": 301.8238830566406,
          "y": 270.91009521484375,
          "confidence": 0.953071117401123,
          "visible": true
        },
        {
          "name": "left_knee",
          "x": 188.11920166015625,
          "y": 280.21392822265625,
          "confidence": 0.9906496405601501,
          "visible": true
        },
        {
          "name": "right_knee",
          "x": 184.8111572265625,
          "y": 271.08685302734375,
          "confidence": 0.9654541611671448,
          "visible": true
        },
        {
          "name": "left_ankle",
          "x": 195.90113830566406,
          "y": 413.3682861328125,
          "confidence": 0.9485403299331665,
          "visible": true
        },
        {
          "name": "right_ankle",
          "x": 193.99136352539062,
          "y": 392.5995788574219,
          "confidence": 0.9016452431678772,
          "visible": true
        }
      ],
      "confidence_scores": [
        0.8927088379859924,
        0.9510378837585449,
        0.1499532014131546,
        0.9545528888702393,
        0.00841587409377098,
        0.9895081520080566,
        0.815577507019043,
        0.9859829545021057,
        0.5693703889846802,
        0.9840940833091736,
        0.7430007457733154,
        0.985771656036377,
        0.953071117401123,
        0.9906496405601501,
        0.9654541611671448,
        0.9485403299331665,
        0.9016452431678772
      ],
      "average_confidence": 0.8111373332931715
    }
  ]
}