{
  "timestamp": "2025-11-03T15:17:51.014604",
  "image_shape": {
    "height": 480,
    "width": 640,
    "channels": 3
  },
  "num_persons_detected": 1,
  "persons": [
    {
      "person_id": 0,
      "keypoints": [
        {
          "name": "nose",
          "x": 353.7135009765625,
          "y": 129.7676544189453,
          "confidence": 0.9713271856307983,
          "visible": true
        },
        {
          "name": "left_eye",
          "x": 365.625,
          "y": 120.09735107421875,
          "confidence": 0.9733922481536865,
          "visible": true
        },
        {
          "name": "right_eye",
          "x": 357.69036865234375,
          "y": 121.61972045898438,
          "confidence": 0.3904549777507782,
          "visible": false
        },
        {
          "name": "left_ear",
          "x": 394.763671875,
          "y": 132.0400390625,
          "confidence": 0.9586246609687805,
          "visible": true
        },
        {
          "name": "right_ear",
          "x": 372.59149169921875,
          "y": 132.6552276611328,
          "confidence": 0.029128072783350945,
          "visible": false
        },
        {
          "name": "left_shoulder",
          "x": 387.8376770019531,
          "y": 196.42117309570312,
          "confidence": 0.9965726137161255,
          "visible": true
        },
        {
          "name": "right_shoulder",
          "x": 361.88653564453125,
          "y": 176.3311767578125,
          "confidence": 0.9580473303794861,
          "visible": true
        },
        {
          "name": "left_elbow",
          "x": 329.1351623535156,
          "y": 267.2513122558594,
          "confidence": 0.9950311183929443,
          "visible": true
        },
        {
          "name": "right_elbow",
          "x": 302.8315124511719,
          "y": 226.41749572753906,
          "confidence": 0.8114582896232605,
          "visible": true
        },
        {
          "name": "left_wrist",
          "x": 278.5111389160156,
          "y": 206.94247436523438,
          "confidence": 0.9958149790763855,
          "visible": true
        },
        {
          "name": "right_wrist",
          "x": 262.3099060058594,
          "y": 195.16600036621094,
          "confidence": 0.8810808658599854,
          "visible": true
        },
        {
          "name": "left_hip",
          "x": 261.94622802734375,
          "y": 291.7449035644531,
          "confidence": 0.9911892414093018,
          "visible": true
        },
        {
          "name": "right_hip",
          "x": 244.31964111328125,
          "y": 267.5189514160156,
          "confidence": 0.9661586880683899,
          "visible": true
        },
        {
          "name": "left_knee",
          "x": 87.73910522460938,
          "y": 279.96063232421875,
          "confidence": 0.9913808703422546,
          "visible": true
        },
        {
          "name": "right_knee",
          "x": 94.38494873046875,
          "y": 264.6025695800781,
          "confidence": 0.9546367526054382,
          "visible": true
        },
        {
          "name": "left_ankle",
          "x": 92.07797241210938,
          "y": 390.0953369140625,
          "confidence": 0.9147511124610901,
          "visible": true
        },
        {
          "name": "right_ankle",
          "x": 104.5879898071289,
          "y": 395.492919921875,
          "confidence": 0.7787395119667053,
          "visible": true
        }
      ],
      "confidence_scores": [
        0.9713271856307983,
        0.9733922481536865,
        0.3904549777507782,
        0.9586246609687805,
        0.029128072783350945,
        0.9965726137161255,
        0.9580473303794861,
        0.9950311183929443,
        0.8114582896232605,
        0.9958149790763855,
        0.8810808658599854,
        0.9911892414093018,
        0.9661586880683899,
        0.9913808703422546,
        0.9546367526054382,
        0.9147511124610901,
        0.7787395119667053
      ],
      "average_confidence": 0.8563405011287507
    }
  ]
}