{
  "timestamp": "2025-11-03T15:12:56.867158",
  "image_shape": {
    "height": 480,
    "width": 640,
    "channels": 3
  },
  "num_persons_detected": 1,
  "persons": [
    {
      "person_id": 0,
      "keypoints": [
        {
          "name": "nose",
          "x": 175.09869384765625,
          "y": 126.20986938476562,
          "confidence": 0.9742609858512878,
          "visible": true
        },
        {
          "name": "left_eye",
          "x": 178.964111328125,
          "y": 112.71578979492188,
          "confidence": 0.9929764866828918,
          "visible": true
        },
        {
          "name": "right_eye",
          "x": 171.48678588867188,
          "y": 116.31085205078125,
          "confidence": 0.3732392191886902,
          "visible": false
        },
        {
          "name": "left_ear",
          "x": 205.64805603027344,
          "y": 105.87202453613281,
          "confidence": 0.9898894429206848,
          "visible": true
        },
        {
          "name": "right_ear",
          "x": 187.44778442382812,
          "y": 112.69949340820312,
          "confidence": 0.009699271060526371,
          "visible": false
        },
        {
          "name": "left_shoulder",
          "x": 266.3714294433594,
          "y": 146.33139038085938,
          "confidence": 0.9958046078681946,
          "visible": true
        },
        {
          "name": "right_shoulder",
          "x": 244.4772491455078,
          "y": 148.90859985351562,
          "confidence": 0.8209441900253296,
          "visible": true
        },
        {
          "name": "left_elbow",
          "x": 299.4964294433594,
          "y": 233.90377807617188,
          "confidence": 0.9906745553016663,
          "visible": true
        },
        {
          "name": "right_elbow",
          "x": 259.9933776855469,
          "y": 226.24874877929688,
          "confidence": 0.342131644487381,
          "visible": false
        },
        {
          "name": "left_wrist",
          "x": 218.6268768310547,
          "y": 248.24267578125,
          "confidence": 0.9891007542610168,
          "visible": true
        },
        {
          "name": "right_wrist",
          "x": 221.5118408203125,
          "y": 249.18035888671875,
          "confidence": 0.5973225235939026,
          "visible": true
        },
        {
          "name": "left_hip",
          "x": 317.2994079589844,
          "y": 273.547119140625,
          "confidence": 0.9867932200431824,
          "visible": true
        },
        {
          "name": "right_hip",
          "x": 305.22467041015625,
          "y": 263.9341735839844,
          "confidence": 0.9277122616767883,
          "visible": true
        },
        {
          "name": "left_knee",
          "x": 190.45468139648438,
          "y": 284.12567138671875,
          "confidence": 0.994635283946991,
          "visible": true
        },
        {
          "name": "right_knee",
          "x": 186.74859619140625,
          "y": 266.5602111816406,
          "confidence": 0.9661915898323059,
          "visible": true
        },
        {
          "name": "left_ankle",
          "x": 188.655517578125,
          "y": 420.2197265625,
          "confidence": 0.9736078381538391,
          "visible": true
        },
        {
          "name": "right_ankle",
          "x": 191.95730590820312,
          "y": 397.38726806640625,
          "confidence": 0.9285954236984253,
          "visible": true
        }
      ],
      "confidence_scores": [
        0.9742609858512878,
        0.9929764866828918,
        0.3732392191886902,
        0.9898894429206848,
        0.009699271060526371,
        0.9958046078681946,
        0.8209441900253296,
        0.9906745553016663,
        0.342131644487381,
        0.9891007542610168,
        0.5973225235939026,
        0.9867932200431824,
        0.9277122616767883,
        0.994635283946991,
        0.9661915898323059,
        0.9736078381538391,
        0.9285954236984253
      ],
      "average_confidence": 0.8149164293290061
    }
  ]
}