{
  "timestamp": "2025-11-03T15:18:44.124650",
  "image_shape": {
    "height": 480,
    "width": 640,
    "channels": 3
  },
  "num_persons_detected": 1,
  "persons": [
    {
      "person_id": 0,
      "keypoints": [
        {
          "name": "nose",
          "x": 311.22119140625,
          "y": 76.19149780273438,
          "confidence": 0.9640979766845703,
          "visible": true
        },
        {
          "name": "left_eye",
          "x": 316.04315185546875,
          "y": 61.56733703613281,
          "confidence": 0.981208086013794,
          "visible": true
        },
        {
          "name": "right_eye",
          "x": 310.1726379394531,
          "y": 62.42512512207031,
          "confidence": 0.21224971115589142,
          "visible": false
        },
        {
          "name": "left_ear",
          "x": 342.01507568359375,
          "y": 63.58317565917969,
          "confidence": 0.970350444316864,
          "visible": true
        },
        {
          "name": "right_ear",
          "x": 328.4759521484375,
          "y": 63.17115783691406,
          "confidence": 0.017924251034855843,
          "visible": false
        },
        {
          "name": "left_shoulder",
          "x": 369.44744873046875,
          "y": 148.16229248046875,
          "confidence": 0.9992173910140991,
          "visible": true
        },
        {
          "name": "right_shoulder",
          "x": 369.40936279296875,
          "y": 142.80618286132812,
          "confidence": 0.950253427028656,
          "visible": true
        },
        {
          "name": "left_elbow",
          "x": 344.2856750488281,
          "y": 230.86907958984375,
          "confidence": 0.9974973797798157,
          "visible": true
        },
        {
          "name": "right_elbow",
          "x": 333.2319030761719,
          "y": 231.84739685058594,
          "confidence": 0.6312411427497864,
          "visible": true
        },
        {
          "name": "left_wrist",
          "x": 275.3178405761719,
          "y": 236.2692108154297,
          "confidence": 0.9950207471847534,
          "visible": true
        },
        {
          "name": "right_wrist",
          "x": 266.92138671875,
          "y": 233.81214904785156,
          "confidence": 0.7786492109298706,
          "visible": true
        },
        {
          "name": "left_hip",
          "x": 331.76885986328125,
          "y": 288.28759765625,
          "confidence": 0.9973105192184448,
          "visible": true
        },
        {
          "name": "right_hip",
          "x": 332.5576171875,
          "y": 271.64837646484375,
          "confidence": 0.9806286096572876,
          "visible": true
        },
        {
          "name": "left_knee",
          "x": 190.22463989257812,
          "y": 286.4389953613281,
          "confidence": 0.9944007992744446,
          "visible": true
        },
        {
          "name": "right_knee",
          "x": 199.2053680419922,
          "y": 272.34100341796875,
          "confidence": 0.9570859670639038,
          "visible": true
        },
        {
          "name": "left_ankle",
          "x": 59.90447998046875,
          "y": 316.4456481933594,
          "confidence": 0.9531391263008118,
          "visible": true
        },
        {
          "name": "right_ankle",
          "x": 60.47850036621094,
          "y": 300.5204162597656,
          "confidence": 0.849393367767334,
          "visible": true
        }
      ],
      "confidence_scores": [
        0.9640979766845703,
        0.981208086013794,
        0.21224971115589142,
        0.970350444316864,
        0.017924251034855843,
        0.9992173910140991,
        0.950253427028656,
        0.9974973797798157,
        0.6312411427497864,
        0.9950207471847534,
        0.7786492109298706,
        0.9973105192184448,
        0.9806286096572876,
        0.9944007992744446,
        0.9570859670639038,
        0.9531391263008118,
        0.849393367767334
      ],
      "average_confidence": 0.8370393033632461
    }
  ]
}