{
  "timestamp": "2025-11-03T15:17:39.556028",
  "image_shape": {
    "height": 480,
    "width": 640,
    "channels": 3
  },
  "num_persons_detected": 1,
  "persons": [
    {
      "person_id": 0,
      "keypoints": [
        {
          "name": "nose",
          "x": 168.11257934570312,
          "y": 240.68954467773438,
          "confidence": 0.8757299780845642,
          "visible": true
        },
        {
          "name": "left_eye",
          "x": 161.65069580078125,
          "y": 228.951904296875,
          "confidence": 0.9243025183677673,
          "visible": true
        },
        {
          "name": "right_eye",
          "x": 163.6715087890625,
          "y": 232.06106567382812,
          "confidence": 0.1579669564962387,
          "visible": false
        },
        {
          "name": "left_ear",
          "x": 170.813232421875,
          "y": 204.65667724609375,
          "confidence": 0.8259283900260925,
          "visible": true
        },
        {
          "name": "right_ear",
          "x": 170.07876586914062,
          "y": 213.30889892578125,
          "confidence": 0.0109205711632967,
          "visible": false
        },
        {
          "name": "left_shoulder",
          "x": 239.73512268066406,
          "y": 197.7092742919922,
          "confidence": 0.9888091683387756,
          "visible": true
        },
        {
          "name": "right_shoulder",
          "x": 234.5615997314453,
          "y": 210.50732421875,
          "confidence": 0.504355251789093,
          "visible": true
        },
        {
          "name": "left_elbow",
          "x": 310.0387268066406,
          "y": 239.9946746826172,
          "confidence": 0.9875606894493103,
          "visible": true
        },
        {
          "name": "right_elbow",
          "x": 257.5167236328125,
          "y": 262.7669982910156,
          "confidence": 0.21193835139274597,
          "visible": false
        },
        {
          "name": "left_wrist",
          "x": 241.50860595703125,
          "y": 245.96530151367188,
          "confidence": 0.9848324656486511,
          "visible": true
        },
        {
          "name": "right_wrist",
          "x": 242.25320434570312,
          "y": 272.2804260253906,
          "confidence": 0.49633854627609253,
          "visible": false
        },
        {
          "name": "left_hip",
          "x": 333.45001220703125,
          "y": 273.2298889160156,
          "confidence": 0.9774833917617798,
          "visible": true
        },
        {
          "name": "right_hip",
          "x": 332.29150390625,
          "y": 269.55340576171875,
          "confidence": 0.8573772311210632,
          "visible": true
        },
        {
          "name": "left_knee",
          "x": 193.36117553710938,
          "y": 280.6619873046875,
          "confidence": 0.9925550818443298,
          "visible": true
        },
        {
          "name": "right_knee",
          "x": 199.82810974121094,
          "y": 266.4621887207031,
          "confidence": 0.9407314658164978,
          "visible": true
        },
        {
          "name": "left_ankle",
          "x": 199.55770874023438,
          "y": 419.6084899902344,
          "confidence": 0.9663460850715637,
          "visible": true
        },
        {
          "name": "right_ankle",
          "x": 200.4996795654297,
          "y": 392.7812805175781,
          "confidence": 0.8847975134849548,
          "visible": true
        }
      ],
      "confidence_scores": [
        0.8757299780845642,
        0.9243025183677673,
        0.1579669564962387,
        0.8259283900260925,
        0.0109205711632967,
        0.9888091683387756,
        0.504355251789093,
        0.9875606894493103,
        0.21193835139274597,
        0.9848324656486511,
        0.49633854627609253,
        0.9774833917617798,
        0.8573772311210632,
        0.9925550818443298,
        0.9407314658164978,
        0.9663460850715637,
        0.8847975134849548
      ],
      "average_confidence": 0.7404690385960481
    }
  ]
}