{
  "timestamp": "2025-11-03T15:15:25.073997",
  "image_shape": {
    "height": 480,
    "width": 640,
    "channels": 3
  },
  "num_persons_detected": 1,
  "persons": [
    {
      "person_id": 0,
      "keypoints": [
        {
          "name": "nose",
          "x": 359.55108642578125,
          "y": 164.43701171875,
          "confidence": 0.974098265171051,
          "visible": true
        },
        {
          "name": "left_eye",
          "x": 376.7159729003906,
          "y": 160.78512573242188,
          "confidence": 0.9672307968139648,
          "visible": true
        },
        {
          "name": "right_eye",
          "x": 364.30230712890625,
          "y": 158.2302703857422,
          "confidence": 0.7074715495109558,
          "visible": true
        },
        {
          "name": "left_ear",
          "x": 403.8560485839844,
          "y": 184.52706909179688,
          "confidence": 0.9191410541534424,
          "visible": true
        },
        {
          "name": "right_ear",
          "x": 369.3251953125,
          "y": 176.82354736328125,
          "confidence": 0.11829224228858948,
          "visible": false
        },
        {
          "name": "left_shoulder",
          "x": 373.9598388671875,
          "y": 232.9811248779297,
          "confidence": 0.9885385632514954,
          "visible": true
        },
        {
          "name": "right_shoulder",
          "x": 340.6750183105469,
          "y": 215.82725524902344,
          "confidence": 0.9605881571769714,
          "visible": true
        },
        {
          "name": "left_elbow",
          "x": 291.0224609375,
          "y": 246.140380859375,
          "confidence": 0.9639031291007996,
          "visible": true
        },
        {
          "name": "right_elbow",
          "x": 278.52288818359375,
          "y": 222.78521728515625,
          "confidence": 0.7925888299942017,
          "visible": true
        },
        {
          "name": "left_wrist",
          "x": 238.46588134765625,
          "y": 220.18032836914062,
          "confidence": 0.9601362943649292,
          "visible": true
        },
        {
          "name": "right_wrist",
          "x": 267.90625,
          "y": 219.13453674316406,
          "confidence": 0.7750298380851746,
          "visible": true
        },
        {
          "name": "left_hip",
          "x": 230.65472412109375,
          "y": 286.57781982421875,
          "confidence": 0.9846168756484985,
          "visible": true
        },
        {
          "name": "right_hip",
          "x": 205.34568786621094,
          "y": 263.80853271484375,
          "confidence": 0.9687750935554504,
          "visible": true
        },
        {
          "name": "left_knee",
          "x": 72.71934509277344,
          "y": 290.8999328613281,
          "confidence": 0.9828113913536072,
          "visible": true
        },
        {
          "name": "right_knee",
          "x": 69.53094482421875,
          "y": 276.7835388183594,
          "confidence": 0.9528314471244812,
          "visible": true
        },
        {
          "name": "left_ankle",
          "x": 61.83314514160156,
          "y": 382.05450439453125,
          "confidence": 0.9166944026947021,
          "visible": true
        },
        {
          "name": "right_ankle",
          "x": 70.02091979980469,
          "y": 378.9746398925781,
          "confidence": 0.8414077162742615,
          "visible": true
        }
      ],
      "confidence_scores": [
        0.974098265171051,
        0.9672307968139648,
        0.7074715495109558,
        0.9191410541534424,
        0.11829224228858948,
        0.9885385632514954,
        0.9605881571769714,
        0.9639031291007996,
        0.7925888299942017,
        0.9601362943649292,
        0.7750298380851746,
        0.9846168756484985,
        0.9687750935554504,
        0.9828113913536072,
        0.9528314471244812,
        0.9166944026947021,
        0.8414077162742615
      ],
      "average_confidence": 0.8690679792095634
    }
  ]
}