{
  "timestamp": "2025-11-03T15:16:25.753183",
  "image_shape": {
    "height": 480,
    "width": 640,
    "channels": 3
  },
  "num_persons_detected": 1,
  "persons": [
    {
      "person_id": 0,
      "keypoints": [
        {
          "name": "nose",
          "x": 153.35513305664062,
          "y": 110.34182739257812,
          "confidence": 0.9689434170722961,
          "visible": true
        },
        {
          "name": "left_eye",
          "x": 157.8916015625,
          "y": 100.0390625,
          "confidence": 0.9904621243476868,
          "visible": true
        },
        {
          "name": "right_eye",
          "x": 155.24119567871094,
          "y": 101.0098876953125,
          "confidence": 0.2194698005914688,
          "visible": false
        },
        {
          "name": "left_ear",
          "x": 186.2758026123047,
          "y": 103.93672180175781,
          "confidence": 0.9902887344360352,
          "visible": true
        },
        {
          "name": "right_ear",
          "x": 183.04063415527344,
          "y": 102.57440185546875,
          "confidence": 0.01032931823283434,
          "visible": false
        },
        {
          "name": "left_shoulder",
          "x": 227.54220581054688,
          "y": 156.07269287109375,
          "confidence": 0.9988504648208618,
          "visible": true
        },
        {
          "name": "right_shoulder",
          "x": 232.91336059570312,
          "y": 148.35317993164062,
          "confidence": 0.9054401516914368,
          "visible": true
        },
        {
          "name": "left_elbow",
          "x": 210.82859802246094,
          "y": 243.22210693359375,
          "confidence": 0.997994065284729,
          "visible": true
        },
        {
          "name": "right_elbow",
          "x": 208.22572326660156,
          "y": 229.44155883789062,
          "confidence": 0.5401608347892761,
          "visible": true
        },
        {
          "name": "left_wrist",
          "x": 127.25758361816406,
          "y": 255.06488037109375,
          "confidence": 0.9965471625328064,
          "visible": true
        },
        {
          "name": "right_wrist",
          "x": 139.11972045898438,
          "y": 255.83993530273438,
          "confidence": 0.7698496580123901,
          "visible": true
        },
        {
          "name": "left_hip",
          "x": 257.533203125,
          "y": 277.1332702636719,
          "confidence": 0.9973155856132507,
          "visible": true
        },
        {
          "name": "right_hip",
          "x": 263.18829345703125,
          "y": 263.51080322265625,
          "confidence": 0.97853022813797,
          "visible": true
        },
        {
          "name": "left_knee",
          "x": 144.73138427734375,
          "y": 298.7572937011719,
          "confidence": 0.9974818825721741,
          "visible": true
        },
        {
          "name": "right_knee",
          "x": 153.57122802734375,
          "y": 278.9415283203125,
          "confidence": 0.9787952303886414,
          "visible": true
        },
        {
          "name": "left_ankle",
          "x": 81.9554214477539,
          "y": 416.35003662109375,
          "confidence": 0.9767961502075195,
          "visible": true
        },
        {
          "name": "right_ankle",
          "x": 83.04672241210938,
          "y": 389.4397277832031,
          "confidence": 0.9251099824905396,
          "visible": true
        }
      ],
      "confidence_scores": [
        0.9689434170722961,
        0.9904621243476868,
        0.2194698005914688,
        0.9902887344360352,
        0.01032931823283434,
        0.9988504648208618,
        0.9054401516914368,
        0.997994065284729,
        0.5401608347892761,
        0.9965471625328064,
        0.7698496580123901,
        0.9973155856132507,
        0.97853022813797,
        0.9974818825721741,
        0.9787952303886414,
        0.9767961502075195,
        0.9251099824905396
      ],
      "average_confidence": 0.8377861641895246
    }
  ]
}