{
  "timestamp": "2025-11-03T15:14:47.716737",
  "image_shape": {
    "height": 480,
    "width": 640,
    "channels": 3
  },
  "num_persons_detected": 1,
  "persons": [
    {
      "person_id": 0,
      "keypoints": [
        {
          "name": "nose",
          "x": 219.0784149169922,
          "y": 127.62710571289062,
          "confidence": 0.9725000858306885,
          "visible": true
        },
        {
          "name": "left_eye",
          "x": 221.34429931640625,
          "y": 116.48281860351562,
          "confidence": 0.9902385473251343,
          "visible": true
        },
        {
          "name": "right_eye",
          "x": 221.55316162109375,
          "y": 117.66304016113281,
          "confidence": 0.23289050161838531,
          "visible": false
        },
        {
          "name": "left_ear",
          "x": 250.81764221191406,
          "y": 110.37185668945312,
          "confidence": 0.9854721426963806,
          "visible": true
        },
        {
          "name": "right_ear",
          "x": 252.42340087890625,
          "y": 110.24539184570312,
          "confidence": 0.008769703097641468,
          "visible": false
        },
        {
          "name": "left_shoulder",
          "x": 287.8114929199219,
          "y": 154.27825927734375,
          "confidence": 0.9971217513084412,
          "visible": true
        },
        {
          "name": "right_shoulder",
          "x": 303.3769836425781,
          "y": 144.32818603515625,
          "confidence": 0.8940262198448181,
          "visible": true
        },
        {
          "name": "left_elbow",
          "x": 262.4947814941406,
          "y": 240.99990844726562,
          "confidence": 0.9970378875732422,
          "visible": true
        },
        {
          "name": "right_elbow",
          "x": 277.33782958984375,
          "y": 217.8566131591797,
          "confidence": 0.6019666790962219,
          "visible": true
        },
        {
          "name": "left_wrist",
          "x": 190.793212890625,
          "y": 227.7217254638672,
          "confidence": 0.9970748424530029,
          "visible": true
        },
        {
          "name": "right_wrist",
          "x": 203.55490112304688,
          "y": 218.6070098876953,
          "confidence": 0.8482716679573059,
          "visible": true
        },
        {
          "name": "left_hip",
          "x": 321.4695129394531,
          "y": 283.2283630371094,
          "confidence": 0.9934185743331909,
          "visible": true
        },
        {
          "name": "right_hip",
          "x": 332.8993835449219,
          "y": 269.7945861816406,
          "confidence": 0.9614378809928894,
          "visible": true
        },
        {
          "name": "left_knee",
          "x": 201.41445922851562,
          "y": 277.9671936035156,
          "confidence": 0.9970704317092896,
          "visible": true
        },
        {
          "name": "right_knee",
          "x": 213.22164916992188,
          "y": 260.41656494140625,
          "confidence": 0.9797015190124512,
          "visible": true
        },
        {
          "name": "left_ankle",
          "x": 190.39892578125,
          "y": 417.4248962402344,
          "confidence": 0.9779640436172485,
          "visible": true
        },
        {
          "name": "right_ankle",
          "x": 190.5308074951172,
          "y": 398.0195617675781,
          "confidence": 0.9372535943984985,
          "visible": true
        }
      ],
      "confidence_scores": [
        0.9725000858306885,
        0.9902385473251343,
        0.23289050161838531,
        0.9854721426963806,
        0.008769703097641468,
        0.9971217513084412,
        0.8940262198448181,
        0.9970378875732422,
        0.6019666790962219,
        0.9970748424530029,
        0.8482716679573059,
        0.9934185743331909,
        0.9614378809928894,
        0.9970704317092896,
        0.9797015190124512,
        0.9779640436172485,
        0.9372535943984985
      ],
      "average_confidence": 0.8454244748744018
    }
  ]
}