{
  "timestamp": "2025-11-03T15:15:48.803046",
  "image_shape": {
    "height": 480,
    "width": 640,
    "channels": 3
  },
  "num_persons_detected": 1,
  "persons": [
    {
      "person_id": 0,
      "keypoints": [
        {
          "name": "nose",
          "x": 226.46432495117188,
          "y": 207.35549926757812,
          "confidence": 0.8189366459846497,
          "visible": true
        },
        {
          "name": "left_eye",
          "x": 218.88589477539062,
          "y": 195.34153747558594,
          "confidence": 0.8620042204856873,
          "visible": true
        },
        {
          "name": "right_eye",
          "x": 219.78887939453125,
          "y": 197.5878448486328,
          "confidence": 0.08024932444095612,
          "visible": false
        },
        {
          "name": "left_ear",
          "x": 231.72216796875,
          "y": 161.91505432128906,
          "confidence": 0.8843570947647095,
          "visible": true
        },
        {
          "name": "right_ear",
          "x": 233.26951599121094,
          "y": 171.78750610351562,
          "confidence": 0.015030913054943085,
          "visible": false
        },
        {
          "name": "left_shoulder",
          "x": 289.21099853515625,
          "y": 164.75987243652344,
          "confidence": 0.9937877655029297,
          "visible": true
        },
        {
          "name": "right_shoulder",
          "x": 284.77410888671875,
          "y": 159.38360595703125,
          "confidence": 0.8854368329048157,
          "visible": true
        },
        {
          "name": "left_elbow",
          "x": 275.5504150390625,
          "y": 249.1025390625,
          "confidence": 0.9938318729400635,
          "visible": true
        },
        {
          "name": "right_elbow",
          "x": 257.7474060058594,
          "y": 225.95884704589844,
          "confidence": 0.7079149484634399,
          "visible": true
        },
        {
          "name": "left_wrist",
          "x": 199.3575439453125,
          "y": 242.36068725585938,
          "confidence": 0.9907442927360535,
          "visible": true
        },
        {
          "name": "right_wrist",
          "x": 195.8140411376953,
          "y": 244.28517150878906,
          "confidence": 0.8237002491950989,
          "visible": true
        },
        {
          "name": "left_hip",
          "x": 328.4264831542969,
          "y": 276.6455993652344,
          "confidence": 0.9950750470161438,
          "visible": true
        },
        {
          "name": "right_hip",
          "x": 328.40966796875,
          "y": 266.1640319824219,
          "confidence": 0.980410635471344,
          "visible": true
        },
        {
          "name": "left_knee",
          "x": 203.46328735351562,
          "y": 290.53155517578125,
          "confidence": 0.996147871017456,
          "visible": true
        },
        {
          "name": "right_knee",
          "x": 208.3925018310547,
          "y": 277.0256042480469,
          "confidence": 0.9823159575462341,
          "visible": true
        },
        {
          "name": "left_ankle",
          "x": 177.2093963623047,
          "y": 414.5180358886719,
          "confidence": 0.9692054390907288,
          "visible": true
        },
        {
          "name": "right_ankle",
          "x": 182.1634521484375,
          "y": 412.88909912109375,
          "confidence": 0.9291583895683289,
          "visible": true
        }
      ],
      "confidence_scores": [
        0.8189366459846497,
        0.8620042204856873,
        0.08024932444095612,
        0.8843570947647095,
        0.015030913054943085,
        0.9937877655029297,
        0.8854368329048157,
        0.9938318729400635,
        0.7079149484634399,
        0.9907442927360535,
        0.8237002491950989,
        0.9950750470161438,
        0.980410635471344,
        0.996147871017456,
        0.9823159575462341,
        0.9692054390907288,
        0.9291583895683289
      ],
      "average_confidence": 0.8181357353049166
    }
  ]
}