{
  "timestamp": "2025-11-03T15:16:46.614345",
  "image_shape": {
    "height": 480,
    "width": 640,
    "channels": 3
  },
  "num_persons_detected": 1,
  "persons": [
    {
      "person_id": 0,
      "keypoints": [
        {
          "name": "nose",
          "x": 254.37374877929688,
          "y": 89.71888732910156,
          "confidence": 0.9632670283317566,
          "visible": true
        },
        {
          "name": "left_eye",
          "x": 260.4366455078125,
          "y": 78.10577392578125,
          "confidence": 0.9820037484169006,
          "visible": true
        },
        {
          "name": "right_eye",
          "x": 256.8715515136719,
          "y": 81.63259887695312,
          "confidence": 0.31662389636039734,
          "visible": false
        },
        {
          "name": "left_ear",
          "x": 289.04754638671875,
          "y": 82.42536926269531,
          "confidence": 0.9846364259719849,
          "visible": true
        },
        {
          "name": "right_ear",
          "x": 280.67584228515625,
          "y": 86.00852966308594,
          "confidence": 0.029715558513998985,
          "visible": false
        },
        {
          "name": "left_shoulder",
          "x": 326.90240478515625,
          "y": 143.50112915039062,
          "confidence": 0.9975903034210205,
          "visible": true
        },
        {
          "name": "right_shoulder",
          "x": 306.1310119628906,
          "y": 137.42218017578125,
          "confidence": 0.9528055787086487,
          "visible": true
        },
        {
          "name": "left_elbow",
          "x": 320.1020812988281,
          "y": 249.5293731689453,
          "confidence": 0.9945355653762817,
          "visible": true
        },
        {
          "name": "right_elbow",
          "x": 289.121337890625,
          "y": 217.11410522460938,
          "confidence": 0.6643691062927246,
          "visible": true
        },
        {
          "name": "left_wrist",
          "x": 255.51385498046875,
          "y": 315.9389343261719,
          "confidence": 0.9926232099533081,
          "visible": true
        },
        {
          "name": "right_wrist",
          "x": 239.55606079101562,
          "y": 248.77655029296875,
          "confidence": 0.7944667935371399,
          "visible": true
        },
        {
          "name": "left_hip",
          "x": 321.62060546875,
          "y": 278.9224548339844,
          "confidence": 0.9939717650413513,
          "visible": true
        },
        {
          "name": "right_hip",
          "x": 311.76495361328125,
          "y": 265.2412109375,
          "confidence": 0.9731611013412476,
          "visible": true
        },
        {
          "name": "left_knee",
          "x": 187.70370483398438,
          "y": 274.820068359375,
          "confidence": 0.9961739182472229,
          "visible": true
        },
        {
          "name": "right_knee",
          "x": 187.14512634277344,
          "y": 263.8765869140625,
          "confidence": 0.978921115398407,
          "visible": true
        },
        {
          "name": "left_ankle",
          "x": 186.32382202148438,
          "y": 410.30780029296875,
          "confidence": 0.9741207957267761,
          "visible": true
        },
        {
          "name": "right_ankle",
          "x": 198.89883422851562,
          "y": 397.1558837890625,
          "confidence": 0.932028591632843,
          "visible": true
        }
      ],
      "confidence_scores": [
        0.9632670283317566,
        0.9820037484169006,
        0.31662389636039734,
        0.9846364259719849,
        0.029715558513998985,
        0.9975903034210205,
        0.9528055787086487,
        0.9945355653762817,
        0.6643691062927246,
        0.9926232099533081,
        0.7944667935371399,
        0.9939717650413513,
        0.9731611013412476,
        0.9961739182472229,
        0.978921115398407,
        0.9741207957267761,
        0.932028591632843
      ],
      "average_confidence": 0.8541773236630594
    }
  ]
}