{
  "timestamp": "2025-11-03T15:18:09.132992",
  "image_shape": {
    "height": 480,
    "width": 640,
    "channels": 3
  },
  "num_persons_detected": 1,
  "persons": [
    {
      "person_id": 0,
      "keypoints": [
        {
          "name": "nose",
          "x": 288.13018798828125,
          "y": 95.97061157226562,
          "confidence": 0.9731034636497498,
          "visible": true
        },
        {
          "name": "left_eye",
          "x": 285.47674560546875,
          "y": 80.41500854492188,
          "confidence": 0.9864635467529297,
          "visible": true
        },
        {
          "name": "right_eye",
          "x": 284.2908630371094,
          "y": 83.29612731933594,
          "confidence": 0.2268807739019394,
          "visible": false
        },
        {
          "name": "left_ear",
          "x": 310.6343994140625,
          "y": 56.71112060546875,
          "confidence": 0.9874674677848816,
          "visible": true
        },
        {
          "name": "right_ear",
          "x": 306.55194091796875,
          "y": 66.63005065917969,
          "confidence": 0.009996086359024048,
          "visible": false
        },
        {
          "name": "left_shoulder",
          "x": 361.3106384277344,
          "y": 109.77049255371094,
          "confidence": 0.9985094666481018,
          "visible": true
        },
        {
          "name": "right_shoulder",
          "x": 354.2140197753906,
          "y": 103.64892578125,
          "confidence": 0.9562031626701355,
          "visible": true
        },
        {
          "name": "left_elbow",
          "x": 359.55523681640625,
          "y": 217.39120483398438,
          "confidence": 0.9982088804244995,
          "visible": true
        },
        {
          "name": "right_elbow",
          "x": 345.344970703125,
          "y": 194.85260009765625,
          "confidence": 0.7817862033843994,
          "visible": true
        },
        {
          "name": "left_wrist",
          "x": 273.4268493652344,
          "y": 202.18960571289062,
          "confidence": 0.9982185959815979,
          "visible": true
        },
        {
          "name": "right_wrist",
          "x": 277.96630859375,
          "y": 204.00653076171875,
          "confidence": 0.9019227027893066,
          "visible": true
        },
        {
          "name": "left_hip",
          "x": 347.4874267578125,
          "y": 277.5764465332031,
          "confidence": 0.9968072175979614,
          "visible": true
        },
        {
          "name": "right_hip",
          "x": 344.6824951171875,
          "y": 262.0302734375,
          "confidence": 0.9835351705551147,
          "visible": true
        },
        {
          "name": "left_knee",
          "x": 213.48114013671875,
          "y": 281.09002685546875,
          "confidence": 0.9979552030563354,
          "visible": true
        },
        {
          "name": "right_knee",
          "x": 220.3980255126953,
          "y": 263.8682556152344,
          "confidence": 0.9876140356063843,
          "visible": true
        },
        {
          "name": "left_ankle",
          "x": 222.91160583496094,
          "y": 404.6014099121094,
          "confidence": 0.977599024772644,
          "visible": true
        },
        {
          "name": "right_ankle",
          "x": 230.22128295898438,
          "y": 398.9612121582031,
          "confidence": 0.9396477937698364,
          "visible": true
        }
      ],
      "confidence_scores": [
        0.9731034636497498,
        0.9864635467529297,
        0.2268807739019394,
        0.9874674677848816,
        0.009996086359024048,
        0.9985094666481018,
        0.9562031626701355,
        0.9982088804244995,
        0.7817862033843994,
        0.9982185959815979,
        0.9019227027893066,
        0.9968072175979614,
        0.9835351705551147,
        0.9979552030563354,
        0.9876140356063843,
        0.977599024772644,
        0.9396477937698364
      ],
      "average_confidence": 0.86481875268852
    }
  ]
}