{
  "timestamp": "2025-11-03T15:12:55.878243",
  "image_shape": {
    "height": 480,
    "width": 640,
    "channels": 3
  },
  "num_persons_detected": 1,
  "persons": [
    {
      "person_id": 0,
      "keypoints": [
        {
          "name": "nose",
          "x": 161.0189666748047,
          "y": 135.64276123046875,
          "confidence": 0.9729472398757935,
          "visible": true
        },
        {
          "name": "left_eye",
          "x": 163.9192352294922,
          "y": 122.98721313476562,
          "confidence": 0.9927009344100952,
          "visible": true
        },
        {
          "name": "right_eye",
          "x": 159.01539611816406,
          "y": 126.83064270019531,
          "confidence": 0.3466729521751404,
          "visible": false
        },
        {
          "name": "left_ear",
          "x": 190.14279174804688,
          "y": 117.3154296875,
          "confidence": 0.9907191395759583,
          "visible": true
        },
        {
          "name": "right_ear",
          "x": 178.19522094726562,
          "y": 124.34613037109375,
          "confidence": 0.008787183091044426,
          "visible": false
        },
        {
          "name": "left_shoulder",
          "x": 255.1380615234375,
          "y": 154.30484008789062,
          "confidence": 0.9963300824165344,
          "visible": true
        },
        {
          "name": "right_shoulder",
          "x": 238.3013458251953,
          "y": 158.73526000976562,
          "confidence": 0.8329475522041321,
          "visible": true
        },
        {
          "name": "left_elbow",
          "x": 301.898681640625,
          "y": 233.01788330078125,
          "confidence": 0.9915477633476257,
          "visible": true
        },
        {
          "name": "right_elbow",
          "x": 258.2307434082031,
          "y": 228.96658325195312,
          "confidence": 0.3689122200012207,
          "visible": false
        },
        {
          "name": "left_wrist",
          "x": 223.66217041015625,
          "y": 247.05624389648438,
          "confidence": 0.9897341728210449,
          "visible": true
        },
        {
          "name": "right_wrist",
          "x": 220.90013122558594,
          "y": 247.787353515625,
          "confidence": 0.6148337125778198,
          "visible": true
        },
        {
          "name": "left_hip",
          "x": 313.80914306640625,
          "y": 276.9189758300781,
          "confidence": 0.9890649318695068,
          "visible": true
        },
        {
          "name": "right_hip",
          "x": 305.3125305175781,
          "y": 267.7068176269531,
          "confidence": 0.9404496550559998,
          "visible": true
        },
        {
          "name": "left_knee",
          "x": 187.69479370117188,
          "y": 286.3250732421875,
          "confidence": 0.9954356551170349,
          "visible": true
        },
        {
          "name": "right_knee",
          "x": 187.48558044433594,
          "y": 267.7509460449219,
          "confidence": 0.9720793962478638,
          "visible": true
        },
        {
          "name": "left_ankle",
          "x": 186.5700225830078,
          "y": 422.96392822265625,
          "confidence": 0.9774191379547119,
          "visible": true
        },
        {
          "name": "right_ankle",
          "x": 191.86337280273438,
          "y": 395.75634765625,
          "confidence": 0.9403374195098877,
          "visible": true
        }
      ],
      "confidence_scores": [
        0.9729472398757935,
        0.9927009344100952,
        0.3466729521751404,
        0.9907191395759583,
        0.008787183091044426,
        0.9963300824165344,
        0.8329475522041321,
        0.9915477633476257,
        0.3689122200012207,
        0.9897341728210449,
        0.6148337125778198,
        0.9890649318695068,
        0.9404496550559998,
        0.9954356551170349,
        0.9720793962478638,
        0.9774191379547119,
        0.9403374195098877
      ],
      "average_confidence": 0.8188775969559655
    }
  ]
}