{
  "timestamp": "2025-11-03T15:18:23.084612",
  "image_shape": {
    "height": 480,
    "width": 640,
    "channels": 3
  },
  "num_persons_detected": 2,
  "persons": [
    {
      "person_id": 0,
      "keypoints": [
        {
          "name": "nose",
          "x": 347.133056640625,
          "y": 73.81153869628906,
          "confidence": 0.9751408100128174,
          "visible": true
        },
        {
          "name": "left_eye",
          "x": 359.1307373046875,
          "y": 62.872314453125,
          "confidence": 0.9837396740913391,
          "visible": true
        },
        {
          "name": "right_eye",
          "x": 351.13531494140625,
          "y": 64.2308349609375,
          "confidence": 0.42873892188072205,
          "visible": false
        },
        {
          "name": "left_ear",
          "x": 389.3438720703125,
          "y": 76.26304626464844,
          "confidence": 0.9609194993972778,
          "visible": true
        },
        {
          "name": "right_ear",
          "x": 368.92755126953125,
          "y": 74.58531188964844,
          "confidence": 0.023358741775155067,
          "visible": false
        },
        {
          "name": "left_shoulder",
          "x": 389.38287353515625,
          "y": 149.03448486328125,
          "confidence": 0.9925968647003174,
          "visible": true
        },
        {
          "name": "right_shoulder",
          "x": 376.4787292480469,
          "y": 135.0946807861328,
          "confidence": 0.9141420722007751,
          "visible": true
        },
        {
          "name": "left_elbow",
          "x": 347.4054870605469,
          "y": 250.1597442626953,
          "confidence": 0.9938672184944153,
          "visible": true
        },
        {
          "name": "right_elbow",
          "x": 340.2353515625,
          "y": 221.2786102294922,
          "confidence": 0.6641488671302795,
          "visible": true
        },
        {
          "name": "left_wrist",
          "x": 254.69839477539062,
          "y": 247.47254943847656,
          "confidence": 0.9965229034423828,
          "visible": true
        },
        {
          "name": "right_wrist",
          "x": 274.9644775390625,
          "y": 239.41171264648438,
          "confidence": 0.8698747754096985,
          "visible": true
        },
        {
          "name": "left_hip",
          "x": 334.615478515625,
          "y": 291.5251770019531,
          "confidence": 0.9813022017478943,
          "visible": true
        },
        {
          "name": "right_hip",
          "x": 326.0587158203125,
          "y": 271.5242919921875,
          "confidence": 0.9253566861152649,
          "visible": true
        },
        {
          "name": "left_knee",
          "x": 174.99276733398438,
          "y": 288.4413757324219,
          "confidence": 0.9880679249763489,
          "visible": true
        },
        {
          "name": "right_knee",
          "x": 177.63034057617188,
          "y": 267.43414306640625,
          "confidence": 0.9276068806648254,
          "visible": true
        },
        {
          "name": "left_ankle",
          "x": 216.4632568359375,
          "y": 418.691162109375,
          "confidence": 0.8964709639549255,
          "visible": true
        },
        {
          "name": "right_ankle",
          "x": 216.33729553222656,
          "y": 400.2181396484375,
          "confidence": 0.7304219603538513,
          "visible": true
        }
      ],
      "confidence_scores": [
        0.9751408100128174,
        0.9837396740913391,
        0.42873892188072205,
        0.9609194993972778,
        0.023358741775155067,
        0.9925968647003174,
        0.9141420722007751,
        0.9938672184944153,
        0.6641488671302795,
        0.9965229034423828,
        0.8698747754096985,
        0.9813022017478943,
        0.9253566861152649,
        0.9880679249763489,
        0.9276068806648254,
        0.8964709639549255,
        0.7304219603538513
      ],
      "average_confidence": 0.8383692333146053
    },
    {
      "person_id": 1,
      "keypoints": [
        {
          "name": "nose",
          "x": 9.10080623626709,
          "y": 20.531005859375,
          "confidence": 0.0035898550413548946,
          "visible": false
        },
        {
          "name": "left_eye",
          "x": 5.9992780685424805,
          "y": 13.610687255859375,
          "confidence": 0.0016724555753171444,
          "visible": false
        },
        {
          "name": "right_eye",
          "x": 12.341231346130371,
          "y": 12.702468872070312,
          "confidence": 0.0016587859718129039,
          "visible": false
        },
        {
          "name": "left_ear",
          "x": 0.6273555755615234,
          "y": 4.9415283203125,
          "confidence": 0.002799572888761759,
          "visible": false
        },
        {
          "name": "right_ear",
          "x": 12.236188888549805,
          "y": 3.647064208984375,
          "confidence": 0.0029832683503627777,
          "visible": false
        },
        {
          "name": "left_shoulder",
          "x": 2.6102867126464844,
          "y": 25.962356567382812,
          "confidence": 0.011596082709729671,
          "visible": false
        },
        {
          "name": "right_shoulder",
          "x": 4.140373229980469,
          "y": 25.666641235351562,
          "confidence": 0.005044971127063036,
          "visible": false
        },
        {
          "name": "left_elbow",
          "x": 2.8762593269348145,
          "y": 46.839508056640625,
          "confidence": 0.07540517300367355,
          "visible": false
        },
        {
          "name": "right_elbow",
          "x": 8.306350708007812,
          "y": 49.946685791015625,
          "confidence": 0.027519509196281433,
          "visible": false
        },
        {
          "name": "left_wrist",
          "x": 11.675153732299805,
          "y": 56.96722412109375,
          "confidence": 0.13925960659980774,
          "visible": false
        },
        {
          "name": "right_wrist",
          "x": 11.649833679199219,
          "y": 61.44886779785156,
          "confidence": 0.07523568719625473,
          "visible": false
        },
        {
          "name": "left_hip",
          "x": 4.681563854217529,
          "y": 146.62745666503906,
          "confidence": 0.19842346012592316,
          "visible": false
        },
        {
          "name": "right_hip",
          "x": 3.9583535194396973,
          "y": 146.43582153320312,
          "confidence": 0.14519530534744263,
          "visible": false
        },
        {
          "name": "left_knee",
          "x": 2.919795036315918,
          "y": 291.986572265625,
          "confidence": 0.25846248865127563,
          "visible": false
        },
        {
          "name": "right_knee",
          "x": 3.5538010597229004,
          "y": 291.44305419921875,
          "confidence": 0.1912049949169159,
          "visible": false
        },
        {
          "name": "left_ankle",
          "x": 0.0,
          "y": 406.0282897949219,
          "confidence": 0.08438967913389206,
          "visible": false
        },
        {
          "name": "right_ankle",
          "x": 0.0,
          "y": 402.9684143066406,
          "confidence": 0.06199946627020836,
          "visible": false
        }
      ],
      "confidence_scores": [
        0.0035898550413548946,
        0.0016724555753171444,
        0.0016587859718129039,
        0.002799572888761759,
        0.0029832683503627777,
        0.011596082709729671,
        0.005044971127063036,
        0.07540517300367355,
        0.027519509196281433,
        0.13925960659980774,
        0.07523568719625473,
        0.19842346012592316,
        0.14519530534744263,
        0.25846248865127563,
        0.1912049949169159,
        0.08438967913389206,
        0.06199946627020836
      ],
      "average_confidence": 0.07567296247682809
    }
  ]
}