{
  "timestamp": "2025-11-03T15:16:22.553204",
  "image_shape": {
    "height": 480,
    "width": 640,
    "channels": 3
  },
  "num_persons_detected": 1,
  "persons": [
    {
      "person_id": 0,
      "keypoints": [
        {
          "name": "nose",
          "x": 169.09112548828125,
          "y": 96.90641784667969,
          "confidence": 0.9425621628761292,
          "visible": true
        },
        {
          "name": "left_eye",
          "x": 173.36956787109375,
          "y": 86.31460571289062,
          "confidence": 0.9779115319252014,
          "visible": true
        },
        {
          "name": "right_eye",
          "x": 173.25445556640625,
          "y": 87.92704772949219,
          "confidence": 0.13957232236862183,
          "visible": false
        },
        {
          "name": "left_ear",
          "x": 201.07449340820312,
          "y": 92.11717224121094,
          "confidence": 0.9880269765853882,
          "visible": true
        },
        {
          "name": "right_ear",
          "x": 204.89398193359375,
          "y": 91.44155883789062,
          "confidence": 0.013268486596643925,
          "visible": false
        },
        {
          "name": "left_shoulder",
          "x": 240.2478790283203,
          "y": 149.60968017578125,
          "confidence": 0.9986898303031921,
          "visible": true
        },
        {
          "name": "right_shoulder",
          "x": 243.93698120117188,
          "y": 139.6641845703125,
          "confidence": 0.9337269067764282,
          "visible": true
        },
        {
          "name": "left_elbow",
          "x": 218.80506896972656,
          "y": 234.2015380859375,
          "confidence": 0.9981587529182434,
          "visible": true
        },
        {
          "name": "right_elbow",
          "x": 217.49114990234375,
          "y": 212.3955078125,
          "confidence": 0.6624246835708618,
          "visible": true
        },
        {
          "name": "left_wrist",
          "x": 140.196044921875,
          "y": 220.6595916748047,
          "confidence": 0.9975516200065613,
          "visible": true
        },
        {
          "name": "right_wrist",
          "x": 143.82418823242188,
          "y": 219.28399658203125,
          "confidence": 0.8516720533370972,
          "visible": true
        },
        {
          "name": "left_hip",
          "x": 261.76837158203125,
          "y": 278.0513916015625,
          "confidence": 0.9975360631942749,
          "visible": true
        },
        {
          "name": "right_hip",
          "x": 266.3874206542969,
          "y": 264.27984619140625,
          "confidence": 0.9832364916801453,
          "visible": true
        },
        {
          "name": "left_knee",
          "x": 153.7920684814453,
          "y": 283.1180725097656,
          "confidence": 0.998251736164093,
          "visible": true
        },
        {
          "name": "right_knee",
          "x": 157.89337158203125,
          "y": 265.1562805175781,
          "confidence": 0.986782431602478,
          "visible": true
        },
        {
          "name": "left_ankle",
          "x": 118.7248764038086,
          "y": 420.7724609375,
          "confidence": 0.9824387431144714,
          "visible": true
        },
        {
          "name": "right_ankle",
          "x": 122.8238525390625,
          "y": 399.98828125,
          "confidence": 0.9460940361022949,
          "visible": true
        }
      ],
      "confidence_scores": [
        0.9425621628761292,
        0.9779115319252014,
        0.13957232236862183,
        0.9880269765853882,
        0.013268486596643925,
        0.9986898303031921,
        0.9337269067764282,
        0.9981587529182434,
        0.6624246835708618,
        0.9975516200065613,
        0.8516720533370972,
        0.9975360631942749,
        0.9832364916801453,
        0.998251736164093,
        0.986782431602478,
        0.9824387431144714,
        0.9460940361022949
      ],
      "average_confidence": 0.8469355781836545
    }
  ]
}