{
  "timestamp": "2025-11-03T15:14:39.486060",
  "image_shape": {
    "height": 480,
    "width": 640,
    "channels": 3
  },
  "num_persons_detected": 1,
  "persons": [
    {
      "person_id": 0,
      "keypoints": [
        {
          "name": "nose",
          "x": 246.26266479492188,
          "y": 76.93251037597656,
          "confidence": 0.968646764755249,
          "visible": true
        },
        {
          "name": "left_eye",
          "x": 250.4710693359375,
          "y": 63.243927001953125,
          "confidence": 0.988727331161499,
          "visible": true
        },
        {
          "name": "right_eye",
          "x": 246.40634155273438,
          "y": 66.03538513183594,
          "confidence": 0.25542277097702026,
          "visible": false
        },
        {
          "name": "left_ear",
          "x": 279.7979736328125,
          "y": 58.823272705078125,
          "confidence": 0.9832785725593567,
          "visible": true
        },
        {
          "name": "right_ear",
          "x": 270.2749328613281,
          "y": 62.31719970703125,
          "confidence": 0.011741513386368752,
          "visible": false
        },
        {
          "name": "left_shoulder",
          "x": 314.0228576660156,
          "y": 117.89649963378906,
          "confidence": 0.99729984998703,
          "visible": true
        },
        {
          "name": "right_shoulder",
          "x": 310.9061584472656,
          "y": 116.81202697753906,
          "confidence": 0.8737064003944397,
          "visible": true
        },
        {
          "name": "left_elbow",
          "x": 289.7137451171875,
          "y": 211.8756866455078,
          "confidence": 0.997077226638794,
          "visible": true
        },
        {
          "name": "right_elbow",
          "x": 294.68658447265625,
          "y": 204.706298828125,
          "confidence": 0.4844306707382202,
          "visible": false
        },
        {
          "name": "left_wrist",
          "x": 207.05506896972656,
          "y": 245.29901123046875,
          "confidence": 0.9971093535423279,
          "visible": true
        },
        {
          "name": "right_wrist",
          "x": 232.437744140625,
          "y": 238.80459594726562,
          "confidence": 0.7918258905410767,
          "visible": true
        },
        {
          "name": "left_hip",
          "x": 324.91168212890625,
          "y": 272.8255615234375,
          "confidence": 0.9941449761390686,
          "visible": true
        },
        {
          "name": "right_hip",
          "x": 324.16925048828125,
          "y": 262.7365417480469,
          "confidence": 0.9569578170776367,
          "visible": true
        },
        {
          "name": "left_knee",
          "x": 207.53756713867188,
          "y": 277.882568359375,
          "confidence": 0.9969450831413269,
          "visible": true
        },
        {
          "name": "right_knee",
          "x": 212.94186401367188,
          "y": 268.25994873046875,
          "confidence": 0.9733571410179138,
          "visible": true
        },
        {
          "name": "left_ankle",
          "x": 187.93145751953125,
          "y": 410.9234619140625,
          "confidence": 0.9756485819816589,
          "visible": true
        },
        {
          "name": "right_ankle",
          "x": 193.79002380371094,
          "y": 398.96197509765625,
          "confidence": 0.9164401292800903,
          "visible": true
        }
      ],
      "confidence_scores": [
        0.968646764755249,
        0.988727331161499,
        0.25542277097702026,
        0.9832785725593567,
        0.011741513386368752,
        0.99729984998703,
        0.8737064003944397,
        0.997077226638794,
        0.4844306707382202,
        0.9971093535423279,
        0.7918258905410767,
        0.9941449761390686,
        0.9569578170776367,
        0.9969450831413269,
        0.9733571410179138,
        0.9756485819816589,
        0.9164401292800903
      ],
      "average_confidence": 0.8331035337246516
    }
  ]
}