{
  "timestamp": "2025-11-03T15:17:54.326166",
  "image_shape": {
    "height": 480,
    "width": 640,
    "channels": 3
  },
  "num_persons_detected": 1,
  "persons": [
    {
      "person_id": 0,
      "keypoints": [
        {
          "name": "nose",
          "x": 347.82379150390625,
          "y": 136.5201416015625,
          "confidence": 0.9799184799194336,
          "visible": true
        },
        {
          "name": "left_eye",
          "x": 361.0686950683594,
          "y": 127.21136474609375,
          "confidence": 0.98067307472229,
          "visible": true
        },
        {
          "name": "right_eye",
          "x": 350.54742431640625,
          "y": 128.21897888183594,
          "confidence": 0.49422794580459595,
          "visible": false
        },
        {
          "name": "left_ear",
          "x": 391.2396240234375,
          "y": 138.58578491210938,
          "confidence": 0.960985004901886,
          "visible": true
        },
        {
          "name": "right_ear",
          "x": 363.00189208984375,
          "y": 138.49139404296875,
          "confidence": 0.031129099428653717,
          "visible": false
        },
        {
          "name": "left_shoulder",
          "x": 383.99688720703125,
          "y": 197.47607421875,
          "confidence": 0.9967607855796814,
          "visible": true
        },
        {
          "name": "right_shoulder",
          "x": 354.3424072265625,
          "y": 178.87196350097656,
          "confidence": 0.9624990224838257,
          "visible": true
        },
        {
          "name": "left_elbow",
          "x": 332.90570068359375,
          "y": 264.5580139160156,
          "confidence": 0.9954462051391602,
          "visible": true
        },
        {
          "name": "right_elbow",
          "x": 301.93017578125,
          "y": 229.9438018798828,
          "confidence": 0.8360465168952942,
          "visible": true
        },
        {
          "name": "left_wrist",
          "x": 275.64373779296875,
          "y": 209.45916748046875,
          "confidence": 0.9961915016174316,
          "visible": true
        },
        {
          "name": "right_wrist",
          "x": 259.96868896484375,
          "y": 205.7354736328125,
          "confidence": 0.8951806426048279,
          "visible": true
        },
        {
          "name": "left_hip",
          "x": 255.38401794433594,
          "y": 291.2106628417969,
          "confidence": 0.9921208620071411,
          "visible": true
        },
        {
          "name": "right_hip",
          "x": 235.5928192138672,
          "y": 266.74090576171875,
          "confidence": 0.9706298112869263,
          "visible": true
        },
        {
          "name": "left_knee",
          "x": 83.69174194335938,
          "y": 286.1998596191406,
          "confidence": 0.9908382296562195,
          "visible": true
        },
        {
          "name": "right_knee",
          "x": 90.09831237792969,
          "y": 268.8255920410156,
          "confidence": 0.9538896679878235,
          "visible": true
        },
        {
          "name": "left_ankle",
          "x": 87.43978881835938,
          "y": 393.33294677734375,
          "confidence": 0.9061204791069031,
          "visible": true
        },
        {
          "name": "right_ankle",
          "x": 101.18594360351562,
          "y": 394.41217041015625,
          "confidence": 0.7657605409622192,
          "visible": true
        }
      ],
      "confidence_scores": [
        0.9799184799194336,
        0.98067307472229,
        0.49422794580459595,
        0.960985004901886,
        0.031129099428653717,
        0.9967607855796814,
        0.9624990224838257,
        0.9954462051391602,
        0.8360465168952942,
        0.9961915016174316,
        0.8951806426048279,
        0.9921208620071411,
        0.9706298112869263,
        0.9908382296562195,
        0.9538896679878235,
        0.9061204791069031,
        0.7657605409622192
      ],
      "average_confidence": 0.8652010511826066
    }
  ]
}