{
  "timestamp": "2025-11-03T15:14:49.989328",
  "image_shape": {
    "height": 480,
    "width": 640,
    "channels": 3
  },
  "num_persons_detected": 1,
  "persons": [
    {
      "person_id": 0,
      "keypoints": [
        {
          "name": "nose",
          "x": 220.41268920898438,
          "y": 135.8966064453125,
          "confidence": 0.9566847681999207,
          "visible": true
        },
        {
          "name": "left_eye",
          "x": 220.03485107421875,
          "y": 125.072509765625,
          "confidence": 0.9794044494628906,
          "visible": true
        },
        {
          "name": "right_eye",
          "x": 222.1695098876953,
          "y": 125.07963562011719,
          "confidence": 0.18821850419044495,
          "visible": false
        },
        {
          "name": "left_ear",
          "x": 244.74655151367188,
          "y": 113.8245849609375,
          "confidence": 0.9838281869888306,
          "visible": true
        },
        {
          "name": "right_ear",
          "x": 251.75537109375,
          "y": 112.76701354980469,
          "confidence": 0.014953083358705044,
          "visible": false
        },
        {
          "name": "left_shoulder",
          "x": 288.5372314453125,
          "y": 154.5294189453125,
          "confidence": 0.9975290894508362,
          "visible": true
        },
        {
          "name": "right_shoulder",
          "x": 299.28973388671875,
          "y": 138.6168670654297,
          "confidence": 0.967932939529419,
          "visible": true
        },
        {
          "name": "left_elbow",
          "x": 266.0565490722656,
          "y": 247.3278045654297,
          "confidence": 0.9968520998954773,
          "visible": true
        },
        {
          "name": "right_elbow",
          "x": 275.4253845214844,
          "y": 199.171875,
          "confidence": 0.8675029873847961,
          "visible": true
        },
        {
          "name": "left_wrist",
          "x": 193.5386962890625,
          "y": 236.04315185546875,
          "confidence": 0.9968949556350708,
          "visible": true
        },
        {
          "name": "right_wrist",
          "x": 213.58351135253906,
          "y": 188.39132690429688,
          "confidence": 0.9367308020591736,
          "visible": true
        },
        {
          "name": "left_hip",
          "x": 325.10943603515625,
          "y": 284.1516418457031,
          "confidence": 0.9973248243331909,
          "visible": true
        },
        {
          "name": "right_hip",
          "x": 333.03717041015625,
          "y": 269.2503662109375,
          "confidence": 0.9910407662391663,
          "visible": true
        },
        {
          "name": "left_knee",
          "x": 204.93069458007812,
          "y": 281.1525573730469,
          "confidence": 0.9985373020172119,
          "visible": true
        },
        {
          "name": "right_knee",
          "x": 208.57955932617188,
          "y": 262.1154479980469,
          "confidence": 0.9941936135292053,
          "visible": true
        },
        {
          "name": "left_ankle",
          "x": 191.25888061523438,
          "y": 417.91363525390625,
          "confidence": 0.9876298308372498,
          "visible": true
        },
        {
          "name": "right_ankle",
          "x": 188.25660705566406,
          "y": 398.00677490234375,
          "confidence": 0.975825846195221,
          "visible": true
        }
      ],
      "confidence_scores": [
        0.9566847681999207,
        0.9794044494628906,
        0.18821850419044495,
        0.9838281869888306,
        0.014953083358705044,
        0.9975290894508362,
        0.967932939529419,
        0.9968520998954773,
        0.8675029873847961,
        0.9968949556350708,
        0.9367308020591736,
        0.9973248243331909,
        0.9910407662391663,
        0.9985373020172119,
        0.9941936135292053,
        0.9876298308372498,
        0.975825846195221
      ],
      "average_confidence": 0.8724167087827536
    }
  ]
}