{
  "timestamp": "2025-11-03T15:12:54.472986",
  "image_shape": {
    "height": 480,
    "width": 640,
    "channels": 3
  },
  "num_persons_detected": 1,
  "persons": [
    {
      "person_id": 0,
      "keypoints": [
        {
          "name": "nose",
          "x": 131.05665588378906,
          "y": 167.97476196289062,
          "confidence": 0.9082794189453125,
          "visible": true
        },
        {
          "name": "left_eye",
          "x": 131.9002227783203,
          "y": 154.62503051757812,
          "confidence": 0.9603729248046875,
          "visible": true
        },
        {
          "name": "right_eye",
          "x": 128.887451171875,
          "y": 161.73214721679688,
          "confidence": 0.16596612334251404,
          "visible": false
        },
        {
          "name": "left_ear",
          "x": 159.05014038085938,
          "y": 147.14968872070312,
          "confidence": 0.9559269547462463,
          "visible": true
        },
        {
          "name": "right_ear",
          "x": 148.75396728515625,
          "y": 162.47938537597656,
          "confidence": 0.007692912593483925,
          "visible": false
        },
        {
          "name": "left_shoulder",
          "x": 234.5629425048828,
          "y": 170.06912231445312,
          "confidence": 0.989059567451477,
          "visible": true
        },
        {
          "name": "right_shoulder",
          "x": 217.9541015625,
          "y": 190.2647247314453,
          "confidence": 0.795955240726471,
          "visible": true
        },
        {
          "name": "left_elbow",
          "x": 290.0090637207031,
          "y": 223.53024291992188,
          "confidence": 0.9861252903938293,
          "visible": true
        },
        {
          "name": "right_elbow",
          "x": 247.10125732421875,
          "y": 246.63238525390625,
          "confidence": 0.546364963054657,
          "visible": true
        },
        {
          "name": "left_wrist",
          "x": 222.24867248535156,
          "y": 246.44082641601562,
          "confidence": 0.9850828647613525,
          "visible": true
        },
        {
          "name": "right_wrist",
          "x": 212.4898223876953,
          "y": 259.5763244628906,
          "confidence": 0.7447029948234558,
          "visible": true
        },
        {
          "name": "left_hip",
          "x": 318.41619873046875,
          "y": 273.8661193847656,
          "confidence": 0.9832209348678589,
          "visible": true
        },
        {
          "name": "right_hip",
          "x": 307.2430114746094,
          "y": 271.2857360839844,
          "confidence": 0.9433953166007996,
          "visible": true
        },
        {
          "name": "left_knee",
          "x": 189.21942138671875,
          "y": 277.56170654296875,
          "confidence": 0.9895557761192322,
          "visible": true
        },
        {
          "name": "right_knee",
          "x": 187.2332763671875,
          "y": 268.9693908691406,
          "confidence": 0.9601725339889526,
          "visible": true
        },
        {
          "name": "left_ankle",
          "x": 194.85726928710938,
          "y": 410.7047119140625,
          "confidence": 0.9439800381660461,
          "visible": true
        },
        {
          "name": "right_ankle",
          "x": 193.65451049804688,
          "y": 391.7171630859375,
          "confidence": 0.8915495276451111,
          "visible": true
        }
      ],
      "confidence_scores": [
        0.9082794189453125,
        0.9603729248046875,
        0.16596612334251404,
        0.9559269547462463,
        0.007692912593483925,
        0.989059567451477,
        0.795955240726471,
        0.9861252903938293,
        0.546364963054657,
        0.9850828647613525,
        0.7447029948234558,
        0.9832209348678589,
        0.9433953166007996,
        0.9895557761192322,
        0.9601725339889526,
        0.9439800381660461,
        0.8915495276451111
      ],
      "average_confidence": 0.8092590225312639
    }
  ]
}