{
  "timestamp": "2025-11-03T15:17:29.656341",
  "image_shape": {
    "height": 480,
    "width": 640,
    "channels": 3
  },
  "num_persons_detected": 2,
  "persons": [
    {
      "person_id": 0,
      "keypoints": [
        {
          "name": "nose",
          "x": 299.61016845703125,
          "y": 52.02876281738281,
          "confidence": 0.9391179084777832,
          "visible": true
        },
        {
          "name": "left_eye",
          "x": 306.39813232421875,
          "y": 39.17352294921875,
          "confidence": 0.9688739776611328,
          "visible": true
        },
        {
          "name": "right_eye",
          "x": 299.8288879394531,
          "y": 41.151123046875,
          "confidence": 0.24079953134059906,
          "visible": false
        },
        {
          "name": "left_ear",
          "x": 330.1707458496094,
          "y": 45.028228759765625,
          "confidence": 0.9575133919715881,
          "visible": true
        },
        {
          "name": "right_ear",
          "x": 317.09808349609375,
          "y": 46.50938415527344,
          "confidence": 0.02177153155207634,
          "visible": false
        },
        {
          "name": "left_shoulder",
          "x": 348.24407958984375,
          "y": 116.35296630859375,
          "confidence": 0.9931944608688354,
          "visible": true
        },
        {
          "name": "right_shoulder",
          "x": 341.5086669921875,
          "y": 107.870361328125,
          "confidence": 0.8598394393920898,
          "visible": true
        },
        {
          "name": "left_elbow",
          "x": 322.91131591796875,
          "y": 221.73361206054688,
          "confidence": 0.9934489130973816,
          "visible": true
        },
        {
          "name": "right_elbow",
          "x": 322.1390686035156,
          "y": 202.09036254882812,
          "confidence": 0.5134494304656982,
          "visible": true
        },
        {
          "name": "left_wrist",
          "x": 237.13648986816406,
          "y": 242.07144165039062,
          "confidence": 0.9948453903198242,
          "visible": true
        },
        {
          "name": "right_wrist",
          "x": 259.1383056640625,
          "y": 231.82968139648438,
          "confidence": 0.7894940376281738,
          "visible": true
        },
        {
          "name": "left_hip",
          "x": 327.3379211425781,
          "y": 269.5711669921875,
          "confidence": 0.9857435822486877,
          "visible": true
        },
        {
          "name": "right_hip",
          "x": 324.1268310546875,
          "y": 255.37713623046875,
          "confidence": 0.9271670579910278,
          "visible": true
        },
        {
          "name": "left_knee",
          "x": 206.26156616210938,
          "y": 275.78472900390625,
          "confidence": 0.9926620721817017,
          "visible": true
        },
        {
          "name": "right_knee",
          "x": 208.88970947265625,
          "y": 260.7144775390625,
          "confidence": 0.9512913823127747,
          "visible": true
        },
        {
          "name": "left_ankle",
          "x": 198.3783416748047,
          "y": 412.95916748046875,
          "confidence": 0.9456686973571777,
          "visible": true
        },
        {
          "name": "right_ankle",
          "x": 200.7880859375,
          "y": 398.4786376953125,
          "confidence": 0.8428658246994019,
          "visible": true
        }
      ],
      "confidence_scores": [
        0.9391179084777832,
        0.9688739776611328,
        0.24079953134059906,
        0.9575133919715881,
        0.02177153155207634,
        0.9931944608688354,
        0.8598394393920898,
        0.9934489130973816,
        0.5134494304656982,
        0.9948453903198242,
        0.7894940376281738,
        0.9857435822486877,
        0.9271670579910278,
        0.9926620721817017,
        0.9512913823127747,
        0.9456686973571777,
        0.8428658246994019
      ],
      "average_confidence": 0.818690978209762
    },
    {
      "person_id": 1,
      "keypoints": [
        {
          "name": "nose",
          "x": 0.8727588653564453,
          "y": 0.0,
          "confidence": 0.0014729102840647101,
          "visible": false
        },
        {
          "name": "left_eye",
          "x": 0.0,
          "y": 0.0,
          "confidence": 0.0012587994569912553,
          "visible": false
        },
        {
          "name": "right_eye",
          "x": 1.7571167945861816,
          "y": 0.0,
          "confidence": 0.00018724759866017848,
          "visible": false
        },
        {
          "name": "left_ear",
          "x": 0.8400306701660156,
          "y": 0.0,
          "confidence": 0.003571820678189397,
          "visible": false
        },
        {
          "name": "right_ear",
          "x": 9.29116439819336,
          "y": 0.0,
          "confidence": 0.00038214889355003834,
          "visible": false
        },
        {
          "name": "left_shoulder",
          "x": 20.527042388916016,
          "y": 0.0,
          "confidence": 0.04790755361318588,
          "visible": false
        },
        {
          "name": "right_shoulder",
          "x": 19.150249481201172,
          "y": 0.0,
          "confidence": 0.0010040680645033717,
          "visible": false
        },
        {
          "name": "left_elbow",
          "x": 47.42124938964844,
          "y": 44.240966796875,
          "confidence": 0.5387880802154541,
          "visible": true
        },
        {
          "name": "right_elbow",
          "x": 45.160736083984375,
          "y": 46.711212158203125,
          "confidence": 0.0059030186384916306,
          "visible": false
        },
        {
          "name": "left_wrist",
          "x": 3.992647171020508,
          "y": 81.14546203613281,
          "confidence": 0.5672644376754761,
          "visible": true
        },
        {
          "name": "right_wrist",
          "x": 3.9863767623901367,
          "y": 82.94448852539062,
          "confidence": 0.03006718121469021,
          "visible": false
        },
        {
          "name": "left_hip",
          "x": 8.915459632873535,
          "y": 174.44723510742188,
          "confidence": 0.44735512137413025,
          "visible": false
        },
        {
          "name": "right_hip",
          "x": 6.625123023986816,
          "y": 170.1937255859375,
          "confidence": 0.10440804064273834,
          "visible": false
        },
        {
          "name": "left_knee",
          "x": 0.0,
          "y": 317.37060546875,
          "confidence": 0.30497562885284424,
          "visible": false
        },
        {
          "name": "right_knee",
          "x": 2.898439884185791,
          "y": 311.40362548828125,
          "confidence": 0.06334135681390762,
          "visible": false
        },
        {
          "name": "left_ankle",
          "x": 4.112149238586426,
          "y": 422.19573974609375,
          "confidence": 0.05002361908555031,
          "visible": false
        },
        {
          "name": "right_ankle",
          "x": 5.131960868835449,
          "y": 413.56707763671875,
          "confidence": 0.013660754077136517,
          "visible": false
        }
      ],
      "confidence_scores": [
        0.0014729102840647101,
        0.0012587994569912553,
        0.00018724759866017848,
        0.003571820678189397,
        0.00038214889355003834,
        0.04790755361318588,
        0.0010040680645033717,
        0.5387880802154541,
        0.0059030186384916306,
        0.5672644376754761,
        0.03006718121469021,
        0.44735512137413025,
        0.10440804064273834,
        0.30497562885284424,
        0.06334135681390762,
        0.05002361908555031,
        0.013660754077136517
      ],
      "average_confidence": 0.12832775218703318
    }
  ]
}