{
  "timestamp": "2025-11-03T15:18:51.729473",
  "image_shape": {
    "height": 480,
    "width": 640,
    "channels": 3
  },
  "num_persons_detected": 1,
  "persons": [
    {
      "person_id": 0,
      "keypoints": [
        {
          "name": "nose",
          "x": 314.3683776855469,
          "y": 55.14910888671875,
          "confidence": 0.9787484407424927,
          "visible": true
        },
        {
          "name": "left_eye",
          "x": 322.25909423828125,
          "y": 42.5775146484375,
          "confidence": 0.9846603274345398,
          "visible": true
        },
        {
          "name": "right_eye",
          "x": 314.14630126953125,
          "y": 42.57733154296875,
          "confidence": 0.41770002245903015,
          "visible": false
        },
        {
          "name": "left_ear",
          "x": 345.994384765625,
          "y": 51.53916931152344,
          "confidence": 0.9637112021446228,
          "visible": true
        },
        {
          "name": "right_ear",
          "x": 328.8232421875,
          "y": 49.324371337890625,
          "confidence": 0.03434443846344948,
          "visible": false
        },
        {
          "name": "left_shoulder",
          "x": 362.80059814453125,
          "y": 125.86503601074219,
          "confidence": 0.9981073141098022,
          "visible": true
        },
        {
          "name": "right_shoulder",
          "x": 349.54974365234375,
          "y": 117.88298034667969,
          "confidence": 0.9598044157028198,
          "visible": true
        },
        {
          "name": "left_elbow",
          "x": 334.3032531738281,
          "y": 223.00466918945312,
          "confidence": 0.9974383115768433,
          "visible": true
        },
        {
          "name": "right_elbow",
          "x": 314.5799560546875,
          "y": 216.0823516845703,
          "confidence": 0.807328462600708,
          "visible": true
        },
        {
          "name": "left_wrist",
          "x": 259.13055419921875,
          "y": 232.69589233398438,
          "confidence": 0.9976798892021179,
          "visible": true
        },
        {
          "name": "right_wrist",
          "x": 257.62249755859375,
          "y": 230.97518920898438,
          "confidence": 0.9201940894126892,
          "visible": true
        },
        {
          "name": "left_hip",
          "x": 319.7293701171875,
          "y": 283.6782531738281,
          "confidence": 0.9964497089385986,
          "visible": true
        },
        {
          "name": "right_hip",
          "x": 312.62677001953125,
          "y": 267.4073791503906,
          "confidence": 0.9832627773284912,
          "visible": true
        },
        {
          "name": "left_knee",
          "x": 170.6829833984375,
          "y": 291.3336181640625,
          "confidence": 0.9976414442062378,
          "visible": true
        },
        {
          "name": "right_knee",
          "x": 177.25680541992188,
          "y": 276.7443542480469,
          "confidence": 0.9859616160392761,
          "visible": true
        },
        {
          "name": "left_ankle",
          "x": 112.47616577148438,
          "y": 430.8712158203125,
          "confidence": 0.9750276207923889,
          "visible": true
        },
        {
          "name": "right_ankle",
          "x": 122.1220474243164,
          "y": 414.3097839355469,
          "confidence": 0.9280697107315063,
          "visible": true
        }
      ],
      "confidence_scores": [
        0.9787484407424927,
        0.9846603274345398,
        0.41770002245903015,
        0.9637112021446228,
        0.03434443846344948,
        0.9981073141098022,
        0.9598044157028198,
        0.9974383115768433,
        0.807328462600708,
        0.9976798892021179,
        0.9201940894126892,
        0.9964497089385986,
        0.9832627773284912,
        0.9976414442062378,
        0.9859616160392761,
        0.9750276207923889,
        0.9280697107315063
      ],
      "average_confidence": 0.8780076348168009
    }
  ]
}