{
  "timestamp": "2025-11-03T15:18:47.916257",
  "image_shape": {
    "height": 480,
    "width": 640,
    "channels": 3
  },
  "num_persons_detected": 1,
  "persons": [
    {
      "person_id": 0,
      "keypoints": [
        {
          "name": "nose",
          "x": 308.88916015625,
          "y": 84.092041015625,
          "confidence": 0.9693413972854614,
          "visible": true
        },
        {
          "name": "left_eye",
          "x": 313.36444091796875,
          "y": 69.8167724609375,
          "confidence": 0.9860427975654602,
          "visible": true
        },
        {
          "name": "right_eye",
          "x": 308.470458984375,
          "y": 70.97041320800781,
          "confidence": 0.21114765107631683,
          "visible": false
        },
        {
          "name": "left_ear",
          "x": 340.75128173828125,
          "y": 68.59738159179688,
          "confidence": 0.97718745470047,
          "visible": true
        },
        {
          "name": "right_ear",
          "x": 329.3111877441406,
          "y": 69.15193176269531,
          "confidence": 0.012330036610364914,
          "visible": false
        },
        {
          "name": "left_shoulder",
          "x": 371.1300964355469,
          "y": 141.74545288085938,
          "confidence": 0.9992038607597351,
          "visible": true
        },
        {
          "name": "right_shoulder",
          "x": 364.6986083984375,
          "y": 135.2825164794922,
          "confidence": 0.9361857175827026,
          "visible": true
        },
        {
          "name": "left_elbow",
          "x": 335.7690124511719,
          "y": 225.831787109375,
          "confidence": 0.998572587966919,
          "visible": true
        },
        {
          "name": "right_elbow",
          "x": 323.9450988769531,
          "y": 221.82546997070312,
          "confidence": 0.6530893445014954,
          "visible": true
        },
        {
          "name": "left_wrist",
          "x": 266.1158752441406,
          "y": 235.49478149414062,
          "confidence": 0.9977678060531616,
          "visible": true
        },
        {
          "name": "right_wrist",
          "x": 264.7924499511719,
          "y": 234.55538940429688,
          "confidence": 0.8408709764480591,
          "visible": true
        },
        {
          "name": "left_hip",
          "x": 334.2571105957031,
          "y": 288.0241394042969,
          "confidence": 0.9986698627471924,
          "visible": true
        },
        {
          "name": "right_hip",
          "x": 330.64666748046875,
          "y": 272.5901794433594,
          "confidence": 0.9884355068206787,
          "visible": true
        },
        {
          "name": "left_knee",
          "x": 200.05560302734375,
          "y": 298.458251953125,
          "confidence": 0.998637855052948,
          "visible": true
        },
        {
          "name": "right_knee",
          "x": 204.53375244140625,
          "y": 287.4217529296875,
          "confidence": 0.9872381687164307,
          "visible": true
        },
        {
          "name": "left_ankle",
          "x": 84.5078125,
          "y": 392.73419189453125,
          "confidence": 0.9857265949249268,
          "visible": true
        },
        {
          "name": "right_ankle",
          "x": 85.19140625,
          "y": 383.6161193847656,
          "confidence": 0.9453873038291931,
          "visible": true
        }
      ],
      "confidence_scores": [
        0.9693413972854614,
        0.9860427975654602,
        0.21114765107631683,
        0.97718745470047,
        0.012330036610364914,
        0.9992038607597351,
        0.9361857175827026,
        0.998572587966919,
        0.6530893445014954,
        0.9977678060531616,
        0.8408709764480591,
        0.9986698627471924,
        0.9884355068206787,
        0.998637855052948,
        0.9872381687164307,
        0.9857265949249268,
        0.9453873038291931
      ],
      "average_confidence": 0.8521079366259715
    }
  ]
}