{
  "timestamp": "2025-11-03T15:13:09.818436",
  "image_shape": {
    "height": 480,
    "width": 640,
    "channels": 3
  },
  "num_persons_detected": 1,
  "persons": [
    {
      "person_id": 0,
      "keypoints": [
        {
          "name": "nose",
          "x": 345.8863830566406,
          "y": 61.90972900390625,
          "confidence": 0.9792643785476685,
          "visible": true
        },
        {
          "name": "left_eye",
          "x": 358.6004638671875,
          "y": 50.46519470214844,
          "confidence": 0.9864685535430908,
          "visible": true
        },
        {
          "name": "right_eye",
          "x": 346.3951416015625,
          "y": 53.66102600097656,
          "confidence": 0.4985089898109436,
          "visible": false
        },
        {
          "name": "left_ear",
          "x": 387.615966796875,
          "y": 60.46112060546875,
          "confidence": 0.9597183465957642,
          "visible": true
        },
        {
          "name": "right_ear",
          "x": 362.5419006347656,
          "y": 63.49267578125,
          "confidence": 0.034775592386722565,
          "visible": false
        },
        {
          "name": "left_shoulder",
          "x": 372.4210510253906,
          "y": 120.35826110839844,
          "confidence": 0.9946328401565552,
          "visible": true
        },
        {
          "name": "right_shoulder",
          "x": 382.6144714355469,
          "y": 114.95011901855469,
          "confidence": 0.9255596399307251,
          "visible": true
        },
        {
          "name": "left_elbow",
          "x": 300.4175720214844,
          "y": 168.9582061767578,
          "confidence": 0.9956011772155762,
          "visible": true
        },
        {
          "name": "right_elbow",
          "x": 314.78302001953125,
          "y": 161.006591796875,
          "confidence": 0.6863161325454712,
          "visible": true
        },
        {
          "name": "left_wrist",
          "x": 202.2409210205078,
          "y": 168.63009643554688,
          "confidence": 0.9956738352775574,
          "visible": true
        },
        {
          "name": "right_wrist",
          "x": 218.5677032470703,
          "y": 171.04281616210938,
          "confidence": 0.8568447828292847,
          "visible": true
        },
        {
          "name": "left_hip",
          "x": 308.4787902832031,
          "y": 278.985595703125,
          "confidence": 0.9940733313560486,
          "visible": true
        },
        {
          "name": "right_hip",
          "x": 314.5827331542969,
          "y": 263.525146484375,
          "confidence": 0.9725744128227234,
          "visible": true
        },
        {
          "name": "left_knee",
          "x": 179.55548095703125,
          "y": 282.06524658203125,
          "confidence": 0.9963401556015015,
          "visible": true
        },
        {
          "name": "right_knee",
          "x": 203.39923095703125,
          "y": 269.6266784667969,
          "confidence": 0.9777305126190186,
          "visible": true
        },
        {
          "name": "left_ankle",
          "x": 188.10202026367188,
          "y": 403.3142395019531,
          "confidence": 0.973210334777832,
          "visible": true
        },
        {
          "name": "right_ankle",
          "x": 189.9796600341797,
          "y": 397.78143310546875,
          "confidence": 0.9209689497947693,
          "visible": true
        }
      ],
      "confidence_scores": [
        0.9792643785476685,
        0.9864685535430908,
        0.4985089898109436,
        0.9597183465957642,
        0.034775592386722565,
        0.9946328401565552,
        0.9255596399307251,
        0.9956011772155762,
        0.6863161325454712,
        0.9956738352775574,
        0.8568447828292847,
        0.9940733313560486,
        0.9725744128227234,
        0.9963401556015015,
        0.9777305126190186,
        0.973210334777832,
        0.9209689497947693
      ],
      "average_confidence": 0.867544821518309
    }
  ]
}