{
  "timestamp": "2025-11-03T15:18:50.194407",
  "image_shape": {
    "height": 480,
    "width": 640,
    "channels": 3
  },
  "num_persons_detected": 1,
  "persons": [
    {
      "person_id": 0,
      "keypoints": [
        {
          "name": "nose",
          "x": 307.35723876953125,
          "y": 78.94828796386719,
          "confidence": 0.9739060401916504,
          "visible": true
        },
        {
          "name": "left_eye",
          "x": 314.0196228027344,
          "y": 65.66958618164062,
          "confidence": 0.984443187713623,
          "visible": true
        },
        {
          "name": "right_eye",
          "x": 307.1507568359375,
          "y": 66.81242370605469,
          "confidence": 0.3099958002567291,
          "visible": false
        },
        {
          "name": "left_ear",
          "x": 341.7496643066406,
          "y": 68.91424560546875,
          "confidence": 0.9771864414215088,
          "visible": true
        },
        {
          "name": "right_ear",
          "x": 327.0668640136719,
          "y": 68.97825622558594,
          "confidence": 0.024347083643078804,
          "visible": false
        },
        {
          "name": "left_shoulder",
          "x": 371.02081298828125,
          "y": 137.6890869140625,
          "confidence": 0.9987851977348328,
          "visible": true
        },
        {
          "name": "right_shoulder",
          "x": 356.04583740234375,
          "y": 130.5113067626953,
          "confidence": 0.9689474105834961,
          "visible": true
        },
        {
          "name": "left_elbow",
          "x": 342.25128173828125,
          "y": 228.47518920898438,
          "confidence": 0.9977954626083374,
          "visible": true
        },
        {
          "name": "right_elbow",
          "x": 318.7416687011719,
          "y": 221.09796142578125,
          "confidence": 0.8268256187438965,
          "visible": true
        },
        {
          "name": "left_wrist",
          "x": 267.5035705566406,
          "y": 235.57168579101562,
          "confidence": 0.9974381923675537,
          "visible": true
        },
        {
          "name": "right_wrist",
          "x": 261.5635986328125,
          "y": 236.10208129882812,
          "confidence": 0.9136115908622742,
          "visible": true
        },
        {
          "name": "left_hip",
          "x": 330.99395751953125,
          "y": 287.63702392578125,
          "confidence": 0.9981332421302795,
          "visible": true
        },
        {
          "name": "right_hip",
          "x": 322.8319091796875,
          "y": 271.1607666015625,
          "confidence": 0.9909267425537109,
          "visible": true
        },
        {
          "name": "left_knee",
          "x": 182.74867248535156,
          "y": 299.5013732910156,
          "confidence": 0.9984793066978455,
          "visible": true
        },
        {
          "name": "right_knee",
          "x": 187.46165466308594,
          "y": 286.08203125,
          "confidence": 0.991323709487915,
          "visible": true
        },
        {
          "name": "left_ankle",
          "x": 97.6351318359375,
          "y": 423.7486572265625,
          "confidence": 0.9836810827255249,
          "visible": true
        },
        {
          "name": "right_ankle",
          "x": 106.44503784179688,
          "y": 411.8389587402344,
          "confidence": 0.9548856019973755,
          "visible": true
        }
      ],
      "confidence_scores": [
        0.9739060401916504,
        0.984443187713623,
        0.3099958002567291,
        0.9771864414215088,
        0.024347083643078804,
        0.9987851977348328,
        0.9689474105834961,
        0.9977954626083374,
        0.8268256187438965,
        0.9974381923675537,
        0.9136115908622742,
        0.9981332421302795,
        0.9909267425537109,
        0.9984793066978455,
        0.991323709487915,
        0.9836810827255249,
        0.9548856019973755
      ],
      "average_confidence": 0.875924218336449
    }
  ]
}