{
  "timestamp": "2025-11-03T15:16:39.135962",
  "image_shape": {
    "height": 480,
    "width": 640,
    "channels": 3
  },
  "num_persons_detected": 2,
  "persons": [
    {
      "person_id": 0,
      "keypoints": [
        {
          "name": "nose",
          "x": 255.49327087402344,
          "y": 50.27392578125,
          "confidence": 0.9869381189346313,
          "visible": true
        },
        {
          "name": "left_eye",
          "x": 265.904052734375,
          "y": 38.16612243652344,
          "confidence": 0.9930039048194885,
          "visible": true
        },
        {
          "name": "right_eye",
          "x": 255.57301330566406,
          "y": 38.01054382324219,
          "confidence": 0.4964316189289093,
          "visible": false
        },
        {
          "name": "left_ear",
          "x": 297.2009582519531,
          "y": 46.08424377441406,
          "confidence": 0.9864830374717712,
          "visible": true
        },
        {
          "name": "right_ear",
          "x": 271.6477966308594,
          "y": 42.95912170410156,
          "confidence": 0.016100214794278145,
          "visible": false
        },
        {
          "name": "left_shoulder",
          "x": 326.085693359375,
          "y": 115.411865234375,
          "confidence": 0.9983495473861694,
          "visible": true
        },
        {
          "name": "right_shoulder",
          "x": 294.95361328125,
          "y": 103.75834655761719,
          "confidence": 0.95412677526474,
          "visible": true
        },
        {
          "name": "left_elbow",
          "x": 321.39874267578125,
          "y": 223.11947631835938,
          "confidence": 0.9978038668632507,
          "visible": true
        },
        {
          "name": "right_elbow",
          "x": 282.077880859375,
          "y": 198.5689697265625,
          "confidence": 0.7786516547203064,
          "visible": true
        },
        {
          "name": "left_wrist",
          "x": 242.8661651611328,
          "y": 213.88589477539062,
          "confidence": 0.9980987906455994,
          "visible": true
        },
        {
          "name": "right_wrist",
          "x": 238.49050903320312,
          "y": 208.0206298828125,
          "confidence": 0.9104709625244141,
          "visible": true
        },
        {
          "name": "left_hip",
          "x": 312.8038330078125,
          "y": 265.0359191894531,
          "confidence": 0.9966694712638855,
          "visible": true
        },
        {
          "name": "right_hip",
          "x": 294.32391357421875,
          "y": 248.22340393066406,
          "confidence": 0.9832484722137451,
          "visible": true
        },
        {
          "name": "left_knee",
          "x": 181.1135711669922,
          "y": 277.5286560058594,
          "confidence": 0.9978033900260925,
          "visible": true
        },
        {
          "name": "right_knee",
          "x": 177.79373168945312,
          "y": 254.88275146484375,
          "confidence": 0.986586332321167,
          "visible": true
        },
        {
          "name": "left_ankle",
          "x": 191.69796752929688,
          "y": 415.1038513183594,
          "confidence": 0.9764617085456848,
          "visible": true
        },
        {
          "name": "right_ankle",
          "x": 197.69223022460938,
          "y": 389.06231689453125,
          "confidence": 0.9353498816490173,
          "visible": true
        }
      ],
      "confidence_scores": [
        0.9869381189346313,
        0.9930039048194885,
        0.4964316189289093,
        0.9864830374717712,
        0.016100214794278145,
        0.9983495473861694,
        0.95412677526474,
        0.9978038668632507,
        0.7786516547203064,
        0.9980987906455994,
        0.9104709625244141,
        0.9966694712638855,
        0.9832484722137451,
        0.9978033900260925,
        0.986586332321167,
        0.9764617085456848,
        0.9353498816490173
      ],
      "average_confidence": 0.8819163381395971
    },
    {
      "person_id": 1,
      "keypoints": [
        {
          "name": "nose",
          "x": 30.898759841918945,
          "y": 0.0,
          "confidence": 0.001709475414827466,
          "visible": false
        },
        {
          "name": "left_eye",
          "x": 27.621509552001953,
          "y": 0.0,
          "confidence": 0.0016390972305089235,
          "visible": false
        },
        {
          "name": "right_eye",
          "x": 33.75695037841797,
          "y": 0.0,
          "confidence": 0.0006598017062060535,
          "visible": false
        },
        {
          "name": "left_ear",
          "x": 30.135948181152344,
          "y": 0.0,
          "confidence": 0.008879064582288265,
          "visible": false
        },
        {
          "name": "right_ear",
          "x": 43.930423736572266,
          "y": 0.0,
          "confidence": 0.0026374412700533867,
          "visible": false
        },
        {
          "name": "left_shoulder",
          "x": 38.70280838012695,
          "y": 0.0,
          "confidence": 0.0096362279728055,
          "visible": false
        },
        {
          "name": "right_shoulder",
          "x": 52.29799270629883,
          "y": 0.0,
          "confidence": 0.004454262554645538,
          "visible": false
        },
        {
          "name": "left_elbow",
          "x": 40.787353515625,
          "y": 47.45948791503906,
          "confidence": 0.06015770509839058,
          "visible": false
        },
        {
          "name": "right_elbow",
          "x": 50.3814697265625,
          "y": 42.452056884765625,
          "confidence": 0.017496487125754356,
          "visible": false
        },
        {
          "name": "left_wrist",
          "x": 22.017786026000977,
          "y": 155.66177368164062,
          "confidence": 0.16172301769256592,
          "visible": false
        },
        {
          "name": "right_wrist",
          "x": 17.727325439453125,
          "y": 151.08743286132812,
          "confidence": 0.06879577785730362,
          "visible": false
        },
        {
          "name": "left_hip",
          "x": 31.512178421020508,
          "y": 80.79856872558594,
          "confidence": 0.040430642664432526,
          "visible": false
        },
        {
          "name": "right_hip",
          "x": 41.96107482910156,
          "y": 79.3492431640625,
          "confidence": 0.02770695462822914,
          "visible": false
        },
        {
          "name": "left_knee",
          "x": 26.45230484008789,
          "y": 119.37315368652344,
          "confidence": 0.10723518580198288,
          "visible": false
        },
        {
          "name": "right_knee",
          "x": 25.926055908203125,
          "y": 117.61247253417969,
          "confidence": 0.07519349455833435,
          "visible": false
        },
        {
          "name": "left_ankle",
          "x": 13.47912883758545,
          "y": 210.4095458984375,
          "confidence": 0.13057856261730194,
          "visible": false
        },
        {
          "name": "right_ankle",
          "x": 10.236318588256836,
          "y": 209.83401489257812,
          "confidence": 0.10228750109672546,
          "visible": false
        }
      ],
      "confidence_scores": [
        0.001709475414827466,
        0.0016390972305089235,
        0.0006598017062060535,
        0.008879064582288265,
        0.0026374412700533867,
        0.0096362279728055,
        0.004454262554645538,
        0.06015770509839058,
        0.017496487125754356,
        0.16172301769256592,
        0.06879577785730362,
        0.040430642664432526,
        0.02770695462822914,
        0.10723518580198288,
        0.07519349455833435,
        0.13057856261730194,
        0.10228750109672546
      ],
      "average_confidence": 0.048307099992491526
    }
  ]
}