{
  "timestamp": "2025-11-03T15:15:08.035503",
  "image_shape": {
    "height": 480,
    "width": 640,
    "channels": 3
  },
  "num_persons_detected": 1,
  "persons": [
    {
      "person_id": 0,
      "keypoints": [
        {
          "name": "nose",
          "x": 192.99070739746094,
          "y": 271.1907653808594,
          "confidence": 0.7155346870422363,
          "visible": true
        },
        {
          "name": "left_eye",
          "x": 186.89862060546875,
          "y": 262.48028564453125,
          "confidence": 0.7357897162437439,
          "visible": true
        },
        {
          "name": "right_eye",
          "x": 189.4495849609375,
          "y": 259.197998046875,
          "confidence": 0.06010938435792923,
          "visible": false
        },
        {
          "name": "left_ear",
          "x": 192.9647216796875,
          "y": 233.5181884765625,
          "confidence": 0.43522322177886963,
          "visible": false
        },
        {
          "name": "right_ear",
          "x": 189.411376953125,
          "y": 228.5047149658203,
          "confidence": 0.008983008563518524,
          "visible": false
        },
        {
          "name": "left_shoulder",
          "x": 228.16957092285156,
          "y": 223.20559692382812,
          "confidence": 0.9824041724205017,
          "visible": true
        },
        {
          "name": "right_shoulder",
          "x": 237.557861328125,
          "y": 206.9142608642578,
          "confidence": 0.4408752918243408,
          "visible": false
        },
        {
          "name": "left_elbow",
          "x": 224.2421417236328,
          "y": 325.20587158203125,
          "confidence": 0.9935467839241028,
          "visible": true
        },
        {
          "name": "right_elbow",
          "x": 231.15037536621094,
          "y": 294.6667785644531,
          "confidence": 0.3414585590362549,
          "visible": false
        },
        {
          "name": "left_wrist",
          "x": 215.773193359375,
          "y": 408.315673828125,
          "confidence": 0.9864663481712341,
          "visible": true
        },
        {
          "name": "right_wrist",
          "x": 215.1294708251953,
          "y": 381.5221862792969,
          "confidence": 0.5713427662849426,
          "visible": true
        },
        {
          "name": "left_hip",
          "x": 336.58447265625,
          "y": 260.28802490234375,
          "confidence": 0.9737387895584106,
          "visible": true
        },
        {
          "name": "right_hip",
          "x": 344.58416748046875,
          "y": 252.36322021484375,
          "confidence": 0.8353524804115295,
          "visible": true
        },
        {
          "name": "left_knee",
          "x": 202.3755340576172,
          "y": 284.9272155761719,
          "confidence": 0.9856945872306824,
          "visible": true
        },
        {
          "name": "right_knee",
          "x": 222.35682678222656,
          "y": 272.60479736328125,
          "confidence": 0.8771044015884399,
          "visible": true
        },
        {
          "name": "left_ankle",
          "x": 243.49522399902344,
          "y": 407.71234130859375,
          "confidence": 0.9139040112495422,
          "visible": true
        },
        {
          "name": "right_ankle",
          "x": 259.55401611328125,
          "y": 395.67962646484375,
          "confidence": 0.712475061416626,
          "visible": true
        }
      ],
      "confidence_scores": [
        0.7155346870422363,
        0.7357897162437439,
        0.06010938435792923,
        0.43522322177886963,
        0.008983008563518524,
        0.9824041724205017,
        0.4408752918243408,
        0.9935467839241028,
        0.3414585590362549,
        0.9864663481712341,
        0.5713427662849426,
        0.9737387895584106,
        0.8353524804115295,
        0.9856945872306824,
        0.8771044015884399,
        0.9139040112495422,
        0.712475061416626
      ],
      "average_confidence": 0.6805884277119356
    }
  ]
}