{
  "timestamp": "2025-11-03T15:18:20.055316",
  "image_shape": {
    "height": 480,
    "width": 640,
    "channels": 3
  },
  "num_persons_detected": 2,
  "persons": [
    {
      "person_id": 0,
      "keypoints": [
        {
          "name": "nose",
          "x": 356.42803955078125,
          "y": 62.32572937011719,
          "confidence": 0.8342482447624207,
          "visible": true
        },
        {
          "name": "left_eye",
          "x": 362.1936950683594,
          "y": 52.11988830566406,
          "confidence": 0.9066011309623718,
          "visible": true
        },
        {
          "name": "right_eye",
          "x": 361.38153076171875,
          "y": 53.58082580566406,
          "confidence": 0.07406975328922272,
          "visible": false
        },
        {
          "name": "left_ear",
          "x": 380.72308349609375,
          "y": 61.3341064453125,
          "confidence": 0.9444243907928467,
          "visible": true
        },
        {
          "name": "right_ear",
          "x": 382.27716064453125,
          "y": 61.50140380859375,
          "confidence": 0.01393451914191246,
          "visible": false
        },
        {
          "name": "left_shoulder",
          "x": 378.62908935546875,
          "y": 127.06658935546875,
          "confidence": 0.9932600855827332,
          "visible": true
        },
        {
          "name": "right_shoulder",
          "x": 396.986083984375,
          "y": 115.50086975097656,
          "confidence": 0.8493093252182007,
          "visible": true
        },
        {
          "name": "left_elbow",
          "x": 342.09326171875,
          "y": 225.5191650390625,
          "confidence": 0.9964537620544434,
          "visible": true
        },
        {
          "name": "right_elbow",
          "x": 362.2706604003906,
          "y": 202.64686584472656,
          "confidence": 0.5588536858558655,
          "visible": true
        },
        {
          "name": "left_wrist",
          "x": 258.3356018066406,
          "y": 239.4115447998047,
          "confidence": 0.9967291355133057,
          "visible": true
        },
        {
          "name": "right_wrist",
          "x": 288.80963134765625,
          "y": 227.13925170898438,
          "confidence": 0.7934902310371399,
          "visible": true
        },
        {
          "name": "left_hip",
          "x": 337.726806640625,
          "y": 283.9683837890625,
          "confidence": 0.9913873076438904,
          "visible": true
        },
        {
          "name": "right_hip",
          "x": 349.0302734375,
          "y": 266.4053649902344,
          "confidence": 0.949323832988739,
          "visible": true
        },
        {
          "name": "left_knee",
          "x": 185.28073120117188,
          "y": 284.8503723144531,
          "confidence": 0.9940081834793091,
          "visible": true
        },
        {
          "name": "right_knee",
          "x": 198.85623168945312,
          "y": 266.47711181640625,
          "confidence": 0.9483005404472351,
          "visible": true
        },
        {
          "name": "left_ankle",
          "x": 220.2447967529297,
          "y": 418.79217529296875,
          "confidence": 0.9413266777992249,
          "visible": true
        },
        {
          "name": "right_ankle",
          "x": 215.52792358398438,
          "y": 400.54315185546875,
          "confidence": 0.800481379032135,
          "visible": true
        }
      ],
      "confidence_scores": [
        0.8342482447624207,
        0.9066011309623718,
        0.07406975328922272,
        0.9444243907928467,
        0.01393451914191246,
        0.9932600855827332,
        0.8493093252182007,
        0.9964537620544434,
        0.5588536858558655,
        0.9967291355133057,
        0.7934902310371399,
        0.9913873076438904,
        0.949323832988739,
        0.9940081834793091,
        0.9483005404472351,
        0.9413266777992249,
        0.800481379032135
      ],
      "average_confidence": 0.7991883638588821
    },
    {
      "person_id": 1,
      "keypoints": [
        {
          "name": "nose",
          "x": 1.6809883117675781,
          "y": 75.51240539550781,
          "confidence": 0.05146993696689606,
          "visible": false
        },
        {
          "name": "left_eye",
          "x": 0.38909149169921875,
          "y": 65.65054321289062,
          "confidence": 0.05249745026230812,
          "visible": false
        },
        {
          "name": "right_eye",
          "x": 3.3408851623535156,
          "y": 65.32296752929688,
          "confidence": 0.013233260251581669,
          "visible": false
        },
        {
          "name": "left_ear",
          "x": 4.625608444213867,
          "y": 69.64672088623047,
          "confidence": 0.10134824365377426,
          "visible": false
        },
        {
          "name": "right_ear",
          "x": 13.527036666870117,
          "y": 68.62809753417969,
          "confidence": 0.015255797654390335,
          "visible": false
        },
        {
          "name": "left_shoulder",
          "x": 16.15254783630371,
          "y": 127.62971496582031,
          "confidence": 0.15524064004421234,
          "visible": false
        },
        {
          "name": "right_shoulder",
          "x": 14.431014060974121,
          "y": 123.07999420166016,
          "confidence": 0.03148005157709122,
          "visible": false
        },
        {
          "name": "left_elbow",
          "x": 19.10809326171875,
          "y": 146.62477111816406,
          "confidence": 0.1919732391834259,
          "visible": false
        },
        {
          "name": "right_elbow",
          "x": 18.277587890625,
          "y": 141.738525390625,
          "confidence": 0.024429021403193474,
          "visible": false
        },
        {
          "name": "left_wrist",
          "x": 8.457719802856445,
          "y": 105.45211791992188,
          "confidence": 0.2489859014749527,
          "visible": false
        },
        {
          "name": "right_wrist",
          "x": 9.45675277709961,
          "y": 106.13662719726562,
          "confidence": 0.0653298944234848,
          "visible": false
        },
        {
          "name": "left_hip",
          "x": 5.474387168884277,
          "y": 233.67640686035156,
          "confidence": 0.11171775311231613,
          "visible": false
        },
        {
          "name": "right_hip",
          "x": 3.5028934478759766,
          "y": 230.92591857910156,
          "confidence": 0.053507160395383835,
          "visible": false
        },
        {
          "name": "left_knee",
          "x": 6.788774490356445,
          "y": 303.13214111328125,
          "confidence": 0.09174158424139023,
          "visible": false
        },
        {
          "name": "right_knee",
          "x": 6.029014587402344,
          "y": 302.04571533203125,
          "confidence": 0.045053645968437195,
          "visible": false
        },
        {
          "name": "left_ankle",
          "x": 1.6202863454818726,
          "y": 406.966796875,
          "confidence": 0.030024101957678795,
          "visible": false
        },
        {
          "name": "right_ankle",
          "x": 4.389319896697998,
          "y": 407.74725341796875,
          "confidence": 0.017701931297779083,
          "visible": false
        }
      ],
      "confidence_scores": [
        0.05146993696689606,
        0.05249745026230812,
        0.013233260251581669,
        0.10134824365377426,
        0.015255797654390335,
        0.15524064004421234,
        0.03148005157709122,
        0.1919732391834259,
        0.024429021403193474,
        0.2489859014749527,
        0.0653298944234848,
        0.11171775311231613,
        0.053507160395383835,
        0.09174158424139023,
        0.045053645968437195,
        0.030024101957678795,
        0.017701931297779083
      ],
      "average_confidence": 0.07652880081578213
    }
  ]
}