{
  "timestamp": "2025-11-03T15:18:19.601250",
  "image_shape": {
    "height": 480,
    "width": 640,
    "channels": 3
  },
  "num_persons_detected": 2,
  "persons": [
    {
      "person_id": 0,
      "keypoints": [
        {
          "name": "nose",
          "x": 345.936767578125,
          "y": 57.238494873046875,
          "confidence": 0.9233696460723877,
          "visible": true
        },
        {
          "name": "left_eye",
          "x": 352.4391174316406,
          "y": 46.024505615234375,
          "confidence": 0.9598095417022705,
          "visible": true
        },
        {
          "name": "right_eye",
          "x": 350.0933837890625,
          "y": 48.056640625,
          "confidence": 0.15208125114440918,
          "visible": false
        },
        {
          "name": "left_ear",
          "x": 374.8154296875,
          "y": 55.13470458984375,
          "confidence": 0.9622660279273987,
          "visible": true
        },
        {
          "name": "right_ear",
          "x": 372.10601806640625,
          "y": 56.044219970703125,
          "confidence": 0.0170641727745533,
          "visible": false
        },
        {
          "name": "left_shoulder",
          "x": 378.08819580078125,
          "y": 125.68878173828125,
          "confidence": 0.9945647716522217,
          "visible": true
        },
        {
          "name": "right_shoulder",
          "x": 392.6903076171875,
          "y": 114.85479736328125,
          "confidence": 0.8790839910507202,
          "visible": true
        },
        {
          "name": "left_elbow",
          "x": 343.2127685546875,
          "y": 227.9832763671875,
          "confidence": 0.9963067770004272,
          "visible": true
        },
        {
          "name": "right_elbow",
          "x": 364.274658203125,
          "y": 204.5321044921875,
          "confidence": 0.5747895836830139,
          "visible": true
        },
        {
          "name": "left_wrist",
          "x": 258.78656005859375,
          "y": 240.9163818359375,
          "confidence": 0.9969021081924438,
          "visible": true
        },
        {
          "name": "right_wrist",
          "x": 291.5923156738281,
          "y": 226.9551239013672,
          "confidence": 0.8142577409744263,
          "visible": true
        },
        {
          "name": "left_hip",
          "x": 342.53558349609375,
          "y": 284.24993896484375,
          "confidence": 0.9898074269294739,
          "visible": true
        },
        {
          "name": "right_hip",
          "x": 351.8109436035156,
          "y": 266.874755859375,
          "confidence": 0.9428356885910034,
          "visible": true
        },
        {
          "name": "left_knee",
          "x": 190.37948608398438,
          "y": 283.86676025390625,
          "confidence": 0.993614673614502,
          "visible": true
        },
        {
          "name": "right_knee",
          "x": 202.628173828125,
          "y": 266.0527038574219,
          "confidence": 0.9478682279586792,
          "visible": true
        },
        {
          "name": "left_ankle",
          "x": 219.0849609375,
          "y": 420.08367919921875,
          "confidence": 0.9396997690200806,
          "visible": true
        },
        {
          "name": "right_ankle",
          "x": 216.20892333984375,
          "y": 402.8849182128906,
          "confidence": 0.8036479949951172,
          "visible": true
        }
      ],
      "confidence_scores": [
        0.9233696460723877,
        0.9598095417022705,
        0.15208125114440918,
        0.9622660279273987,
        0.0170641727745533,
        0.9945647716522217,
        0.8790839910507202,
        0.9963067770004272,
        0.5747895836830139,
        0.9969021081924438,
        0.8142577409744263,
        0.9898074269294739,
        0.9428356885910034,
        0.993614673614502,
        0.9478682279586792,
        0.9396997690200806,
        0.8036479949951172
      ],
      "average_confidence": 0.8169393760754782
    },
    {
      "person_id": 1,
      "keypoints": [
        {
          "name": "nose",
          "x": 0.0,
          "y": 71.590087890625,
          "confidence": 0.023570919409394264,
          "visible": false
        },
        {
          "name": "left_eye",
          "x": 0.0,
          "y": 63.82148742675781,
          "confidence": 0.030278168618679047,
          "visible": false
        },
        {
          "name": "right_eye",
          "x": 1.2019786834716797,
          "y": 63.57569885253906,
          "confidence": 0.006018918938934803,
          "visible": false
        },
        {
          "name": "left_ear",
          "x": 3.329244613647461,
          "y": 67.60020446777344,
          "confidence": 0.12373248487710953,
          "visible": false
        },
        {
          "name": "right_ear",
          "x": 14.616474151611328,
          "y": 66.734130859375,
          "confidence": 0.013370449654757977,
          "visible": false
        },
        {
          "name": "left_shoulder",
          "x": 17.247909545898438,
          "y": 114.70932006835938,
          "confidence": 0.17477306723594666,
          "visible": false
        },
        {
          "name": "right_shoulder",
          "x": 16.524263381958008,
          "y": 109.64016723632812,
          "confidence": 0.025143031030893326,
          "visible": false
        },
        {
          "name": "left_elbow",
          "x": 20.77166748046875,
          "y": 149.72222900390625,
          "confidence": 0.18708139657974243,
          "visible": false
        },
        {
          "name": "right_elbow",
          "x": 20.392000198364258,
          "y": 144.30780029296875,
          "confidence": 0.015773002058267593,
          "visible": false
        },
        {
          "name": "left_wrist",
          "x": 12.411646842956543,
          "y": 117.31771850585938,
          "confidence": 0.15068110823631287,
          "visible": false
        },
        {
          "name": "right_wrist",
          "x": 13.299484252929688,
          "y": 114.97607421875,
          "confidence": 0.026785099878907204,
          "visible": false
        },
        {
          "name": "left_hip",
          "x": 5.246537208557129,
          "y": 203.03543090820312,
          "confidence": 0.13083353638648987,
          "visible": false
        },
        {
          "name": "right_hip",
          "x": 4.268657207489014,
          "y": 199.78048706054688,
          "confidence": 0.05478721857070923,
          "visible": false
        },
        {
          "name": "left_knee",
          "x": 4.508259296417236,
          "y": 301.78594970703125,
          "confidence": 0.18991951644420624,
          "visible": false
        },
        {
          "name": "right_knee",
          "x": 2.578007936477661,
          "y": 300.67120361328125,
          "confidence": 0.08900932222604752,
          "visible": false
        },
        {
          "name": "left_ankle",
          "x": 2.231265068054199,
          "y": 408.71923828125,
          "confidence": 0.07452651858329773,
          "visible": false
        },
        {
          "name": "right_ankle",
          "x": 1.0637192726135254,
          "y": 409.48504638671875,
          "confidence": 0.04183271899819374,
          "visible": false
        }
      ],
      "confidence_scores": [
        0.023570919409394264,
        0.030278168618679047,
        0.006018918938934803,
        0.12373248487710953,
        0.013370449654757977,
        0.17477306723594666,
        0.025143031030893326,
        0.18708139657974243,
        0.015773002058267593,
        0.15068110823631287,
        0.026785099878907204,
        0.13083353638648987,
        0.05478721857070923,
        0.18991951644420624,
        0.08900932222604752,
        0.07452651858329773,
        0.04183271899819374
      ],
      "average_confidence": 0.07988920457222883
    }
  ]
}