{
  "timestamp": "2025-11-03T15:15:07.099972",
  "image_shape": {
    "height": 480,
    "width": 640,
    "channels": 3
  },
  "num_persons_detected": 1,
  "persons": [
    {
      "person_id": 0,
      "keypoints": [
        {
          "name": "nose",
          "x": 200.53857421875,
          "y": 244.13719177246094,
          "confidence": 0.8214476108551025,
          "visible": true
        },
        {
          "name": "left_eye",
          "x": 197.683349609375,
          "y": 234.0760955810547,
          "confidence": 0.912083625793457,
          "visible": true
        },
        {
          "name": "right_eye",
          "x": 193.70578002929688,
          "y": 232.92236328125,
          "confidence": 0.09974883496761322,
          "visible": false
        },
        {
          "name": "left_ear",
          "x": 214.5896759033203,
          "y": 204.04017639160156,
          "confidence": 0.7942396998405457,
          "visible": true
        },
        {
          "name": "right_ear",
          "x": 195.9381103515625,
          "y": 205.3817138671875,
          "confidence": 0.0053642624989151955,
          "visible": false
        },
        {
          "name": "left_shoulder",
          "x": 249.46694946289062,
          "y": 200.778564453125,
          "confidence": 0.9616929292678833,
          "visible": true
        },
        {
          "name": "right_shoulder",
          "x": 242.08554077148438,
          "y": 188.21408081054688,
          "confidence": 0.5328661203384399,
          "visible": true
        },
        {
          "name": "left_elbow",
          "x": 221.799072265625,
          "y": 306.02069091796875,
          "confidence": 0.9836582541465759,
          "visible": true
        },
        {
          "name": "right_elbow",
          "x": 225.359619140625,
          "y": 267.9676818847656,
          "confidence": 0.3983971178531647,
          "visible": false
        },
        {
          "name": "left_wrist",
          "x": 202.65487670898438,
          "y": 394.7536926269531,
          "confidence": 0.9833407998085022,
          "visible": true
        },
        {
          "name": "right_wrist",
          "x": 222.4339599609375,
          "y": 341.10662841796875,
          "confidence": 0.6993510127067566,
          "visible": true
        },
        {
          "name": "left_hip",
          "x": 336.0343933105469,
          "y": 245.2461395263672,
          "confidence": 0.9696216583251953,
          "visible": true
        },
        {
          "name": "right_hip",
          "x": 333.4522399902344,
          "y": 239.07403564453125,
          "confidence": 0.8786419034004211,
          "visible": true
        },
        {
          "name": "left_knee",
          "x": 212.6962127685547,
          "y": 276.460205078125,
          "confidence": 0.9904286861419678,
          "visible": true
        },
        {
          "name": "right_knee",
          "x": 224.04693603515625,
          "y": 270.82293701171875,
          "confidence": 0.9486005902290344,
          "visible": true
        },
        {
          "name": "left_ankle",
          "x": 250.32823181152344,
          "y": 404.0306091308594,
          "confidence": 0.9600034356117249,
          "visible": true
        },
        {
          "name": "right_ankle",
          "x": 263.8735656738281,
          "y": 405.00067138671875,
          "confidence": 0.8990198969841003,
          "visible": true
        }
      ],
      "confidence_scores": [
        0.8214476108551025,
        0.912083625793457,
        0.09974883496761322,
        0.7942396998405457,
        0.0053642624989151955,
        0.9616929292678833,
        0.5328661203384399,
        0.9836582541465759,
        0.3983971178531647,
        0.9833407998085022,
        0.6993510127067566,
        0.9696216583251953,
        0.8786419034004211,
        0.9904286861419678,
        0.9486005902290344,
        0.9600034356117249,
        0.8990198969841003
      ],
      "average_confidence": 0.7552062611040824
    }
  ]
}