{
  "timestamp": "2025-11-03T15:19:03.143037",
  "image_shape": {
    "height": 480,
    "width": 640,
    "channels": 3
  },
  "num_persons_detected": 1,
  "persons": [
    {
      "person_id": 0,
      "keypoints": [
        {
          "name": "nose",
          "x": 312.1601257324219,
          "y": 60.0633544921875,
          "confidence": 0.9902229309082031,
          "visible": true
        },
        {
          "name": "left_eye",
          "x": 323.7667541503906,
          "y": 45.44493103027344,
          "confidence": 0.9923406839370728,
          "visible": true
        },
        {
          "name": "right_eye",
          "x": 309.947998046875,
          "y": 49.0325927734375,
          "confidence": 0.6840395331382751,
          "visible": true
        },
        {
          "name": "left_ear",
          "x": 357.33148193359375,
          "y": 45.62178039550781,
          "confidence": 0.9786474704742432,
          "visible": true
        },
        {
          "name": "right_ear",
          "x": 320.0208435058594,
          "y": 50.80488586425781,
          "confidence": 0.03430939465761185,
          "visible": false
        },
        {
          "name": "left_shoulder",
          "x": 371.40728759765625,
          "y": 119.03286743164062,
          "confidence": 0.9964319467544556,
          "visible": true
        },
        {
          "name": "right_shoulder",
          "x": 335.880859375,
          "y": 112.09762573242188,
          "confidence": 0.9717802405357361,
          "visible": true
        },
        {
          "name": "left_elbow",
          "x": 358.7113952636719,
          "y": 234.25979614257812,
          "confidence": 0.995719850063324,
          "visible": true
        },
        {
          "name": "right_elbow",
          "x": 319.82684326171875,
          "y": 205.31509399414062,
          "confidence": 0.8264293074607849,
          "visible": true
        },
        {
          "name": "left_wrist",
          "x": 270.9759521484375,
          "y": 246.34739685058594,
          "confidence": 0.9973430037498474,
          "visible": true
        },
        {
          "name": "right_wrist",
          "x": 259.36285400390625,
          "y": 238.05227661132812,
          "confidence": 0.923233151435852,
          "visible": true
        },
        {
          "name": "left_hip",
          "x": 337.77728271484375,
          "y": 287.4333190917969,
          "confidence": 0.9928832054138184,
          "visible": true
        },
        {
          "name": "right_hip",
          "x": 315.4275207519531,
          "y": 272.5249938964844,
          "confidence": 0.9764437675476074,
          "visible": true
        },
        {
          "name": "left_knee",
          "x": 204.35452270507812,
          "y": 292.83966064453125,
          "confidence": 0.9932839870452881,
          "visible": true
        },
        {
          "name": "right_knee",
          "x": 201.55636596679688,
          "y": 275.4480895996094,
          "confidence": 0.9686195850372314,
          "visible": true
        },
        {
          "name": "left_ankle",
          "x": 297.5278015136719,
          "y": 384.9758605957031,
          "confidence": 0.9355065822601318,
          "visible": true
        },
        {
          "name": "right_ankle",
          "x": 297.79364013671875,
          "y": 374.6489562988281,
          "confidence": 0.8519446849822998,
          "visible": true
        }
      ],
      "confidence_scores": [
        0.9902229309082031,
        0.9923406839370728,
        0.6840395331382751,
        0.9786474704742432,
        0.03430939465761185,
        0.9964319467544556,
        0.9717802405357361,
        0.995719850063324,
        0.8264293074607849,
        0.9973430037498474,
        0.923233151435852,
        0.9928832054138184,
        0.9764437675476074,
        0.9932839870452881,
        0.9686195850372314,
        0.9355065822601318,
        0.8519446849822998
      ],
      "average_confidence": 0.888775254435399
    }
  ]
}