{
  "timestamp": "2025-11-03T15:14:56.002094",
  "image_shape": {
    "height": 480,
    "width": 640,
    "channels": 3
  },
  "num_persons_detected": 1,
  "persons": [
    {
      "person_id": 0,
      "keypoints": [
        {
          "name": "nose",
          "x": 229.47373962402344,
          "y": 70.39108276367188,
          "confidence": 0.9737197160720825,
          "visible": true
        },
        {
          "name": "left_eye",
          "x": 237.59963989257812,
          "y": 59.27064514160156,
          "confidence": 0.9877594113349915,
          "visible": true
        },
        {
          "name": "right_eye",
          "x": 234.25445556640625,
          "y": 62.87895202636719,
          "confidence": 0.2911950349807739,
          "visible": false
        },
        {
          "name": "left_ear",
          "x": 271.9832763671875,
          "y": 66.17005920410156,
          "confidence": 0.9863650798797607,
          "visible": true
        },
        {
          "name": "right_ear",
          "x": 262.88360595703125,
          "y": 67.81236267089844,
          "confidence": 0.012825071811676025,
          "visible": false
        },
        {
          "name": "left_shoulder",
          "x": 297.36651611328125,
          "y": 127.66622161865234,
          "confidence": 0.996807873249054,
          "visible": true
        },
        {
          "name": "right_shoulder",
          "x": 303.98223876953125,
          "y": 119.35528564453125,
          "confidence": 0.939521849155426,
          "visible": true
        },
        {
          "name": "left_elbow",
          "x": 306.2625427246094,
          "y": 224.77481079101562,
          "confidence": 0.9964489936828613,
          "visible": true
        },
        {
          "name": "right_elbow",
          "x": 295.92218017578125,
          "y": 200.91819763183594,
          "confidence": 0.6856710910797119,
          "visible": true
        },
        {
          "name": "left_wrist",
          "x": 227.24075317382812,
          "y": 217.2281951904297,
          "confidence": 0.9971213936805725,
          "visible": true
        },
        {
          "name": "right_wrist",
          "x": 234.41873168945312,
          "y": 216.23680114746094,
          "confidence": 0.8670231699943542,
          "visible": true
        },
        {
          "name": "left_hip",
          "x": 323.95794677734375,
          "y": 273.8343505859375,
          "confidence": 0.9952493906021118,
          "visible": true
        },
        {
          "name": "right_hip",
          "x": 329.75384521484375,
          "y": 259.4233703613281,
          "confidence": 0.9780176281929016,
          "visible": true
        },
        {
          "name": "left_knee",
          "x": 194.25308227539062,
          "y": 304.7079162597656,
          "confidence": 0.9949081540107727,
          "visible": true
        },
        {
          "name": "right_knee",
          "x": 208.63742065429688,
          "y": 281.43902587890625,
          "confidence": 0.9686305522918701,
          "visible": true
        },
        {
          "name": "left_ankle",
          "x": 279.1305847167969,
          "y": 417.5630187988281,
          "confidence": 0.9386641979217529,
          "visible": true
        },
        {
          "name": "right_ankle",
          "x": 273.3150329589844,
          "y": 390.0396728515625,
          "confidence": 0.8443307280540466,
          "visible": true
        }
      ],
      "confidence_scores": [
        0.9737197160720825,
        0.9877594113349915,
        0.2911950349807739,
        0.9863650798797607,
        0.012825071811676025,
        0.996807873249054,
        0.939521849155426,
        0.9964489936828613,
        0.6856710910797119,
        0.9971213936805725,
        0.8670231699943542,
        0.9952493906021118,
        0.9780176281929016,
        0.9949081540107727,
        0.9686305522918701,
        0.9386641979217529,
        0.8443307280540466
      ],
      "average_confidence": 0.85025054917616
    }
  ]
}