{
  "timestamp": "2025-11-03T15:14:26.328621",
  "image_shape": {
    "height": 480,
    "width": 640,
    "channels": 3
  },
  "num_persons_detected": 1,
  "persons": [
    {
      "person_id": 0,
      "keypoints": [
        {
          "name": "nose",
          "x": 216.2711944580078,
          "y": 101.19720458984375,
          "confidence": 0.9754624962806702,
          "visible": true
        },
        {
          "name": "left_eye",
          "x": 223.63775634765625,
          "y": 90.40461730957031,
          "confidence": 0.9915820956230164,
          "visible": true
        },
        {
          "name": "right_eye",
          "x": 218.3345489501953,
          "y": 92.66029357910156,
          "confidence": 0.3506834805011749,
          "visible": false
        },
        {
          "name": "left_ear",
          "x": 254.3572998046875,
          "y": 96.08111572265625,
          "confidence": 0.9881850481033325,
          "visible": true
        },
        {
          "name": "right_ear",
          "x": 241.140380859375,
          "y": 96.90814208984375,
          "confidence": 0.012178221717476845,
          "visible": false
        },
        {
          "name": "left_shoulder",
          "x": 298.16510009765625,
          "y": 146.4462432861328,
          "confidence": 0.9973010420799255,
          "visible": true
        },
        {
          "name": "right_shoulder",
          "x": 277.5643310546875,
          "y": 147.28688049316406,
          "confidence": 0.8742659687995911,
          "visible": true
        },
        {
          "name": "left_elbow",
          "x": 301.02325439453125,
          "y": 231.55838012695312,
          "confidence": 0.9957643747329712,
          "visible": true
        },
        {
          "name": "right_elbow",
          "x": 275.4202575683594,
          "y": 228.4639434814453,
          "confidence": 0.45676928758621216,
          "visible": false
        },
        {
          "name": "left_wrist",
          "x": 206.04420471191406,
          "y": 250.2057342529297,
          "confidence": 0.9953560829162598,
          "visible": true
        },
        {
          "name": "right_wrist",
          "x": 225.14601135253906,
          "y": 251.60711669921875,
          "confidence": 0.7331763505935669,
          "visible": true
        },
        {
          "name": "left_hip",
          "x": 321.86077880859375,
          "y": 276.7941589355469,
          "confidence": 0.9917786717414856,
          "visible": true
        },
        {
          "name": "right_hip",
          "x": 310.3318786621094,
          "y": 266.02215576171875,
          "confidence": 0.9465348124504089,
          "visible": true
        },
        {
          "name": "left_knee",
          "x": 202.28289794921875,
          "y": 281.8423156738281,
          "confidence": 0.9949449896812439,
          "visible": true
        },
        {
          "name": "right_knee",
          "x": 197.66098022460938,
          "y": 265.43438720703125,
          "confidence": 0.9618794322013855,
          "visible": true
        },
        {
          "name": "left_ankle",
          "x": 190.61767578125,
          "y": 422.37420654296875,
          "confidence": 0.964065432548523,
          "visible": true
        },
        {
          "name": "right_ankle",
          "x": 195.90135192871094,
          "y": 394.4229431152344,
          "confidence": 0.8912214040756226,
          "visible": true
        }
      ],
      "confidence_scores": [
        0.9754624962806702,
        0.9915820956230164,
        0.3506834805011749,
        0.9881850481033325,
        0.012178221717476845,
        0.9973010420799255,
        0.8742659687995911,
        0.9957643747329712,
        0.45676928758621216,
        0.9953560829162598,
        0.7331763505935669,
        0.9917786717414856,
        0.9465348124504089,
        0.9949449896812439,
        0.9618794322013855,
        0.964065432548523,
        0.8912214040756226
      ],
      "average_confidence": 0.8306558348019334
    }
  ]
}