{
  "timestamp": "2025-11-03T15:18:46.877217",
  "image_shape": {
    "height": 480,
    "width": 640,
    "channels": 3
  },
  "num_persons_detected": 1,
  "persons": [
    {
      "person_id": 0,
      "keypoints": [
        {
          "name": "nose",
          "x": 307.0966796875,
          "y": 83.58956909179688,
          "confidence": 0.9669782519340515,
          "visible": true
        },
        {
          "name": "left_eye",
          "x": 311.7526550292969,
          "y": 69.16044616699219,
          "confidence": 0.9847053289413452,
          "visible": true
        },
        {
          "name": "right_eye",
          "x": 306.0558166503906,
          "y": 70.20063781738281,
          "confidence": 0.1893969029188156,
          "visible": false
        },
        {
          "name": "left_ear",
          "x": 338.88623046875,
          "y": 68.81454467773438,
          "confidence": 0.9772129654884338,
          "visible": true
        },
        {
          "name": "right_ear",
          "x": 326.425048828125,
          "y": 69.05986022949219,
          "confidence": 0.012252517975866795,
          "visible": false
        },
        {
          "name": "left_shoulder",
          "x": 370.02154541015625,
          "y": 141.9561767578125,
          "confidence": 0.999441921710968,
          "visible": true
        },
        {
          "name": "right_shoulder",
          "x": 364.80462646484375,
          "y": 136.21612548828125,
          "confidence": 0.9432237148284912,
          "visible": true
        },
        {
          "name": "left_elbow",
          "x": 337.31158447265625,
          "y": 225.924560546875,
          "confidence": 0.9988430738449097,
          "visible": true
        },
        {
          "name": "right_elbow",
          "x": 322.4015197753906,
          "y": 225.68405151367188,
          "confidence": 0.6687800884246826,
          "visible": true
        },
        {
          "name": "left_wrist",
          "x": 267.21807861328125,
          "y": 234.75296020507812,
          "confidence": 0.9977599382400513,
          "visible": true
        },
        {
          "name": "right_wrist",
          "x": 263.7647705078125,
          "y": 234.7611541748047,
          "confidence": 0.8346210718154907,
          "visible": true
        },
        {
          "name": "left_hip",
          "x": 332.3689880371094,
          "y": 291.32281494140625,
          "confidence": 0.9990354776382446,
          "visible": true
        },
        {
          "name": "right_hip",
          "x": 329.8033142089844,
          "y": 275.8289489746094,
          "confidence": 0.990958571434021,
          "visible": true
        },
        {
          "name": "left_knee",
          "x": 198.6469268798828,
          "y": 295.3286437988281,
          "confidence": 0.998847246170044,
          "visible": true
        },
        {
          "name": "right_knee",
          "x": 205.63775634765625,
          "y": 284.0641174316406,
          "confidence": 0.9888494610786438,
          "visible": true
        },
        {
          "name": "left_ankle",
          "x": 65.67085266113281,
          "y": 380.1047668457031,
          "confidence": 0.988402783870697,
          "visible": true
        },
        {
          "name": "right_ankle",
          "x": 67.15782165527344,
          "y": 369.5465087890625,
          "confidence": 0.9542669653892517,
          "visible": true
        }
      ],
      "confidence_scores": [
        0.9669782519340515,
        0.9847053289413452,
        0.1893969029188156,
        0.9772129654884338,
        0.012252517975866795,
        0.999441921710968,
        0.9432237148284912,
        0.9988430738449097,
        0.6687800884246826,
        0.9977599382400513,
        0.8346210718154907,
        0.9990354776382446,
        0.990958571434021,
        0.998847246170044,
        0.9888494610786438,
        0.988402783870697,
        0.9542669653892517
      ],
      "average_confidence": 0.8525633106884711
    }
  ]
}