{
  "timestamp": "2025-11-03T15:16:28.904178",
  "image_shape": {
    "height": 480,
    "width": 640,
    "channels": 3
  },
  "num_persons_detected": 1,
  "persons": [
    {
      "person_id": 0,
      "keypoints": [
        {
          "name": "nose",
          "x": 150.2618865966797,
          "y": 144.47744750976562,
          "confidence": 0.9613412618637085,
          "visible": true
        },
        {
          "name": "left_eye",
          "x": 150.18707275390625,
          "y": 132.6314697265625,
          "confidence": 0.987736165523529,
          "visible": true
        },
        {
          "name": "right_eye",
          "x": 148.4608917236328,
          "y": 133.8690185546875,
          "confidence": 0.17902728915214539,
          "visible": false
        },
        {
          "name": "left_ear",
          "x": 174.90504455566406,
          "y": 120.65467834472656,
          "confidence": 0.9877281188964844,
          "visible": true
        },
        {
          "name": "right_ear",
          "x": 173.0082550048828,
          "y": 123.23773193359375,
          "confidence": 0.00914668943732977,
          "visible": false
        },
        {
          "name": "left_shoulder",
          "x": 226.70285034179688,
          "y": 158.13754272460938,
          "confidence": 0.9984669089317322,
          "visible": true
        },
        {
          "name": "right_shoulder",
          "x": 233.13015747070312,
          "y": 152.38858032226562,
          "confidence": 0.8894460797309875,
          "visible": true
        },
        {
          "name": "left_elbow",
          "x": 210.8379669189453,
          "y": 244.34336853027344,
          "confidence": 0.9975534081459045,
          "visible": true
        },
        {
          "name": "right_elbow",
          "x": 212.74124145507812,
          "y": 231.18060302734375,
          "confidence": 0.5292906165122986,
          "visible": true
        },
        {
          "name": "left_wrist",
          "x": 128.83462524414062,
          "y": 252.0414581298828,
          "confidence": 0.9957940578460693,
          "visible": true
        },
        {
          "name": "right_wrist",
          "x": 142.11097717285156,
          "y": 255.4936065673828,
          "confidence": 0.7559382915496826,
          "visible": true
        },
        {
          "name": "left_hip",
          "x": 263.99884033203125,
          "y": 277.7122802734375,
          "confidence": 0.9959965944290161,
          "visible": true
        },
        {
          "name": "right_hip",
          "x": 270.14801025390625,
          "y": 265.22491455078125,
          "confidence": 0.9704645276069641,
          "visible": true
        },
        {
          "name": "left_knee",
          "x": 145.75503540039062,
          "y": 298.0383605957031,
          "confidence": 0.99623703956604,
          "visible": true
        },
        {
          "name": "right_knee",
          "x": 154.47149658203125,
          "y": 281.0076904296875,
          "confidence": 0.9706868529319763,
          "visible": true
        },
        {
          "name": "left_ankle",
          "x": 82.05125427246094,
          "y": 413.48223876953125,
          "confidence": 0.9662829637527466,
          "visible": true
        },
        {
          "name": "right_ankle",
          "x": 84.42356872558594,
          "y": 395.7344970703125,
          "confidence": 0.8982442617416382,
          "visible": true
        }
      ],
      "confidence_scores": [
        0.9613412618637085,
        0.987736165523529,
        0.17902728915214539,
        0.9877281188964844,
        0.00914668943732977,
        0.9984669089317322,
        0.8894460797309875,
        0.9975534081459045,
        0.5292906165122986,
        0.9957940578460693,
        0.7559382915496826,
        0.9959965944290161,
        0.9704645276069641,
        0.99623703956604,
        0.9706868529319763,
        0.9662829637527466,
        0.8982442617416382
      ],
      "average_confidence": 0.8287871251540149
    }
  ]
}