{
  "timestamp": "2025-11-03T15:18:06.093924",
  "image_shape": {
    "height": 480,
    "width": 640,
    "channels": 3
  },
  "num_persons_detected": 1,
  "persons": [
    {
      "person_id": 0,
      "keypoints": [
        {
          "name": "nose",
          "x": 206.9708709716797,
          "y": 125.675537109375,
          "confidence": 0.20248369872570038,
          "visible": false
        },
        {
          "name": "left_eye",
          "x": 203.9084014892578,
          "y": 116.72683715820312,
          "confidence": 0.4018633961677551,
          "visible": false
        },
        {
          "name": "right_eye",
          "x": 213.18748474121094,
          "y": 113.854736328125,
          "confidence": 0.003006734885275364,
          "visible": false
        },
        {
          "name": "left_ear",
          "x": 211.71397399902344,
          "y": 117.91030883789062,
          "confidence": 0.9828823804855347,
          "visible": true
        },
        {
          "name": "right_ear",
          "x": 248.9867401123047,
          "y": 110.33956909179688,
          "confidence": 0.036735836416482925,
          "visible": false
        },
        {
          "name": "left_shoulder",
          "x": 247.82388305664062,
          "y": 164.41592407226562,
          "confidence": 0.9995929598808289,
          "visible": true
        },
        {
          "name": "right_shoulder",
          "x": 284.6875915527344,
          "y": 146.66110229492188,
          "confidence": 0.9638241529464722,
          "visible": true
        },
        {
          "name": "left_elbow",
          "x": 222.6796875,
          "y": 244.75808715820312,
          "confidence": 0.9989888072013855,
          "visible": true
        },
        {
          "name": "right_elbow",
          "x": 257.8996276855469,
          "y": 218.517333984375,
          "confidence": 0.6769857406616211,
          "visible": true
        },
        {
          "name": "left_wrist",
          "x": 153.3406219482422,
          "y": 256.2592468261719,
          "confidence": 0.994361400604248,
          "visible": true
        },
        {
          "name": "right_wrist",
          "x": 191.23471069335938,
          "y": 244.35385131835938,
          "confidence": 0.6741192936897278,
          "visible": true
        },
        {
          "name": "left_hip",
          "x": 281.97705078125,
          "y": 274.02728271484375,
          "confidence": 0.9994914531707764,
          "visible": true
        },
        {
          "name": "right_hip",
          "x": 307.1867980957031,
          "y": 258.5978088378906,
          "confidence": 0.995705783367157,
          "visible": true
        },
        {
          "name": "left_knee",
          "x": 172.74952697753906,
          "y": 294.320556640625,
          "confidence": 0.9989286065101624,
          "visible": true
        },
        {
          "name": "right_knee",
          "x": 178.34906005859375,
          "y": 273.9366149902344,
          "confidence": 0.9901885390281677,
          "visible": true
        },
        {
          "name": "left_ankle",
          "x": 117.63673400878906,
          "y": 420.46893310546875,
          "confidence": 0.9834306240081787,
          "visible": true
        },
        {
          "name": "right_ankle",
          "x": 116.64716339111328,
          "y": 392.72357177734375,
          "confidence": 0.9396113753318787,
          "visible": true
        }
      ],
      "confidence_scores": [
        0.20248369872570038,
        0.4018633961677551,
        0.003006734885275364,
        0.9828823804855347,
        0.036735836416482925,
        0.9995929598808289,
        0.9638241529464722,
        0.9989888072013855,
        0.6769857406616211,
        0.994361400604248,
        0.6741192936897278,
        0.9994914531707764,
        0.995705783367157,
        0.9989286065101624,
        0.9901885390281677,
        0.9834306240081787,
        0.9396113753318787
      ],
      "average_confidence": 0.7554235754753736
    }
  ]
}