{
  "timestamp": "2025-11-03T15:18:18.279639",
  "image_shape": {
    "height": 480,
    "width": 640,
    "channels": 3
  },
  "num_persons_detected": 2,
  "persons": [
    {
      "person_id": 0,
      "keypoints": [
        {
          "name": "nose",
          "x": 305.0350646972656,
          "y": 59.208984375,
          "confidence": 0.778044581413269,
          "visible": true
        },
        {
          "name": "left_eye",
          "x": 308.04656982421875,
          "y": 46.74522399902344,
          "confidence": 0.8970606327056885,
          "visible": true
        },
        {
          "name": "right_eye",
          "x": 308.88885498046875,
          "y": 49.38970947265625,
          "confidence": 0.03913591802120209,
          "visible": false
        },
        {
          "name": "left_ear",
          "x": 327.0528869628906,
          "y": 53.86201477050781,
          "confidence": 0.9759849309921265,
          "visible": true
        },
        {
          "name": "right_ear",
          "x": 335.9326477050781,
          "y": 56.758941650390625,
          "confidence": 0.012435930781066418,
          "visible": false
        },
        {
          "name": "left_shoulder",
          "x": 349.178955078125,
          "y": 125.5875244140625,
          "confidence": 0.997139573097229,
          "visible": true
        },
        {
          "name": "right_shoulder",
          "x": 368.05206298828125,
          "y": 116.88414001464844,
          "confidence": 0.8607462048530579,
          "visible": true
        },
        {
          "name": "left_elbow",
          "x": 342.2397155761719,
          "y": 229.55743408203125,
          "confidence": 0.9976791739463806,
          "visible": true
        },
        {
          "name": "right_elbow",
          "x": 358.6394958496094,
          "y": 207.70523071289062,
          "confidence": 0.46999794244766235,
          "visible": false
        },
        {
          "name": "left_wrist",
          "x": 253.409423828125,
          "y": 242.18328857421875,
          "confidence": 0.9971315860748291,
          "visible": true
        },
        {
          "name": "right_wrist",
          "x": 285.2939758300781,
          "y": 230.07644653320312,
          "confidence": 0.7216063141822815,
          "visible": true
        },
        {
          "name": "left_hip",
          "x": 335.97906494140625,
          "y": 286.33013916015625,
          "confidence": 0.9924036264419556,
          "visible": true
        },
        {
          "name": "right_hip",
          "x": 349.50823974609375,
          "y": 270.03033447265625,
          "confidence": 0.9413743019104004,
          "visible": true
        },
        {
          "name": "left_knee",
          "x": 193.97625732421875,
          "y": 281.16815185546875,
          "confidence": 0.9941686391830444,
          "visible": true
        },
        {
          "name": "right_knee",
          "x": 206.66482543945312,
          "y": 262.1535949707031,
          "confidence": 0.9399396777153015,
          "visible": true
        },
        {
          "name": "left_ankle",
          "x": 219.7406768798828,
          "y": 422.87384033203125,
          "confidence": 0.9373589754104614,
          "visible": true
        },
        {
          "name": "right_ankle",
          "x": 221.58192443847656,
          "y": 402.35504150390625,
          "confidence": 0.7736719250679016,
          "visible": true
        }
      ],
      "confidence_scores": [
        0.778044581413269,
        0.8970606327056885,
        0.03913591802120209,
        0.9759849309921265,
        0.012435930781066418,
        0.997139573097229,
        0.8607462048530579,
        0.9976791739463806,
        0.46999794244766235,
        0.9971315860748291,
        0.7216063141822815,
        0.9924036264419556,
        0.9413743019104004,
        0.9941686391830444,
        0.9399396777153015,
        0.9373589754104614,
        0.7736719250679016
      ],
      "average_confidence": 0.7838752902496386
    },
    {
      "person_id": 1,
      "keypoints": [
        {
          "name": "nose",
          "x": 10.517069816589355,
          "y": 0.0,
          "confidence": 0.012486201710999012,
          "visible": false
        },
        {
          "name": "left_eye",
          "x": 8.864978790283203,
          "y": 0.0,
          "confidence": 0.007653692737221718,
          "visible": false
        },
        {
          "name": "right_eye",
          "x": 11.942292213439941,
          "y": 0.0,
          "confidence": 0.0027064699679613113,
          "visible": false
        },
        {
          "name": "left_ear",
          "x": 11.09066104888916,
          "y": 0.0,
          "confidence": 0.009918693453073502,
          "visible": false
        },
        {
          "name": "right_ear",
          "x": 16.79856300354004,
          "y": 0.0,
          "confidence": 0.0037056277506053448,
          "visible": false
        },
        {
          "name": "left_shoulder",
          "x": 17.918127059936523,
          "y": 3.4638214111328125,
          "confidence": 0.09363186359405518,
          "visible": false
        },
        {
          "name": "right_shoulder",
          "x": 12.79924201965332,
          "y": 2.8910980224609375,
          "confidence": 0.007168674375861883,
          "visible": false
        },
        {
          "name": "left_elbow",
          "x": 21.660871505737305,
          "y": 75.07658386230469,
          "confidence": 0.4509649872779846,
          "visible": false
        },
        {
          "name": "right_elbow",
          "x": 19.82012176513672,
          "y": 76.11227416992188,
          "confidence": 0.02379821054637432,
          "visible": false
        },
        {
          "name": "left_wrist",
          "x": 13.034645080566406,
          "y": 79.39627075195312,
          "confidence": 0.5016204118728638,
          "visible": true
        },
        {
          "name": "right_wrist",
          "x": 16.86321258544922,
          "y": 73.8070068359375,
          "confidence": 0.0760343000292778,
          "visible": false
        },
        {
          "name": "left_hip",
          "x": 9.788125991821289,
          "y": 155.11354064941406,
          "confidence": 0.23666764795780182,
          "visible": false
        },
        {
          "name": "right_hip",
          "x": 6.458263874053955,
          "y": 153.7233428955078,
          "confidence": 0.07731298357248306,
          "visible": false
        },
        {
          "name": "left_knee",
          "x": 5.512959003448486,
          "y": 289.3499755859375,
          "confidence": 0.2690694034099579,
          "visible": false
        },
        {
          "name": "right_knee",
          "x": 3.3832483291625977,
          "y": 287.279052734375,
          "confidence": 0.0938296839594841,
          "visible": false
        },
        {
          "name": "left_ankle",
          "x": 2.3842430114746094,
          "y": 409.96807861328125,
          "confidence": 0.053401920944452286,
          "visible": false
        },
        {
          "name": "right_ankle",
          "x": 0.0,
          "y": 404.32757568359375,
          "confidence": 0.021773308515548706,
          "visible": false
        }
      ],
      "confidence_scores": [
        0.012486201710999012,
        0.007653692737221718,
        0.0027064699679613113,
        0.009918693453073502,
        0.0037056277506053448,
        0.09363186359405518,
        0.007168674375861883,
        0.4509649872779846,
        0.02379821054637432,
        0.5016204118728638,
        0.0760343000292778,
        0.23666764795780182,
        0.07731298357248306,
        0.2690694034099579,
        0.0938296839594841,
        0.053401920944452286,
        0.021773308515548706
      ],
      "average_confidence": 0.11422024009858861
    }
  ]
}