{
  "timestamp": "2025-11-03T15:18:15.833399",
  "image_shape": {
    "height": 480,
    "width": 640,
    "channels": 3
  },
  "num_persons_detected": 2,
  "persons": [
    {
      "person_id": 0,
      "keypoints": [
        {
          "name": "nose",
          "x": 285.54217529296875,
          "y": 137.4521942138672,
          "confidence": 0.9711266160011292,
          "visible": true
        },
        {
          "name": "left_eye",
          "x": 278.6630859375,
          "y": 121.58016967773438,
          "confidence": 0.9803305268287659,
          "visible": true
        },
        {
          "name": "right_eye",
          "x": 277.70111083984375,
          "y": 125.42359924316406,
          "confidence": 0.3303426504135132,
          "visible": false
        },
        {
          "name": "left_ear",
          "x": 293.7515563964844,
          "y": 87.42233276367188,
          "confidence": 0.9625698924064636,
          "visible": true
        },
        {
          "name": "right_ear",
          "x": 289.7352600097656,
          "y": 101.81301879882812,
          "confidence": 0.024006428197026253,
          "visible": false
        },
        {
          "name": "left_shoulder",
          "x": 346.1896057128906,
          "y": 119.39071655273438,
          "confidence": 0.9972026348114014,
          "visible": true
        },
        {
          "name": "right_shoulder",
          "x": 338.4964294433594,
          "y": 121.39457702636719,
          "confidence": 0.9260962009429932,
          "visible": true
        },
        {
          "name": "left_elbow",
          "x": 348.19366455078125,
          "y": 222.94288635253906,
          "confidence": 0.9962785840034485,
          "visible": true
        },
        {
          "name": "right_elbow",
          "x": 334.81561279296875,
          "y": 211.43637084960938,
          "confidence": 0.6580859422683716,
          "visible": true
        },
        {
          "name": "left_wrist",
          "x": 256.9548645019531,
          "y": 245.9862060546875,
          "confidence": 0.9951871633529663,
          "visible": true
        },
        {
          "name": "right_wrist",
          "x": 267.8635559082031,
          "y": 244.07618713378906,
          "confidence": 0.81468266248703,
          "visible": true
        },
        {
          "name": "left_hip",
          "x": 350.8568420410156,
          "y": 287.1237487792969,
          "confidence": 0.9912641048431396,
          "visible": true
        },
        {
          "name": "right_hip",
          "x": 347.7808532714844,
          "y": 276.529296875,
          "confidence": 0.9575976133346558,
          "visible": true
        },
        {
          "name": "left_knee",
          "x": 216.299072265625,
          "y": 286.39605712890625,
          "confidence": 0.9926949739456177,
          "visible": true
        },
        {
          "name": "right_knee",
          "x": 220.82015991210938,
          "y": 274.91314697265625,
          "confidence": 0.957444965839386,
          "visible": true
        },
        {
          "name": "left_ankle",
          "x": 222.63671875,
          "y": 411.3591003417969,
          "confidence": 0.9377104043960571,
          "visible": true
        },
        {
          "name": "right_ankle",
          "x": 230.71202087402344,
          "y": 409.7353515625,
          "confidence": 0.8365734219551086,
          "visible": true
        }
      ],
      "confidence_scores": [
        0.9711266160011292,
        0.9803305268287659,
        0.3303426504135132,
        0.9625698924064636,
        0.024006428197026253,
        0.9972026348114014,
        0.9260962009429932,
        0.9962785840034485,
        0.6580859422683716,
        0.9951871633529663,
        0.81468266248703,
        0.9912641048431396,
        0.9575976133346558,
        0.9926949739456177,
        0.957444965839386,
        0.9377104043960571,
        0.8365734219551086
      ],
      "average_confidence": 0.842893810942769
    },
    {
      "person_id": 1,
      "keypoints": [
        {
          "name": "nose",
          "x": 24.741817474365234,
          "y": 73.30696105957031,
          "confidence": 0.06879541277885437,
          "visible": false
        },
        {
          "name": "left_eye",
          "x": 21.059743881225586,
          "y": 64.26036834716797,
          "confidence": 0.016495119780302048,
          "visible": false
        },
        {
          "name": "right_eye",
          "x": 24.045372009277344,
          "y": 64.0176773071289,
          "confidence": 0.06322766840457916,
          "visible": false
        },
        {
          "name": "left_ear",
          "x": 8.963662147521973,
          "y": 68.85771942138672,
          "confidence": 0.0113929882645607,
          "visible": false
        },
        {
          "name": "right_ear",
          "x": 18.10392189025879,
          "y": 69.65301513671875,
          "confidence": 0.13930045068264008,
          "visible": false
        },
        {
          "name": "left_shoulder",
          "x": 10.600214004516602,
          "y": 123.17384338378906,
          "confidence": 0.07063399255275726,
          "visible": false
        },
        {
          "name": "right_shoulder",
          "x": 12.10362720489502,
          "y": 123.75920104980469,
          "confidence": 0.11139842867851257,
          "visible": false
        },
        {
          "name": "left_elbow",
          "x": 16.59957504272461,
          "y": 144.7555389404297,
          "confidence": 0.05902043357491493,
          "visible": false
        },
        {
          "name": "right_elbow",
          "x": 18.172710418701172,
          "y": 146.79031372070312,
          "confidence": 0.12119707465171814,
          "visible": false
        },
        {
          "name": "left_wrist",
          "x": 11.796180725097656,
          "y": 114.63520812988281,
          "confidence": 0.11304036527872086,
          "visible": false
        },
        {
          "name": "right_wrist",
          "x": 12.846427917480469,
          "y": 114.51237487792969,
          "confidence": 0.20237940549850464,
          "visible": false
        },
        {
          "name": "left_hip",
          "x": 3.7056283950805664,
          "y": 225.20269775390625,
          "confidence": 0.07916032522916794,
          "visible": false
        },
        {
          "name": "right_hip",
          "x": 3.8751096725463867,
          "y": 225.43507385253906,
          "confidence": 0.10619629174470901,
          "visible": false
        },
        {
          "name": "left_knee",
          "x": 8.289233207702637,
          "y": 301.1575927734375,
          "confidence": 0.06209966912865639,
          "visible": false
        },
        {
          "name": "right_knee",
          "x": 9.319832801818848,
          "y": 302.8775634765625,
          "confidence": 0.07947302609682083,
          "visible": false
        },
        {
          "name": "left_ankle",
          "x": 0.6173467636108398,
          "y": 404.3280944824219,
          "confidence": 0.021060992032289505,
          "visible": false
        },
        {
          "name": "right_ankle",
          "x": 2.9457335472106934,
          "y": 406.720947265625,
          "confidence": 0.022247401997447014,
          "visible": false
        }
      ],
      "confidence_scores": [
        0.06879541277885437,
        0.016495119780302048,
        0.06322766840457916,
        0.0113929882645607,
        0.13930045068264008,
        0.07063399255275726,
        0.11139842867851257,
        0.05902043357491493,
        0.12119707465171814,
        0.11304036527872086,
        0.20237940549850464,
        0.07916032522916794,
        0.10619629174470901,
        0.06209966912865639,
        0.07947302609682083,
        0.021060992032289505,
        0.022247401997447014
      ],
      "average_confidence": 0.07924229684559737
    }
  ]
}