{
  "timestamp": "2025-11-03T15:16:41.807538",
  "image_shape": {
    "height": 480,
    "width": 640,
    "channels": 3
  },
  "num_persons_detected": 1,
  "persons": [
    {
      "person_id": 0,
      "keypoints": [
        {
          "name": "nose",
          "x": 263.5111389160156,
          "y": 73.74942016601562,
          "confidence": 0.9639726877212524,
          "visible": true
        },
        {
          "name": "left_eye",
          "x": 271.6590576171875,
          "y": 62.402679443359375,
          "confidence": 0.9845446348190308,
          "visible": true
        },
        {
          "name": "right_eye",
          "x": 265.94696044921875,
          "y": 64.74971008300781,
          "confidence": 0.25214484333992004,
          "visible": false
        },
        {
          "name": "left_ear",
          "x": 300.45184326171875,
          "y": 74.28559875488281,
          "confidence": 0.9791050553321838,
          "visible": true
        },
        {
          "name": "right_ear",
          "x": 288.9371032714844,
          "y": 74.58509826660156,
          "confidence": 0.012077846564352512,
          "visible": false
        },
        {
          "name": "left_shoulder",
          "x": 322.7027893066406,
          "y": 142.748291015625,
          "confidence": 0.9971153736114502,
          "visible": true
        },
        {
          "name": "right_shoulder",
          "x": 323.848388671875,
          "y": 132.52146911621094,
          "confidence": 0.8681570887565613,
          "visible": true
        },
        {
          "name": "left_elbow",
          "x": 314.8245544433594,
          "y": 238.25338745117188,
          "confidence": 0.9973090887069702,
          "visible": true
        },
        {
          "name": "right_elbow",
          "x": 314.6730041503906,
          "y": 216.19967651367188,
          "confidence": 0.5199099779129028,
          "visible": true
        },
        {
          "name": "left_wrist",
          "x": 233.49818420410156,
          "y": 233.4247283935547,
          "confidence": 0.9978066086769104,
          "visible": true
        },
        {
          "name": "right_wrist",
          "x": 254.43606567382812,
          "y": 230.59967041015625,
          "confidence": 0.816778838634491,
          "visible": true
        },
        {
          "name": "left_hip",
          "x": 316.35772705078125,
          "y": 283.2450866699219,
          "confidence": 0.9934642910957336,
          "visible": true
        },
        {
          "name": "right_hip",
          "x": 318.6669006347656,
          "y": 267.18994140625,
          "confidence": 0.9524078369140625,
          "visible": true
        },
        {
          "name": "left_knee",
          "x": 189.16543579101562,
          "y": 280.72784423828125,
          "confidence": 0.9967883825302124,
          "visible": true
        },
        {
          "name": "right_knee",
          "x": 197.1000213623047,
          "y": 260.0985107421875,
          "confidence": 0.9705808758735657,
          "visible": true
        },
        {
          "name": "left_ankle",
          "x": 195.1078338623047,
          "y": 417.1214599609375,
          "confidence": 0.9732850790023804,
          "visible": true
        },
        {
          "name": "right_ankle",
          "x": 195.61622619628906,
          "y": 394.1902770996094,
          "confidence": 0.904285192489624,
          "visible": true
        }
      ],
      "confidence_scores": [
        0.9639726877212524,
        0.9845446348190308,
        0.25214484333992004,
        0.9791050553321838,
        0.012077846564352512,
        0.9971153736114502,
        0.8681570887565613,
        0.9973090887069702,
        0.5199099779129028,
        0.9978066086769104,
        0.816778838634491,
        0.9934642910957336,
        0.9524078369140625,
        0.9967883825302124,
        0.9705808758735657,
        0.9732850790023804,
        0.904285192489624
      ],
      "average_confidence": 0.8341019824695062
    }
  ]
}