{
  "timestamp": "2025-11-03T15:18:50.590580",
  "image_shape": {
    "height": 480,
    "width": 640,
    "channels": 3
  },
  "num_persons_detected": 1,
  "persons": [
    {
      "person_id": 0,
      "keypoints": [
        {
          "name": "nose",
          "x": 308.1959533691406,
          "y": 78.25564575195312,
          "confidence": 0.9761941432952881,
          "visible": true
        },
        {
          "name": "left_eye",
          "x": 315.58441162109375,
          "y": 64.86882019042969,
          "confidence": 0.9852755069732666,
          "visible": true
        },
        {
          "name": "right_eye",
          "x": 307.9058837890625,
          "y": 65.90184020996094,
          "confidence": 0.344679057598114,
          "visible": false
        },
        {
          "name": "left_ear",
          "x": 343.97332763671875,
          "y": 68.92985534667969,
          "confidence": 0.9758230447769165,
          "visible": true
        },
        {
          "name": "right_ear",
          "x": 327.0152587890625,
          "y": 68.65653991699219,
          "confidence": 0.024939244613051414,
          "visible": false
        },
        {
          "name": "left_shoulder",
          "x": 372.5382080078125,
          "y": 138.62962341308594,
          "confidence": 0.9984519481658936,
          "visible": true
        },
        {
          "name": "right_shoulder",
          "x": 354.24298095703125,
          "y": 130.92568969726562,
          "confidence": 0.9681210517883301,
          "visible": true
        },
        {
          "name": "left_elbow",
          "x": 343.985107421875,
          "y": 230.26931762695312,
          "confidence": 0.9971785545349121,
          "visible": true
        },
        {
          "name": "right_elbow",
          "x": 315.77392578125,
          "y": 222.24725341796875,
          "confidence": 0.8300548195838928,
          "visible": true
        },
        {
          "name": "left_wrist",
          "x": 267.237060546875,
          "y": 234.7352294921875,
          "confidence": 0.9970448613166809,
          "visible": true
        },
        {
          "name": "right_wrist",
          "x": 260.6021728515625,
          "y": 236.72201538085938,
          "confidence": 0.9160045981407166,
          "visible": true
        },
        {
          "name": "left_hip",
          "x": 329.6775207519531,
          "y": 288.5899353027344,
          "confidence": 0.9973337650299072,
          "visible": true
        },
        {
          "name": "right_hip",
          "x": 319.3681640625,
          "y": 271.5836486816406,
          "confidence": 0.9884489178657532,
          "visible": true
        },
        {
          "name": "left_knee",
          "x": 177.87042236328125,
          "y": 299.6058654785156,
          "confidence": 0.9978596568107605,
          "visible": true
        },
        {
          "name": "right_knee",
          "x": 182.01280212402344,
          "y": 285.3149719238281,
          "confidence": 0.9889256358146667,
          "visible": true
        },
        {
          "name": "left_ankle",
          "x": 97.2608642578125,
          "y": 426.90899658203125,
          "confidence": 0.9774900078773499,
          "visible": true
        },
        {
          "name": "right_ankle",
          "x": 106.60681915283203,
          "y": 414.35784912109375,
          "confidence": 0.9419717788696289,
          "visible": true
        }
      ],
      "confidence_scores": [
        0.9761941432952881,
        0.9852755069732666,
        0.344679057598114,
        0.9758230447769165,
        0.024939244613051414,
        0.9984519481658936,
        0.9681210517883301,
        0.9971785545349121,
        0.8300548195838928,
        0.9970448613166809,
        0.9160045981407166,
        0.9973337650299072,
        0.9884489178657532,
        0.9978596568107605,
        0.9889256358146667,
        0.9774900078773499,
        0.9419717788696289
      ],
      "average_confidence": 0.8768115642973605
    }
  ]
}