{
  "timestamp": "2025-11-03T15:14:18.942669",
  "image_shape": {
    "height": 480,
    "width": 640,
    "channels": 3
  },
  "num_persons_detected": 1,
  "persons": [
    {
      "person_id": 0,
      "keypoints": [
        {
          "name": "nose",
          "x": 261.71820068359375,
          "y": 69.06236267089844,
          "confidence": 0.9578294157981873,
          "visible": true
        },
        {
          "name": "left_eye",
          "x": 267.54779052734375,
          "y": 56.09208679199219,
          "confidence": 0.9828928112983704,
          "visible": true
        },
        {
          "name": "right_eye",
          "x": 263.6929016113281,
          "y": 58.92787170410156,
          "confidence": 0.24039195477962494,
          "visible": false
        },
        {
          "name": "left_ear",
          "x": 297.4647216796875,
          "y": 57.40599060058594,
          "confidence": 0.9803127646446228,
          "visible": true
        },
        {
          "name": "right_ear",
          "x": 288.65106201171875,
          "y": 60.187103271484375,
          "confidence": 0.014416870661079884,
          "visible": false
        },
        {
          "name": "left_shoulder",
          "x": 330.2254943847656,
          "y": 120.92703247070312,
          "confidence": 0.9962910413742065,
          "visible": true
        },
        {
          "name": "right_shoulder",
          "x": 319.44976806640625,
          "y": 118.3128662109375,
          "confidence": 0.8742033839225769,
          "visible": true
        },
        {
          "name": "left_elbow",
          "x": 318.056396484375,
          "y": 216.4763641357422,
          "confidence": 0.99544358253479,
          "visible": true
        },
        {
          "name": "right_elbow",
          "x": 309.6837158203125,
          "y": 207.34542846679688,
          "confidence": 0.4798186421394348,
          "visible": false
        },
        {
          "name": "left_wrist",
          "x": 238.62501525878906,
          "y": 242.2591552734375,
          "confidence": 0.9957287907600403,
          "visible": true
        },
        {
          "name": "right_wrist",
          "x": 253.87112426757812,
          "y": 236.42626953125,
          "confidence": 0.7571960091590881,
          "visible": true
        },
        {
          "name": "left_hip",
          "x": 322.560546875,
          "y": 272.8847351074219,
          "confidence": 0.9902177453041077,
          "visible": true
        },
        {
          "name": "right_hip",
          "x": 316.9125671386719,
          "y": 260.6112976074219,
          "confidence": 0.9390556812286377,
          "visible": true
        },
        {
          "name": "left_knee",
          "x": 200.93048095703125,
          "y": 275.6711730957031,
          "confidence": 0.9946141839027405,
          "visible": true
        },
        {
          "name": "right_knee",
          "x": 198.9300537109375,
          "y": 263.40826416015625,
          "confidence": 0.9588910341262817,
          "visible": true
        },
        {
          "name": "left_ankle",
          "x": 191.89703369140625,
          "y": 413.69805908203125,
          "confidence": 0.9590380787849426,
          "visible": true
        },
        {
          "name": "right_ankle",
          "x": 194.31533813476562,
          "y": 398.60516357421875,
          "confidence": 0.8712779879570007,
          "visible": true
        }
      ],
      "confidence_scores": [
        0.9578294157981873,
        0.9828928112983704,
        0.24039195477962494,
        0.9803127646446228,
        0.014416870661079884,
        0.9962910413742065,
        0.8742033839225769,
        0.99544358253479,
        0.4798186421394348,
        0.9957287907600403,
        0.7571960091590881,
        0.9902177453041077,
        0.9390556812286377,
        0.9946141839027405,
        0.9588910341262817,
        0.9590380787849426,
        0.8712779879570007
      ],
      "average_confidence": 0.8228011751985725
    }
  ]
}