{
  "timestamp": "2025-11-03T15:12:55.111522",
  "image_shape": {
    "height": 480,
    "width": 640,
    "channels": 3
  },
  "num_persons_detected": 1,
  "persons": [
    {
      "person_id": 0,
      "keypoints": [
        {
          "name": "nose",
          "x": 153.5019073486328,
          "y": 143.00314331054688,
          "confidence": 0.9575587511062622,
          "visible": true
        },
        {
          "name": "left_eye",
          "x": 155.27337646484375,
          "y": 130.11709594726562,
          "confidence": 0.9825918674468994,
          "visible": true
        },
        {
          "name": "right_eye",
          "x": 151.11866760253906,
          "y": 135.48287963867188,
          "confidence": 0.3074541389942169,
          "visible": false
        },
        {
          "name": "left_ear",
          "x": 181.22061157226562,
          "y": 123.18402099609375,
          "confidence": 0.9791855216026306,
          "visible": true
        },
        {
          "name": "right_ear",
          "x": 169.5833740234375,
          "y": 134.51255798339844,
          "confidence": 0.012085745111107826,
          "visible": false
        },
        {
          "name": "left_shoulder",
          "x": 249.7752227783203,
          "y": 154.8176727294922,
          "confidence": 0.9944644570350647,
          "visible": true
        },
        {
          "name": "right_shoulder",
          "x": 231.1221923828125,
          "y": 165.9605712890625,
          "confidence": 0.8943886756896973,
          "visible": true
        },
        {
          "name": "left_elbow",
          "x": 298.464111328125,
          "y": 228.3234100341797,
          "confidence": 0.9882268309593201,
          "visible": true
        },
        {
          "name": "right_elbow",
          "x": 253.92047119140625,
          "y": 234.83380126953125,
          "confidence": 0.6196812987327576,
          "visible": true
        },
        {
          "name": "left_wrist",
          "x": 230.65834045410156,
          "y": 247.67724609375,
          "confidence": 0.9850532412528992,
          "visible": true
        },
        {
          "name": "right_wrist",
          "x": 227.06329345703125,
          "y": 251.47645568847656,
          "confidence": 0.7525191307067871,
          "visible": true
        },
        {
          "name": "left_hip",
          "x": 315.64849853515625,
          "y": 276.3414001464844,
          "confidence": 0.989563524723053,
          "visible": true
        },
        {
          "name": "right_hip",
          "x": 304.1668395996094,
          "y": 269.9638671875,
          "confidence": 0.965928852558136,
          "visible": true
        },
        {
          "name": "left_knee",
          "x": 188.33175659179688,
          "y": 284.8215637207031,
          "confidence": 0.9935222268104553,
          "visible": true
        },
        {
          "name": "right_knee",
          "x": 184.86373901367188,
          "y": 271.00115966796875,
          "confidence": 0.9764147996902466,
          "visible": true
        },
        {
          "name": "left_ankle",
          "x": 194.60691833496094,
          "y": 413.58233642578125,
          "confidence": 0.9655812978744507,
          "visible": true
        },
        {
          "name": "right_ankle",
          "x": 193.64035034179688,
          "y": 392.466064453125,
          "confidence": 0.9345096349716187,
          "visible": true
        }
      ],
      "confidence_scores": [
        0.9575587511062622,
        0.9825918674468994,
        0.3074541389942169,
        0.9791855216026306,
        0.012085745111107826,
        0.9944644570350647,
        0.8943886756896973,
        0.9882268309593201,
        0.6196812987327576,
        0.9850532412528992,
        0.7525191307067871,
        0.989563524723053,
        0.965928852558136,
        0.9935222268104553,
        0.9764147996902466,
        0.9655812978744507,
        0.9345096349716187
      ],
      "average_confidence": 0.8411017644273884
    }
  ]
}