{
  "timestamp": "2025-11-03T15:15:10.368247",
  "image_shape": {
    "height": 480,
    "width": 640,
    "channels": 3
  },
  "num_persons_detected": 1,
  "persons": [
    {
      "person_id": 0,
      "keypoints": [
        {
          "name": "nose",
          "x": 154.96795654296875,
          "y": 214.5829315185547,
          "confidence": 0.9083625078201294,
          "visible": true
        },
        {
          "name": "left_eye",
          "x": 153.92750549316406,
          "y": 203.82920837402344,
          "confidence": 0.9805070161819458,
          "visible": true
        },
        {
          "name": "right_eye",
          "x": 153.4929962158203,
          "y": 202.4308624267578,
          "confidence": 0.11632940173149109,
          "visible": false
        },
        {
          "name": "left_ear",
          "x": 174.56497192382812,
          "y": 185.58941650390625,
          "confidence": 0.9831454753875732,
          "visible": true
        },
        {
          "name": "right_ear",
          "x": 171.17437744140625,
          "y": 182.7987060546875,
          "confidence": 0.007411550730466843,
          "visible": false
        },
        {
          "name": "left_shoulder",
          "x": 218.30528259277344,
          "y": 205.84146118164062,
          "confidence": 0.9916730523109436,
          "visible": true
        },
        {
          "name": "right_shoulder",
          "x": 238.99794006347656,
          "y": 186.6430206298828,
          "confidence": 0.7762064337730408,
          "visible": true
        },
        {
          "name": "left_elbow",
          "x": 213.4764404296875,
          "y": 312.3882751464844,
          "confidence": 0.9794030785560608,
          "visible": true
        },
        {
          "name": "right_elbow",
          "x": 227.82371520996094,
          "y": 265.2344970703125,
          "confidence": 0.28337839245796204,
          "visible": false
        },
        {
          "name": "left_wrist",
          "x": 219.07080078125,
          "y": 410.161865234375,
          "confidence": 0.921690046787262,
          "visible": true
        },
        {
          "name": "right_wrist",
          "x": 211.80043029785156,
          "y": 351.5394287109375,
          "confidence": 0.2882744073867798,
          "visible": false
        },
        {
          "name": "left_hip",
          "x": 341.02642822265625,
          "y": 283.0,
          "confidence": 0.9737444519996643,
          "visible": true
        },
        {
          "name": "right_hip",
          "x": 356.3279724121094,
          "y": 271.42181396484375,
          "confidence": 0.892645537853241,
          "visible": true
        },
        {
          "name": "left_knee",
          "x": 186.5546112060547,
          "y": 291.7338562011719,
          "confidence": 0.9880025386810303,
          "visible": true
        },
        {
          "name": "right_knee",
          "x": 206.81039428710938,
          "y": 275.11651611328125,
          "confidence": 0.9334516525268555,
          "visible": true
        },
        {
          "name": "left_ankle",
          "x": 239.29466247558594,
          "y": 412.7383728027344,
          "confidence": 0.9659175872802734,
          "visible": true
        },
        {
          "name": "right_ankle",
          "x": 248.00494384765625,
          "y": 398.2714538574219,
          "confidence": 0.914640486240387,
          "visible": true
        }
      ],
      "confidence_scores": [
        0.9083625078201294,
        0.9805070161819458,
        0.11632940173149109,
        0.9831454753875732,
        0.007411550730466843,
        0.9916730523109436,
        0.7762064337730408,
        0.9794030785560608,
        0.28337839245796204,
        0.921690046787262,
        0.2882744073867798,
        0.9737444519996643,
        0.892645537853241,
        0.9880025386810303,
        0.9334516525268555,
        0.9659175872802734,
        0.914640486240387
      ],
      "average_confidence": 0.7591049186885357
    }
  ]
}