{
  "timestamp": "2025-11-03T15:18:27.207719",
  "image_shape": {
    "height": 480,
    "width": 640,
    "channels": 3
  },
  "num_persons_detected": 2,
  "persons": [
    {
      "person_id": 0,
      "keypoints": [
        {
          "name": "nose",
          "x": 354.0183410644531,
          "y": 96.070068359375,
          "confidence": 0.9833895564079285,
          "visible": true
        },
        {
          "name": "left_eye",
          "x": 367.105224609375,
          "y": 85.005615234375,
          "confidence": 0.9872578978538513,
          "visible": true
        },
        {
          "name": "right_eye",
          "x": 352.5879821777344,
          "y": 84.92738342285156,
          "confidence": 0.606293797492981,
          "visible": true
        },
        {
          "name": "left_ear",
          "x": 392.2923278808594,
          "y": 96.54194641113281,
          "confidence": 0.9650697112083435,
          "visible": true
        },
        {
          "name": "right_ear",
          "x": 360.6746520996094,
          "y": 94.19831848144531,
          "confidence": 0.04723680391907692,
          "visible": false
        },
        {
          "name": "left_shoulder",
          "x": 390.6878356933594,
          "y": 156.98550415039062,
          "confidence": 0.9954751133918762,
          "visible": true
        },
        {
          "name": "right_shoulder",
          "x": 373.56109619140625,
          "y": 146.50985717773438,
          "confidence": 0.9457758665084839,
          "visible": true
        },
        {
          "name": "left_elbow",
          "x": 350.1638488769531,
          "y": 235.11660766601562,
          "confidence": 0.9950423240661621,
          "visible": true
        },
        {
          "name": "right_elbow",
          "x": 339.8506164550781,
          "y": 216.35256958007812,
          "confidence": 0.7622286081314087,
          "visible": true
        },
        {
          "name": "left_wrist",
          "x": 260.1198425292969,
          "y": 235.93365478515625,
          "confidence": 0.9959031939506531,
          "visible": true
        },
        {
          "name": "right_wrist",
          "x": 277.8087158203125,
          "y": 228.85430908203125,
          "confidence": 0.8891661763191223,
          "visible": true
        },
        {
          "name": "left_hip",
          "x": 332.622802734375,
          "y": 290.2667236328125,
          "confidence": 0.9873253107070923,
          "visible": true
        },
        {
          "name": "right_hip",
          "x": 321.03375244140625,
          "y": 272.5739440917969,
          "confidence": 0.9512873888015747,
          "visible": true
        },
        {
          "name": "left_knee",
          "x": 195.67803955078125,
          "y": 281.6833190917969,
          "confidence": 0.9883281588554382,
          "visible": true
        },
        {
          "name": "right_knee",
          "x": 196.76852416992188,
          "y": 263.5840148925781,
          "confidence": 0.9399706125259399,
          "visible": true
        },
        {
          "name": "left_ankle",
          "x": 207.52359008789062,
          "y": 412.8563537597656,
          "confidence": 0.9064362645149231,
          "visible": true
        },
        {
          "name": "right_ankle",
          "x": 206.30975341796875,
          "y": 396.9039306640625,
          "confidence": 0.7719427943229675,
          "visible": true
        }
      ],
      "confidence_scores": [
        0.9833895564079285,
        0.9872578978538513,
        0.606293797492981,
        0.9650697112083435,
        0.04723680391907692,
        0.9954751133918762,
        0.9457758665084839,
        0.9950423240661621,
        0.7622286081314087,
        0.9959031939506531,
        0.8891661763191223,
        0.9873253107070923,
        0.9512873888015747,
        0.9883281588554382,
        0.9399706125259399,
        0.9064362645149231,
        0.7719427943229675
      ],
      "average_confidence": 0.865772328175166
    },
    {
      "person_id": 1,
      "keypoints": [
        {
          "name": "nose",
          "x": 14.411609649658203,
          "y": 82.508544921875,
          "confidence": 0.18052664399147034,
          "visible": false
        },
        {
          "name": "left_eye",
          "x": 14.819524765014648,
          "y": 73.26441955566406,
          "confidence": 0.11980155110359192,
          "visible": false
        },
        {
          "name": "right_eye",
          "x": 13.576093673706055,
          "y": 72.10653686523438,
          "confidence": 0.08688989281654358,
          "visible": false
        },
        {
          "name": "left_ear",
          "x": 13.494564056396484,
          "y": 75.80393981933594,
          "confidence": 0.07574564963579178,
          "visible": false
        },
        {
          "name": "right_ear",
          "x": 13.81869888305664,
          "y": 73.12640380859375,
          "confidence": 0.06842366605997086,
          "visible": false
        },
        {
          "name": "left_shoulder",
          "x": 12.148216247558594,
          "y": 126.59214782714844,
          "confidence": 0.20793235301971436,
          "visible": false
        },
        {
          "name": "right_shoulder",
          "x": 11.102872848510742,
          "y": 121.76278686523438,
          "confidence": 0.0642150416970253,
          "visible": false
        },
        {
          "name": "left_elbow",
          "x": 11.828497886657715,
          "y": 162.51168823242188,
          "confidence": 0.16616635024547577,
          "visible": false
        },
        {
          "name": "right_elbow",
          "x": 16.263883590698242,
          "y": 154.87989807128906,
          "confidence": 0.036389052867889404,
          "visible": false
        },
        {
          "name": "left_wrist",
          "x": 11.538116455078125,
          "y": 143.51747131347656,
          "confidence": 0.1587480902671814,
          "visible": false
        },
        {
          "name": "right_wrist",
          "x": 8.987427711486816,
          "y": 131.38824462890625,
          "confidence": 0.06001441180706024,
          "visible": false
        },
        {
          "name": "left_hip",
          "x": 2.8868331909179688,
          "y": 266.4815979003906,
          "confidence": 0.08256050199270248,
          "visible": false
        },
        {
          "name": "right_hip",
          "x": 1.525848150253296,
          "y": 264.70782470703125,
          "confidence": 0.04614291712641716,
          "visible": false
        },
        {
          "name": "left_knee",
          "x": 5.351463317871094,
          "y": 314.530029296875,
          "confidence": 0.12091853469610214,
          "visible": false
        },
        {
          "name": "right_knee",
          "x": 2.298888683319092,
          "y": 314.0048522949219,
          "confidence": 0.07144719362258911,
          "visible": false
        },
        {
          "name": "left_ankle",
          "x": 0.0,
          "y": 421.9425354003906,
          "confidence": 0.06759233772754669,
          "visible": false
        },
        {
          "name": "right_ankle",
          "x": 1.0036683082580566,
          "y": 420.4984130859375,
          "confidence": 0.04334913566708565,
          "visible": false
        }
      ],
      "confidence_scores": [
        0.18052664399147034,
        0.11980155110359192,
        0.08688989281654358,
        0.07574564963579178,
        0.06842366605997086,
        0.20793235301971436,
        0.0642150416970253,
        0.16616635024547577,
        0.036389052867889404,
        0.1587480902671814,
        0.06001441180706024,
        0.08256050199270248,
        0.04614291712641716,
        0.12091853469610214,
        0.07144719362258911,
        0.06759233772754669,
        0.04334913566708565
      ],
      "average_confidence": 0.09746254849083283
    }
  ]
}