{
  "timestamp": "2025-11-03T15:18:45.450633",
  "image_shape": {
    "height": 480,
    "width": 640,
    "channels": 3
  },
  "num_persons_detected": 1,
  "persons": [
    {
      "person_id": 0,
      "keypoints": [
        {
          "name": "nose",
          "x": 309.97381591796875,
          "y": 78.76565551757812,
          "confidence": 0.9541935920715332,
          "visible": true
        },
        {
          "name": "left_eye",
          "x": 313.77130126953125,
          "y": 64.31314086914062,
          "confidence": 0.9759175777435303,
          "visible": true
        },
        {
          "name": "right_eye",
          "x": 309.79833984375,
          "y": 64.7764892578125,
          "confidence": 0.1487473100423813,
          "visible": false
        },
        {
          "name": "left_ear",
          "x": 339.13641357421875,
          "y": 64.70748901367188,
          "confidence": 0.9643855094909668,
          "visible": true
        },
        {
          "name": "right_ear",
          "x": 330.0120544433594,
          "y": 63.74041748046875,
          "confidence": 0.01214628852903843,
          "visible": false
        },
        {
          "name": "left_shoulder",
          "x": 369.215576171875,
          "y": 144.47291564941406,
          "confidence": 0.9993078708648682,
          "visible": true
        },
        {
          "name": "right_shoulder",
          "x": 367.58306884765625,
          "y": 139.20407104492188,
          "confidence": 0.9437727332115173,
          "visible": true
        },
        {
          "name": "left_elbow",
          "x": 341.2072448730469,
          "y": 228.85829162597656,
          "confidence": 0.998348593711853,
          "visible": true
        },
        {
          "name": "right_elbow",
          "x": 330.3487548828125,
          "y": 231.1456756591797,
          "confidence": 0.6514688730239868,
          "visible": true
        },
        {
          "name": "left_wrist",
          "x": 271.59771728515625,
          "y": 236.99232482910156,
          "confidence": 0.9968343377113342,
          "visible": true
        },
        {
          "name": "right_wrist",
          "x": 265.607666015625,
          "y": 234.93484497070312,
          "confidence": 0.8179965615272522,
          "visible": true
        },
        {
          "name": "left_hip",
          "x": 333.98388671875,
          "y": 290.688232421875,
          "confidence": 0.9987932443618774,
          "visible": true
        },
        {
          "name": "right_hip",
          "x": 334.25689697265625,
          "y": 274.62384033203125,
          "confidence": 0.9899735450744629,
          "visible": true
        },
        {
          "name": "left_knee",
          "x": 195.4116973876953,
          "y": 289.91302490234375,
          "confidence": 0.9982763528823853,
          "visible": true
        },
        {
          "name": "right_knee",
          "x": 203.69729614257812,
          "y": 276.5875549316406,
          "confidence": 0.9848292469978333,
          "visible": true
        },
        {
          "name": "left_ankle",
          "x": 58.02494812011719,
          "y": 351.719970703125,
          "confidence": 0.9838300347328186,
          "visible": true
        },
        {
          "name": "right_ankle",
          "x": 63.85731506347656,
          "y": 335.2240905761719,
          "confidence": 0.9403706192970276,
          "visible": true
        }
      ],
      "confidence_scores": [
        0.9541935920715332,
        0.9759175777435303,
        0.1487473100423813,
        0.9643855094909668,
        0.01214628852903843,
        0.9993078708648682,
        0.9437727332115173,
        0.998348593711853,
        0.6514688730239868,
        0.9968343377113342,
        0.8179965615272522,
        0.9987932443618774,
        0.9899735450744629,
        0.9982763528823853,
        0.9848292469978333,
        0.9838300347328186,
        0.9403706192970276
      ],
      "average_confidence": 0.8446583700749803
    }
  ]
}