{
  "timestamp": "2025-11-03T15:12:46.362466",
  "image_shape": {
    "height": 480,
    "width": 640,
    "channels": 3
  },
  "num_persons_detected": 1,
  "persons": [
    {
      "person_id": 0,
      "keypoints": [
        {
          "name": "nose",
          "x": 134.68865966796875,
          "y": 160.98025512695312,
          "confidence": 0.9578936696052551,
          "visible": true
        },
        {
          "name": "left_eye",
          "x": 138.8272247314453,
          "y": 148.09732055664062,
          "confidence": 0.9891899824142456,
          "visible": true
        },
        {
          "name": "right_eye",
          "x": 133.33653259277344,
          "y": 153.9599609375,
          "confidence": 0.31557169556617737,
          "visible": false
        },
        {
          "name": "left_ear",
          "x": 170.0745391845703,
          "y": 144.72256469726562,
          "confidence": 0.9866411089897156,
          "visible": true
        },
        {
          "name": "right_ear",
          "x": 155.06556701660156,
          "y": 153.76510620117188,
          "confidence": 0.009864958934485912,
          "visible": false
        },
        {
          "name": "left_shoulder",
          "x": 242.16751098632812,
          "y": 175.18972778320312,
          "confidence": 0.9906094074249268,
          "visible": true
        },
        {
          "name": "right_shoulder",
          "x": 217.7608642578125,
          "y": 187.81044006347656,
          "confidence": 0.721764326095581,
          "visible": true
        },
        {
          "name": "left_elbow",
          "x": 290.4906005859375,
          "y": 231.986328125,
          "confidence": 0.9753656387329102,
          "visible": true
        },
        {
          "name": "right_elbow",
          "x": 244.26104736328125,
          "y": 244.72589111328125,
          "confidence": 0.24449840188026428,
          "visible": false
        },
        {
          "name": "left_wrist",
          "x": 231.18154907226562,
          "y": 250.1646728515625,
          "confidence": 0.9743276238441467,
          "visible": true
        },
        {
          "name": "right_wrist",
          "x": 226.0677490234375,
          "y": 257.1650390625,
          "confidence": 0.484514057636261,
          "visible": false
        },
        {
          "name": "left_hip",
          "x": 314.34649658203125,
          "y": 272.10687255859375,
          "confidence": 0.9624757766723633,
          "visible": true
        },
        {
          "name": "right_hip",
          "x": 300.99591064453125,
          "y": 268.0269775390625,
          "confidence": 0.8390213847160339,
          "visible": true
        },
        {
          "name": "left_knee",
          "x": 193.92955017089844,
          "y": 281.43731689453125,
          "confidence": 0.9872526526451111,
          "visible": true
        },
        {
          "name": "right_knee",
          "x": 189.26138305664062,
          "y": 273.1309814453125,
          "confidence": 0.9372264742851257,
          "visible": true
        },
        {
          "name": "left_ankle",
          "x": 179.1976318359375,
          "y": 422.56927490234375,
          "confidence": 0.9555293321609497,
          "visible": true
        },
        {
          "name": "right_ankle",
          "x": 186.0466766357422,
          "y": 405.1190185546875,
          "confidence": 0.8980388641357422,
          "visible": true
        }
      ],
      "confidence_scores": [
        0.9578936696052551,
        0.9891899824142456,
        0.31557169556617737,
        0.9866411089897156,
        0.009864958934485912,
        0.9906094074249268,
        0.721764326095581,
        0.9753656387329102,
        0.24449840188026428,
        0.9743276238441467,
        0.484514057636261,
        0.9624757766723633,
        0.8390213847160339,
        0.9872526526451111,
        0.9372264742851257,
        0.9555293321609497,
        0.8980388641357422
      ],
      "average_confidence": 0.7782226679846644
    }
  ]
}