{
  "timestamp": "2025-11-03T15:19:01.038715",
  "image_shape": {
    "height": 480,
    "width": 640,
    "channels": 3
  },
  "num_persons_detected": 1,
  "persons": [
    {
      "person_id": 0,
      "keypoints": [
        {
          "name": "nose",
          "x": 311.6936950683594,
          "y": 74.60508728027344,
          "confidence": 0.9662830829620361,
          "visible": true
        },
        {
          "name": "left_eye",
          "x": 317.5478515625,
          "y": 60.00929260253906,
          "confidence": 0.9801064729690552,
          "visible": true
        },
        {
          "name": "right_eye",
          "x": 312.44140625,
          "y": 65.19953918457031,
          "confidence": 0.29247963428497314,
          "visible": false
        },
        {
          "name": "left_ear",
          "x": 349.61932373046875,
          "y": 53.500518798828125,
          "confidence": 0.9848257899284363,
          "visible": true
        },
        {
          "name": "right_ear",
          "x": 334.00091552734375,
          "y": 63.382049560546875,
          "confidence": 0.01978858932852745,
          "visible": false
        },
        {
          "name": "left_shoulder",
          "x": 376.42938232421875,
          "y": 121.09573364257812,
          "confidence": 0.9972148537635803,
          "visible": true
        },
        {
          "name": "right_shoulder",
          "x": 354.23480224609375,
          "y": 118.31822204589844,
          "confidence": 0.9555138349533081,
          "visible": true
        },
        {
          "name": "left_elbow",
          "x": 368.4570007324219,
          "y": 234.53672790527344,
          "confidence": 0.996600329875946,
          "visible": true
        },
        {
          "name": "right_elbow",
          "x": 337.6995849609375,
          "y": 209.66746520996094,
          "confidence": 0.6972651481628418,
          "visible": true
        },
        {
          "name": "left_wrist",
          "x": 275.2794189453125,
          "y": 242.11557006835938,
          "confidence": 0.9970957040786743,
          "visible": true
        },
        {
          "name": "right_wrist",
          "x": 268.7861328125,
          "y": 230.91156005859375,
          "confidence": 0.8410695195198059,
          "visible": true
        },
        {
          "name": "left_hip",
          "x": 338.0262756347656,
          "y": 290.4150390625,
          "confidence": 0.9909722805023193,
          "visible": true
        },
        {
          "name": "right_hip",
          "x": 324.80340576171875,
          "y": 275.7239685058594,
          "confidence": 0.9581089615821838,
          "visible": true
        },
        {
          "name": "left_knee",
          "x": 196.27294921875,
          "y": 277.44488525390625,
          "confidence": 0.9917112588882446,
          "visible": true
        },
        {
          "name": "right_knee",
          "x": 197.2925567626953,
          "y": 263.1776123046875,
          "confidence": 0.946953535079956,
          "visible": true
        },
        {
          "name": "left_ankle",
          "x": 288.056396484375,
          "y": 373.843017578125,
          "confidence": 0.924557089805603,
          "visible": true
        },
        {
          "name": "right_ankle",
          "x": 290.3388366699219,
          "y": 368.2220764160156,
          "confidence": 0.7944867014884949,
          "visible": true
        }
      ],
      "confidence_scores": [
        0.9662830829620361,
        0.9801064729690552,
        0.29247963428497314,
        0.9848257899284363,
        0.01978858932852745,
        0.9972148537635803,
        0.9555138349533081,
        0.996600329875946,
        0.6972651481628418,
        0.9970957040786743,
        0.8410695195198059,
        0.9909722805023193,
        0.9581089615821838,
        0.9917112588882446,
        0.946953535079956,
        0.924557089805603,
        0.7944867014884949
      ],
      "average_confidence": 0.8432372227749404
    }
  ]
}