{
  "timestamp": "2025-11-03T15:12:57.825945",
  "image_shape": {
    "height": 480,
    "width": 640,
    "channels": 3
  },
  "num_persons_detected": 1,
  "persons": [
    {
      "person_id": 0,
      "keypoints": [
        {
          "name": "nose",
          "x": 184.24203491210938,
          "y": 113.00123596191406,
          "confidence": 0.9749345779418945,
          "visible": true
        },
        {
          "name": "left_eye",
          "x": 189.14620971679688,
          "y": 100.21391296386719,
          "confidence": 0.9927923679351807,
          "visible": true
        },
        {
          "name": "right_eye",
          "x": 181.703125,
          "y": 102.5709228515625,
          "confidence": 0.3787257969379425,
          "visible": false
        },
        {
          "name": "left_ear",
          "x": 215.7593994140625,
          "y": 96.729736328125,
          "confidence": 0.9898957014083862,
          "visible": true
        },
        {
          "name": "right_ear",
          "x": 197.82652282714844,
          "y": 100.27822875976562,
          "confidence": 0.010295324958860874,
          "visible": false
        },
        {
          "name": "left_shoulder",
          "x": 272.73809814453125,
          "y": 142.285888671875,
          "confidence": 0.9963886737823486,
          "visible": true
        },
        {
          "name": "right_shoulder",
          "x": 248.7550811767578,
          "y": 140.6536102294922,
          "confidence": 0.8366670608520508,
          "visible": true
        },
        {
          "name": "left_elbow",
          "x": 302.6127624511719,
          "y": 234.690673828125,
          "confidence": 0.9921649694442749,
          "visible": true
        },
        {
          "name": "right_elbow",
          "x": 263.2597961425781,
          "y": 221.7841339111328,
          "confidence": 0.3697642982006073,
          "visible": false
        },
        {
          "name": "left_wrist",
          "x": 221.2542724609375,
          "y": 248.6625213623047,
          "confidence": 0.9908638596534729,
          "visible": true
        },
        {
          "name": "right_wrist",
          "x": 227.85665893554688,
          "y": 248.66314697265625,
          "confidence": 0.6263729333877563,
          "visible": true
        },
        {
          "name": "left_hip",
          "x": 316.67156982421875,
          "y": 273.25177001953125,
          "confidence": 0.9888255000114441,
          "visible": true
        },
        {
          "name": "right_hip",
          "x": 303.127197265625,
          "y": 261.9816589355469,
          "confidence": 0.9359549880027771,
          "visible": true
        },
        {
          "name": "left_knee",
          "x": 192.90664672851562,
          "y": 283.9765930175781,
          "confidence": 0.9951285123825073,
          "visible": true
        },
        {
          "name": "right_knee",
          "x": 187.22369384765625,
          "y": 263.86114501953125,
          "confidence": 0.9681001305580139,
          "visible": true
        },
        {
          "name": "left_ankle",
          "x": 189.03857421875,
          "y": 422.554443359375,
          "confidence": 0.9742153882980347,
          "visible": true
        },
        {
          "name": "right_ankle",
          "x": 191.66590881347656,
          "y": 396.031005859375,
          "confidence": 0.9283102750778198,
          "visible": true
        }
      ],
      "confidence_scores": [
        0.9749345779418945,
        0.9927923679351807,
        0.3787257969379425,
        0.9898957014083862,
        0.010295324958860874,
        0.9963886737823486,
        0.8366670608520508,
        0.9921649694442749,
        0.3697642982006073,
        0.9908638596534729,
        0.6263729333877563,
        0.9888255000114441,
        0.9359549880027771,
        0.9951285123825073,
        0.9681001305580139,
        0.9742153882980347,
        0.9283102750778198
      ],
      "average_confidence": 0.8205529622843161
    }
  ]
}