{
  "timestamp": "2025-11-03T15:14:31.856732",
  "image_shape": {
    "height": 480,
    "width": 640,
    "channels": 3
  },
  "num_persons_detected": 1,
  "persons": [
    {
      "person_id": 0,
      "keypoints": [
        {
          "name": "nose",
          "x": 207.11148071289062,
          "y": 181.05026245117188,
          "confidence": 0.9440336227416992,
          "visible": true
        },
        {
          "name": "left_eye",
          "x": 202.8527069091797,
          "y": 167.23289489746094,
          "confidence": 0.9727216958999634,
          "visible": true
        },
        {
          "name": "right_eye",
          "x": 202.44461059570312,
          "y": 169.82017517089844,
          "confidence": 0.21711328625679016,
          "visible": false
        },
        {
          "name": "left_ear",
          "x": 221.4951171875,
          "y": 143.16940307617188,
          "confidence": 0.9684836268424988,
          "visible": true
        },
        {
          "name": "right_ear",
          "x": 221.13262939453125,
          "y": 150.284423828125,
          "confidence": 0.015442701987922192,
          "visible": false
        },
        {
          "name": "left_shoulder",
          "x": 281.9222412109375,
          "y": 173.12355041503906,
          "confidence": 0.9930944442749023,
          "visible": true
        },
        {
          "name": "right_shoulder",
          "x": 287.64031982421875,
          "y": 161.77145385742188,
          "confidence": 0.8794597387313843,
          "visible": true
        },
        {
          "name": "left_elbow",
          "x": 297.37933349609375,
          "y": 266.63177490234375,
          "confidence": 0.9907071590423584,
          "visible": true
        },
        {
          "name": "right_elbow",
          "x": 304.5201110839844,
          "y": 224.75086975097656,
          "confidence": 0.6310976147651672,
          "visible": true
        },
        {
          "name": "left_wrist",
          "x": 233.52725219726562,
          "y": 264.6410827636719,
          "confidence": 0.9925494194030762,
          "visible": true
        },
        {
          "name": "right_wrist",
          "x": 250.96168518066406,
          "y": 239.03073120117188,
          "confidence": 0.8309139609336853,
          "visible": true
        },
        {
          "name": "left_hip",
          "x": 328.60858154296875,
          "y": 283.67059326171875,
          "confidence": 0.979353129863739,
          "visible": true
        },
        {
          "name": "right_hip",
          "x": 334.39923095703125,
          "y": 269.90576171875,
          "confidence": 0.9273139238357544,
          "visible": true
        },
        {
          "name": "left_knee",
          "x": 201.25901794433594,
          "y": 283.4981689453125,
          "confidence": 0.9907193779945374,
          "visible": true
        },
        {
          "name": "right_knee",
          "x": 206.86550903320312,
          "y": 265.2021484375,
          "confidence": 0.9610177874565125,
          "visible": true
        },
        {
          "name": "left_ankle",
          "x": 190.35874938964844,
          "y": 412.2237548828125,
          "confidence": 0.9474822282791138,
          "visible": true
        },
        {
          "name": "right_ankle",
          "x": 198.3833465576172,
          "y": 402.0439758300781,
          "confidence": 0.8919657468795776,
          "visible": true
        }
      ],
      "confidence_scores": [
        0.9440336227416992,
        0.9727216958999634,
        0.21711328625679016,
        0.9684836268424988,
        0.015442701987922192,
        0.9930944442749023,
        0.8794597387313843,
        0.9907071590423584,
        0.6310976147651672,
        0.9925494194030762,
        0.8309139609336853,
        0.979353129863739,
        0.9273139238357544,
        0.9907193779945374,
        0.9610177874565125,
        0.9474822282791138,
        0.8919657468795776
      ],
      "average_confidence": 0.8313805567758048
    }
  ]
}