{
  "timestamp": "2025-11-03T15:18:22.745665",
  "image_shape": {
    "height": 480,
    "width": 640,
    "channels": 3
  },
  "num_persons_detected": 2,
  "persons": [
    {
      "person_id": 0,
      "keypoints": [
        {
          "name": "nose",
          "x": 345.1697692871094,
          "y": 76.24229431152344,
          "confidence": 0.9469960927963257,
          "visible": true
        },
        {
          "name": "left_eye",
          "x": 355.4939880371094,
          "y": 66.2279052734375,
          "confidence": 0.9671246409416199,
          "visible": true
        },
        {
          "name": "right_eye",
          "x": 351.7800598144531,
          "y": 67.22056579589844,
          "confidence": 0.22952334582805634,
          "visible": false
        },
        {
          "name": "left_ear",
          "x": 385.1875915527344,
          "y": 80.19343566894531,
          "confidence": 0.962029755115509,
          "visible": true
        },
        {
          "name": "right_ear",
          "x": 375.02435302734375,
          "y": 77.67097473144531,
          "confidence": 0.017719559371471405,
          "visible": false
        },
        {
          "name": "left_shoulder",
          "x": 388.3930358886719,
          "y": 153.91152954101562,
          "confidence": 0.9939966201782227,
          "visible": true
        },
        {
          "name": "right_shoulder",
          "x": 376.887451171875,
          "y": 136.73086547851562,
          "confidence": 0.9138997197151184,
          "visible": true
        },
        {
          "name": "left_elbow",
          "x": 349.11553955078125,
          "y": 256.0081481933594,
          "confidence": 0.9950483441352844,
          "visible": true
        },
        {
          "name": "right_elbow",
          "x": 337.4122314453125,
          "y": 220.8461151123047,
          "confidence": 0.6580461859703064,
          "visible": true
        },
        {
          "name": "left_wrist",
          "x": 255.708251953125,
          "y": 249.06939697265625,
          "confidence": 0.9968145489692688,
          "visible": true
        },
        {
          "name": "right_wrist",
          "x": 273.4201354980469,
          "y": 239.6695556640625,
          "confidence": 0.8576343059539795,
          "visible": true
        },
        {
          "name": "left_hip",
          "x": 330.37799072265625,
          "y": 290.6856689453125,
          "confidence": 0.9880852699279785,
          "visible": true
        },
        {
          "name": "right_hip",
          "x": 323.20098876953125,
          "y": 269.25946044921875,
          "confidence": 0.9466608762741089,
          "visible": true
        },
        {
          "name": "left_knee",
          "x": 174.5980224609375,
          "y": 289.81231689453125,
          "confidence": 0.9922738671302795,
          "visible": true
        },
        {
          "name": "right_knee",
          "x": 176.77493286132812,
          "y": 266.37261962890625,
          "confidence": 0.9486224055290222,
          "visible": true
        },
        {
          "name": "left_ankle",
          "x": 215.21417236328125,
          "y": 420.28277587890625,
          "confidence": 0.9248483180999756,
          "visible": true
        },
        {
          "name": "right_ankle",
          "x": 218.03929138183594,
          "y": 399.02484130859375,
          "confidence": 0.7868926525115967,
          "visible": true
        }
      ],
      "confidence_scores": [
        0.9469960927963257,
        0.9671246409416199,
        0.22952334582805634,
        0.962029755115509,
        0.017719559371471405,
        0.9939966201782227,
        0.9138997197151184,
        0.9950483441352844,
        0.6580461859703064,
        0.9968145489692688,
        0.8576343059539795,
        0.9880852699279785,
        0.9466608762741089,
        0.9922738671302795,
        0.9486224055290222,
        0.9248483180999756,
        0.7868926525115967
      ],
      "average_confidence": 0.8309539122616544
    },
    {
      "person_id": 1,
      "keypoints": [
        {
          "name": "nose",
          "x": 1.9102725982666016,
          "y": 9.172378540039062,
          "confidence": 0.005914431996643543,
          "visible": false
        },
        {
          "name": "left_eye",
          "x": 0.0,
          "y": 1.220062255859375,
          "confidence": 0.0024758572690188885,
          "visible": false
        },
        {
          "name": "right_eye",
          "x": 4.061856269836426,
          "y": 0.6163787841796875,
          "confidence": 0.0021578161977231503,
          "visible": false
        },
        {
          "name": "left_ear",
          "x": 0.0,
          "y": 0.0,
          "confidence": 0.0023266873322427273,
          "visible": false
        },
        {
          "name": "right_ear",
          "x": 5.092254161834717,
          "y": 0.0,
          "confidence": 0.002812025835737586,
          "visible": false
        },
        {
          "name": "left_shoulder",
          "x": 3.9530868530273438,
          "y": 8.063735961914062,
          "confidence": 0.01774364523589611,
          "visible": false
        },
        {
          "name": "right_shoulder",
          "x": 3.115006923675537,
          "y": 8.78045654296875,
          "confidence": 0.0041514369659125805,
          "visible": false
        },
        {
          "name": "left_elbow",
          "x": 12.401232719421387,
          "y": 43.96339416503906,
          "confidence": 0.12820152938365936,
          "visible": false
        },
        {
          "name": "right_elbow",
          "x": 14.310174942016602,
          "y": 51.32743835449219,
          "confidence": 0.023507941514253616,
          "visible": false
        },
        {
          "name": "left_wrist",
          "x": 11.242061614990234,
          "y": 53.166412353515625,
          "confidence": 0.22556090354919434,
          "visible": false
        },
        {
          "name": "right_wrist",
          "x": 12.361502647399902,
          "y": 59.64898681640625,
          "confidence": 0.08066797256469727,
          "visible": false
        },
        {
          "name": "left_hip",
          "x": 6.292087078094482,
          "y": 130.11036682128906,
          "confidence": 0.20155441761016846,
          "visible": false
        },
        {
          "name": "right_hip",
          "x": 4.158141613006592,
          "y": 129.79776000976562,
          "confidence": 0.11511269956827164,
          "visible": false
        },
        {
          "name": "left_knee",
          "x": 5.286006450653076,
          "y": 285.67877197265625,
          "confidence": 0.26581546664237976,
          "visible": false
        },
        {
          "name": "right_knee",
          "x": 6.754907131195068,
          "y": 285.2542419433594,
          "confidence": 0.15993632376194,
          "visible": false
        },
        {
          "name": "left_ankle",
          "x": 0.0,
          "y": 406.9146423339844,
          "confidence": 0.0665152370929718,
          "visible": false
        },
        {
          "name": "right_ankle",
          "x": 0.0,
          "y": 403.2497863769531,
          "confidence": 0.04062489792704582,
          "visible": false
        }
      ],
      "confidence_scores": [
        0.005914431996643543,
        0.0024758572690188885,
        0.0021578161977231503,
        0.0023266873322427273,
        0.002812025835737586,
        0.01774364523589611,
        0.0041514369659125805,
        0.12820152938365936,
        0.023507941514253616,
        0.22556090354919434,
        0.08066797256469727,
        0.20155441761016846,
        0.11511269956827164,
        0.26581546664237976,
        0.15993632376194,
        0.0665152370929718,
        0.04062489792704582
      ],
      "average_confidence": 0.07912231120280921
    }
  ]
}