{
  "timestamp": "2025-11-03T15:18:42.388333",
  "image_shape": {
    "height": 480,
    "width": 640,
    "channels": 3
  },
  "num_persons_detected": 1,
  "persons": [
    {
      "person_id": 0,
      "keypoints": [
        {
          "name": "nose",
          "x": 307.177490234375,
          "y": 57.88746643066406,
          "confidence": 0.9816771745681763,
          "visible": true
        },
        {
          "name": "left_eye",
          "x": 316.15069580078125,
          "y": 45.14237976074219,
          "confidence": 0.9862881898880005,
          "visible": true
        },
        {
          "name": "right_eye",
          "x": 306.1041259765625,
          "y": 44.97117614746094,
          "confidence": 0.43688663840293884,
          "visible": false
        },
        {
          "name": "left_ear",
          "x": 342.7603759765625,
          "y": 53.56089782714844,
          "confidence": 0.9712997674942017,
          "visible": true
        },
        {
          "name": "right_ear",
          "x": 320.659912109375,
          "y": 50.73736572265625,
          "confidence": 0.035346027463674545,
          "visible": false
        },
        {
          "name": "left_shoulder",
          "x": 363.073486328125,
          "y": 127.15736389160156,
          "confidence": 0.9987969398498535,
          "visible": true
        },
        {
          "name": "right_shoulder",
          "x": 344.58209228515625,
          "y": 118.41304016113281,
          "confidence": 0.9783007502555847,
          "visible": true
        },
        {
          "name": "left_elbow",
          "x": 338.5218505859375,
          "y": 223.88922119140625,
          "confidence": 0.9979370832443237,
          "visible": true
        },
        {
          "name": "right_elbow",
          "x": 309.9222412109375,
          "y": 216.3635711669922,
          "confidence": 0.883093535900116,
          "visible": true
        },
        {
          "name": "left_wrist",
          "x": 265.43450927734375,
          "y": 235.26223754882812,
          "confidence": 0.9979045391082764,
          "visible": true
        },
        {
          "name": "right_wrist",
          "x": 256.926513671875,
          "y": 234.133056640625,
          "confidence": 0.9431334733963013,
          "visible": true
        },
        {
          "name": "left_hip",
          "x": 319.89190673828125,
          "y": 282.98974609375,
          "confidence": 0.9985664486885071,
          "visible": true
        },
        {
          "name": "right_hip",
          "x": 309.5705261230469,
          "y": 265.78826904296875,
          "confidence": 0.9940468072891235,
          "visible": true
        },
        {
          "name": "left_knee",
          "x": 167.06761169433594,
          "y": 302.2405090332031,
          "confidence": 0.9988170862197876,
          "visible": true
        },
        {
          "name": "right_knee",
          "x": 173.35354614257812,
          "y": 286.2882995605469,
          "confidence": 0.9939650893211365,
          "visible": true
        },
        {
          "name": "left_ankle",
          "x": 97.35163879394531,
          "y": 427.7463684082031,
          "confidence": 0.9858683347702026,
          "visible": true
        },
        {
          "name": "right_ankle",
          "x": 107.4651870727539,
          "y": 409.95855712890625,
          "confidence": 0.9630839824676514,
          "visible": true
        }
      ],
      "confidence_scores": [
        0.9816771745681763,
        0.9862881898880005,
        0.43688663840293884,
        0.9712997674942017,
        0.035346027463674545,
        0.9987969398498535,
        0.9783007502555847,
        0.9979370832443237,
        0.883093535900116,
        0.9979045391082764,
        0.9431334733963013,
        0.9985664486885071,
        0.9940468072891235,
        0.9988170862197876,
        0.9939650893211365,
        0.9858683347702026,
        0.9630839824676514
      ],
      "average_confidence": 0.8908830510781092
    }
  ]
}