{
  "timestamp": "2025-11-03T15:14:51.860791",
  "image_shape": {
    "height": 480,
    "width": 640,
    "channels": 3
  },
  "num_persons_detected": 1,
  "persons": [
    {
      "person_id": 0,
      "keypoints": [
        {
          "name": "nose",
          "x": 214.66921997070312,
          "y": 146.2942352294922,
          "confidence": 0.9689823389053345,
          "visible": true
        },
        {
          "name": "left_eye",
          "x": 212.550537109375,
          "y": 134.41024780273438,
          "confidence": 0.9864422082901001,
          "visible": true
        },
        {
          "name": "right_eye",
          "x": 212.59774780273438,
          "y": 134.6218719482422,
          "confidence": 0.26165568828582764,
          "visible": false
        },
        {
          "name": "left_ear",
          "x": 234.59185791015625,
          "y": 115.39749145507812,
          "confidence": 0.9826835989952087,
          "visible": true
        },
        {
          "name": "right_ear",
          "x": 235.97039794921875,
          "y": 116.41171264648438,
          "confidence": 0.015402640216052532,
          "visible": false
        },
        {
          "name": "left_shoulder",
          "x": 279.91339111328125,
          "y": 150.2939910888672,
          "confidence": 0.9969297051429749,
          "visible": true
        },
        {
          "name": "right_shoulder",
          "x": 293.9123840332031,
          "y": 132.49795532226562,
          "confidence": 0.9452476501464844,
          "visible": true
        },
        {
          "name": "left_elbow",
          "x": 259.62921142578125,
          "y": 243.3185577392578,
          "confidence": 0.9962298274040222,
          "visible": true
        },
        {
          "name": "right_elbow",
          "x": 279.8384094238281,
          "y": 192.419921875,
          "confidence": 0.7869746685028076,
          "visible": true
        },
        {
          "name": "left_wrist",
          "x": 191.52357482910156,
          "y": 237.212646484375,
          "confidence": 0.9964391589164734,
          "visible": true
        },
        {
          "name": "right_wrist",
          "x": 231.7128143310547,
          "y": 197.10629272460938,
          "confidence": 0.9090137481689453,
          "visible": true
        },
        {
          "name": "left_hip",
          "x": 325.0372009277344,
          "y": 277.7962951660156,
          "confidence": 0.9953627586364746,
          "visible": true
        },
        {
          "name": "right_hip",
          "x": 334.6636657714844,
          "y": 262.86865234375,
          "confidence": 0.9820674657821655,
          "visible": true
        },
        {
          "name": "left_knee",
          "x": 201.8586883544922,
          "y": 280.640625,
          "confidence": 0.9977854490280151,
          "visible": true
        },
        {
          "name": "right_knee",
          "x": 210.14881896972656,
          "y": 260.9631042480469,
          "confidence": 0.9899236559867859,
          "visible": true
        },
        {
          "name": "left_ankle",
          "x": 193.7538299560547,
          "y": 414.5968017578125,
          "confidence": 0.9832414388656616,
          "visible": true
        },
        {
          "name": "right_ankle",
          "x": 190.9882049560547,
          "y": 400.1083679199219,
          "confidence": 0.9639542102813721,
          "visible": true
        }
      ],
      "confidence_scores": [
        0.9689823389053345,
        0.9864422082901001,
        0.26165568828582764,
        0.9826835989952087,
        0.015402640216052532,
        0.9969297051429749,
        0.9452476501464844,
        0.9962298274040222,
        0.7869746685028076,
        0.9964391589164734,
        0.9090137481689453,
        0.9953627586364746,
        0.9820674657821655,
        0.9977854490280151,
        0.9899236559867859,
        0.9832414388656616,
        0.9639542102813721
      ],
      "average_confidence": 0.8681374242091003
    }
  ]
}