{
  "timestamp": "2025-11-03T15:17:44.974846",
  "image_shape": {
    "height": 480,
    "width": 640,
    "channels": 3
  },
  "num_persons_detected": 1,
  "persons": [
    {
      "person_id": 0,
      "keypoints": [
        {
          "name": "nose",
          "x": 318.9937744140625,
          "y": 72.42469787597656,
          "confidence": 0.4281398355960846,
          "visible": false
        },
        {
          "name": "left_eye",
          "x": 318.62603759765625,
          "y": 61.824676513671875,
          "confidence": 0.6168280243873596,
          "visible": true
        },
        {
          "name": "right_eye",
          "x": 327.239013671875,
          "y": 62.26319885253906,
          "confidence": 0.0115432757884264,
          "visible": false
        },
        {
          "name": "left_ear",
          "x": 327.41925048828125,
          "y": 72.60252380371094,
          "confidence": 0.9764389991760254,
          "visible": true
        },
        {
          "name": "right_ear",
          "x": 364.1379699707031,
          "y": 70.90631103515625,
          "confidence": 0.050688907504081726,
          "visible": false
        },
        {
          "name": "left_shoulder",
          "x": 331.0166015625,
          "y": 143.72842407226562,
          "confidence": 0.9981763362884521,
          "visible": true
        },
        {
          "name": "right_shoulder",
          "x": 394.8045654296875,
          "y": 127.54145812988281,
          "confidence": 0.9261466264724731,
          "visible": true
        },
        {
          "name": "left_elbow",
          "x": 304.9546813964844,
          "y": 242.35995483398438,
          "confidence": 0.996817946434021,
          "visible": true
        },
        {
          "name": "right_elbow",
          "x": 366.8221435546875,
          "y": 215.78857421875,
          "confidence": 0.49930572509765625,
          "visible": false
        },
        {
          "name": "left_wrist",
          "x": 250.26963806152344,
          "y": 237.7911376953125,
          "confidence": 0.992490828037262,
          "visible": true
        },
        {
          "name": "right_wrist",
          "x": 277.9354553222656,
          "y": 227.50457763671875,
          "confidence": 0.6050379872322083,
          "visible": true
        },
        {
          "name": "left_hip",
          "x": 315.57000732421875,
          "y": 288.1424255371094,
          "confidence": 0.9922546148300171,
          "visible": true
        },
        {
          "name": "right_hip",
          "x": 358.640625,
          "y": 270.5365295410156,
          "confidence": 0.9477035999298096,
          "visible": true
        },
        {
          "name": "left_knee",
          "x": 185.4598388671875,
          "y": 265.6312255859375,
          "confidence": 0.9943469166755676,
          "visible": true
        },
        {
          "name": "right_knee",
          "x": 213.8124237060547,
          "y": 246.79910278320312,
          "confidence": 0.949978232383728,
          "visible": true
        },
        {
          "name": "left_ankle",
          "x": 198.8900604248047,
          "y": 405.70452880859375,
          "confidence": 0.9553704261779785,
          "visible": true
        },
        {
          "name": "right_ankle",
          "x": 202.66302490234375,
          "y": 386.73565673828125,
          "confidence": 0.8389629125595093,
          "visible": true
        }
      ],
      "confidence_scores": [
        0.4281398355960846,
        0.6168280243873596,
        0.0115432757884264,
        0.9764389991760254,
        0.050688907504081726,
        0.9981763362884521,
        0.9261466264724731,
        0.996817946434021,
        0.49930572509765625,
        0.992490828037262,
        0.6050379872322083,
        0.9922546148300171,
        0.9477035999298096,
        0.9943469166755676,
        0.949978232383728,
        0.9553704261779785,
        0.8389629125595093
      ],
      "average_confidence": 0.7517783055629801
    }
  ]
}