{
  "timestamp": "2025-11-03T15:19:01.709900",
  "image_shape": {
    "height": 480,
    "width": 640,
    "channels": 3
  },
  "num_persons_detected": 1,
  "persons": [
    {
      "person_id": 0,
      "keypoints": [
        {
          "name": "nose",
          "x": 307.9566955566406,
          "y": 61.71849060058594,
          "confidence": 0.9399601817131042,
          "visible": true
        },
        {
          "name": "left_eye",
          "x": 317.2012634277344,
          "y": 48.12646484375,
          "confidence": 0.9633528590202332,
          "visible": true
        },
        {
          "name": "right_eye",
          "x": 311.5585632324219,
          "y": 52.00172424316406,
          "confidence": 0.20421729981899261,
          "visible": false
        },
        {
          "name": "left_ear",
          "x": 350.81011962890625,
          "y": 48.920989990234375,
          "confidence": 0.9749448895454407,
          "visible": true
        },
        {
          "name": "right_ear",
          "x": 335.7096252441406,
          "y": 52.989532470703125,
          "confidence": 0.020257728174328804,
          "visible": false
        },
        {
          "name": "left_shoulder",
          "x": 364.6853942871094,
          "y": 118.72213745117188,
          "confidence": 0.9939996004104614,
          "visible": true
        },
        {
          "name": "right_shoulder",
          "x": 353.4583740234375,
          "y": 109.76016235351562,
          "confidence": 0.9386333227157593,
          "visible": true
        },
        {
          "name": "left_elbow",
          "x": 352.6494140625,
          "y": 232.8213348388672,
          "confidence": 0.9943084120750427,
          "visible": true
        },
        {
          "name": "right_elbow",
          "x": 334.2052307128906,
          "y": 203.39532470703125,
          "confidence": 0.6772204637527466,
          "visible": true
        },
        {
          "name": "left_wrist",
          "x": 267.8897399902344,
          "y": 241.7325439453125,
          "confidence": 0.9955877065658569,
          "visible": true
        },
        {
          "name": "right_wrist",
          "x": 269.0633850097656,
          "y": 232.16943359375,
          "confidence": 0.8262837529182434,
          "visible": true
        },
        {
          "name": "left_hip",
          "x": 334.18402099609375,
          "y": 294.1786804199219,
          "confidence": 0.9804328680038452,
          "visible": true
        },
        {
          "name": "right_hip",
          "x": 327.3409423828125,
          "y": 277.5105285644531,
          "confidence": 0.9259937405586243,
          "visible": true
        },
        {
          "name": "left_knee",
          "x": 186.74468994140625,
          "y": 286.8117980957031,
          "confidence": 0.977169930934906,
          "visible": true
        },
        {
          "name": "right_knee",
          "x": 189.30361938476562,
          "y": 268.14093017578125,
          "confidence": 0.8767375349998474,
          "visible": true
        },
        {
          "name": "left_ankle",
          "x": 292.6996765136719,
          "y": 385.0499572753906,
          "confidence": 0.8016389608383179,
          "visible": true
        },
        {
          "name": "right_ankle",
          "x": 289.23370361328125,
          "y": 371.4876708984375,
          "confidence": 0.5762771368026733,
          "visible": true
        }
      ],
      "confidence_scores": [
        0.9399601817131042,
        0.9633528590202332,
        0.20421729981899261,
        0.9749448895454407,
        0.020257728174328804,
        0.9939996004104614,
        0.9386333227157593,
        0.9943084120750427,
        0.6772204637527466,
        0.9955877065658569,
        0.8262837529182434,
        0.9804328680038452,
        0.9259937405586243,
        0.977169930934906,
        0.8767375349998474,
        0.8016389608383179,
        0.5762771368026733
      ],
      "average_confidence": 0.8039421405204955
    }
  ]
}