{
  "timestamp": "2025-11-03T15:15:09.483964",
  "image_shape": {
    "height": 480,
    "width": 640,
    "channels": 3
  },
  "num_persons_detected": 1,
  "persons": [
    {
      "person_id": 0,
      "keypoints": [
        {
          "name": "nose",
          "x": 157.218017578125,
          "y": 218.26136779785156,
          "confidence": 0.9138809442520142,
          "visible": true
        },
        {
          "name": "left_eye",
          "x": 154.76931762695312,
          "y": 207.9495849609375,
          "confidence": 0.9831807017326355,
          "visible": true
        },
        {
          "name": "right_eye",
          "x": 156.97694396972656,
          "y": 206.2682342529297,
          "confidence": 0.0860598236322403,
          "visible": false
        },
        {
          "name": "left_ear",
          "x": 175.08763122558594,
          "y": 187.8470458984375,
          "confidence": 0.9824403524398804,
          "visible": true
        },
        {
          "name": "right_ear",
          "x": 175.21755981445312,
          "y": 184.37008666992188,
          "confidence": 0.003863163758069277,
          "visible": false
        },
        {
          "name": "left_shoulder",
          "x": 217.72113037109375,
          "y": 207.01739501953125,
          "confidence": 0.994885265827179,
          "visible": true
        },
        {
          "name": "right_shoulder",
          "x": 237.74929809570312,
          "y": 190.19964599609375,
          "confidence": 0.6009542346000671,
          "visible": true
        },
        {
          "name": "left_elbow",
          "x": 209.50502014160156,
          "y": 312.0893859863281,
          "confidence": 0.9957042336463928,
          "visible": true
        },
        {
          "name": "right_elbow",
          "x": 233.87559509277344,
          "y": 272.5657958984375,
          "confidence": 0.21219946444034576,
          "visible": false
        },
        {
          "name": "left_wrist",
          "x": 204.01641845703125,
          "y": 401.54541015625,
          "confidence": 0.9908903241157532,
          "visible": true
        },
        {
          "name": "right_wrist",
          "x": 225.16844177246094,
          "y": 362.70623779296875,
          "confidence": 0.44846904277801514,
          "visible": false
        },
        {
          "name": "left_hip",
          "x": 340.09393310546875,
          "y": 285.8234558105469,
          "confidence": 0.9753091931343079,
          "visible": true
        },
        {
          "name": "right_hip",
          "x": 352.6865234375,
          "y": 276.87646484375,
          "confidence": 0.8020913004875183,
          "visible": true
        },
        {
          "name": "left_knee",
          "x": 201.71258544921875,
          "y": 289.201171875,
          "confidence": 0.9881703853607178,
          "visible": true
        },
        {
          "name": "right_knee",
          "x": 210.27304077148438,
          "y": 275.6036682128906,
          "confidence": 0.8704041838645935,
          "visible": true
        },
        {
          "name": "left_ankle",
          "x": 261.2890319824219,
          "y": 412.75262451171875,
          "confidence": 0.9459806084632874,
          "visible": true
        },
        {
          "name": "right_ankle",
          "x": 254.1062774658203,
          "y": 398.8778076171875,
          "confidence": 0.7988916635513306,
          "visible": true
        }
      ],
      "confidence_scores": [
        0.9138809442520142,
        0.9831807017326355,
        0.0860598236322403,
        0.9824403524398804,
        0.003863163758069277,
        0.994885265827179,
        0.6009542346000671,
        0.9957042336463928,
        0.21219946444034576,
        0.9908903241157532,
        0.44846904277801514,
        0.9753091931343079,
        0.8020913004875183,
        0.9881703853607178,
        0.8704041838645935,
        0.9459806084632874,
        0.7988916635513306
      ],
      "average_confidence": 0.7407867580049616
    }
  ]
}