{
  "timestamp": "2025-11-03T15:12:58.604074",
  "image_shape": {
    "height": 480,
    "width": 640,
    "channels": 3
  },
  "num_persons_detected": 1,
  "persons": [
    {
      "person_id": 0,
      "keypoints": [
        {
          "name": "nose",
          "x": 186.63015747070312,
          "y": 108.08430480957031,
          "confidence": 0.9776527881622314,
          "visible": true
        },
        {
          "name": "left_eye",
          "x": 192.30877685546875,
          "y": 95.44061279296875,
          "confidence": 0.992870032787323,
          "visible": true
        },
        {
          "name": "right_eye",
          "x": 184.39605712890625,
          "y": 97.694580078125,
          "confidence": 0.39678695797920227,
          "visible": false
        },
        {
          "name": "left_ear",
          "x": 219.15049743652344,
          "y": 93.98469543457031,
          "confidence": 0.9899867177009583,
          "visible": true
        },
        {
          "name": "right_ear",
          "x": 200.86520385742188,
          "y": 97.03352355957031,
          "confidence": 0.01158969011157751,
          "visible": false
        },
        {
          "name": "left_shoulder",
          "x": 272.71221923828125,
          "y": 141.02401733398438,
          "confidence": 0.9971461892127991,
          "visible": true
        },
        {
          "name": "right_shoulder",
          "x": 250.98483276367188,
          "y": 140.14071655273438,
          "confidence": 0.8744810223579407,
          "visible": true
        },
        {
          "name": "left_elbow",
          "x": 302.1607971191406,
          "y": 233.055908203125,
          "confidence": 0.9944842457771301,
          "visible": true
        },
        {
          "name": "right_elbow",
          "x": 262.7601013183594,
          "y": 222.5348663330078,
          "confidence": 0.46466735005378723,
          "visible": false
        },
        {
          "name": "left_wrist",
          "x": 216.83058166503906,
          "y": 248.75460815429688,
          "confidence": 0.9938890933990479,
          "visible": true
        },
        {
          "name": "right_wrist",
          "x": 221.1233673095703,
          "y": 248.419189453125,
          "confidence": 0.7198125720024109,
          "visible": true
        },
        {
          "name": "left_hip",
          "x": 312.13836669921875,
          "y": 273.58673095703125,
          "confidence": 0.9917125701904297,
          "visible": true
        },
        {
          "name": "right_hip",
          "x": 300.2279968261719,
          "y": 262.4360656738281,
          "confidence": 0.9526220560073853,
          "visible": true
        },
        {
          "name": "left_knee",
          "x": 192.3968048095703,
          "y": 285.38494873046875,
          "confidence": 0.9957566857337952,
          "visible": true
        },
        {
          "name": "right_knee",
          "x": 189.67189025878906,
          "y": 265.26605224609375,
          "confidence": 0.9726859331130981,
          "visible": true
        },
        {
          "name": "left_ankle",
          "x": 188.11630249023438,
          "y": 424.60430908203125,
          "confidence": 0.9734043478965759,
          "visible": true
        },
        {
          "name": "right_ankle",
          "x": 191.60833740234375,
          "y": 396.403076171875,
          "confidence": 0.9272328615188599,
          "visible": true
        }
      ],
      "confidence_scores": [
        0.9776527881622314,
        0.992870032787323,
        0.39678695797920227,
        0.9899867177009583,
        0.01158969011157751,
        0.9971461892127991,
        0.8744810223579407,
        0.9944842457771301,
        0.46466735005378723,
        0.9938890933990479,
        0.7198125720024109,
        0.9917125701904297,
        0.9526220560073853,
        0.9957566857337952,
        0.9726859331130981,
        0.9734043478965759,
        0.9272328615188599
      ],
      "average_confidence": 0.8368694772943854
    }
  ]
}