{
  "timestamp": "2025-11-03T15:17:39.135107",
  "image_shape": {
    "height": 480,
    "width": 640,
    "channels": 3
  },
  "num_persons_detected": 1,
  "persons": [
    {
      "person_id": 0,
      "keypoints": [
        {
          "name": "nose",
          "x": 167.95428466796875,
          "y": 240.74693298339844,
          "confidence": 0.8744298815727234,
          "visible": true
        },
        {
          "name": "left_eye",
          "x": 161.59402465820312,
          "y": 229.17189025878906,
          "confidence": 0.9346556067466736,
          "visible": true
        },
        {
          "name": "right_eye",
          "x": 163.76416015625,
          "y": 231.52963256835938,
          "confidence": 0.14815090596675873,
          "visible": false
        },
        {
          "name": "left_ear",
          "x": 173.05584716796875,
          "y": 203.58697509765625,
          "confidence": 0.8599116802215576,
          "visible": true
        },
        {
          "name": "right_ear",
          "x": 172.7733612060547,
          "y": 210.95501708984375,
          "confidence": 0.008833763189613819,
          "visible": false
        },
        {
          "name": "left_shoulder",
          "x": 242.54196166992188,
          "y": 196.45013427734375,
          "confidence": 0.9859060049057007,
          "visible": true
        },
        {
          "name": "right_shoulder",
          "x": 238.95010375976562,
          "y": 207.51025390625,
          "confidence": 0.48763757944107056,
          "visible": false
        },
        {
          "name": "left_elbow",
          "x": 311.5747985839844,
          "y": 242.51780700683594,
          "confidence": 0.9827471971511841,
          "visible": true
        },
        {
          "name": "right_elbow",
          "x": 257.1053161621094,
          "y": 264.80487060546875,
          "confidence": 0.1919429898262024,
          "visible": false
        },
        {
          "name": "left_wrist",
          "x": 244.7891387939453,
          "y": 246.51434326171875,
          "confidence": 0.9797390699386597,
          "visible": true
        },
        {
          "name": "right_wrist",
          "x": 244.21484375,
          "y": 277.5502624511719,
          "confidence": 0.45489561557769775,
          "visible": false
        },
        {
          "name": "left_hip",
          "x": 335.90716552734375,
          "y": 273.3551025390625,
          "confidence": 0.9709427952766418,
          "visible": true
        },
        {
          "name": "right_hip",
          "x": 336.02215576171875,
          "y": 268.7991638183594,
          "confidence": 0.8350197076797485,
          "visible": true
        },
        {
          "name": "left_knee",
          "x": 194.7640380859375,
          "y": 279.6512451171875,
          "confidence": 0.9919828772544861,
          "visible": true
        },
        {
          "name": "right_knee",
          "x": 202.88153076171875,
          "y": 263.5986328125,
          "confidence": 0.9418595433235168,
          "visible": true
        },
        {
          "name": "left_ankle",
          "x": 200.13006591796875,
          "y": 419.3175048828125,
          "confidence": 0.9690976142883301,
          "visible": true
        },
        {
          "name": "right_ankle",
          "x": 200.0717010498047,
          "y": 390.53790283203125,
          "confidence": 0.901191234588623,
          "visible": true
        }
      ],
      "confidence_scores": [
        0.8744298815727234,
        0.9346556067466736,
        0.14815090596675873,
        0.8599116802215576,
        0.008833763189613819,
        0.9859060049057007,
        0.48763757944107056,
        0.9827471971511841,
        0.1919429898262024,
        0.9797390699386597,
        0.45489561557769775,
        0.9709427952766418,
        0.8350197076797485,
        0.9919828772544861,
        0.9418595433235168,
        0.9690976142883301,
        0.901191234588623
      ],
      "average_confidence": 0.7364084745264229
    }
  ]
}