{
  "timestamp": "2025-11-03T15:14:57.811708",
  "image_shape": {
    "height": 480,
    "width": 640,
    "channels": 3
  },
  "num_persons_detected": 1,
  "persons": [
    {
      "person_id": 0,
      "keypoints": [
        {
          "name": "nose",
          "x": 214.31088256835938,
          "y": 92.69956970214844,
          "confidence": 0.9469175338745117,
          "visible": true
        },
        {
          "name": "left_eye",
          "x": 221.1023712158203,
          "y": 82.24649047851562,
          "confidence": 0.9798493385314941,
          "visible": true
        },
        {
          "name": "right_eye",
          "x": 220.31517028808594,
          "y": 85.9093017578125,
          "confidence": 0.1792178899049759,
          "visible": false
        },
        {
          "name": "left_ear",
          "x": 251.50201416015625,
          "y": 91.47500610351562,
          "confidence": 0.9876782298088074,
          "visible": true
        },
        {
          "name": "right_ear",
          "x": 249.06088256835938,
          "y": 92.91494750976562,
          "confidence": 0.015712261199951172,
          "visible": false
        },
        {
          "name": "left_shoulder",
          "x": 278.6232604980469,
          "y": 152.93341064453125,
          "confidence": 0.9972948431968689,
          "visible": true
        },
        {
          "name": "right_shoulder",
          "x": 281.2022705078125,
          "y": 144.15878295898438,
          "confidence": 0.9096424579620361,
          "visible": true
        },
        {
          "name": "left_elbow",
          "x": 262.1521301269531,
          "y": 251.34054565429688,
          "confidence": 0.9965781569480896,
          "visible": true
        },
        {
          "name": "right_elbow",
          "x": 261.4116516113281,
          "y": 221.85089111328125,
          "confidence": 0.4983586370944977,
          "visible": false
        },
        {
          "name": "left_wrist",
          "x": 184.14698791503906,
          "y": 264.1058044433594,
          "confidence": 0.9956049919128418,
          "visible": true
        },
        {
          "name": "right_wrist",
          "x": 203.750732421875,
          "y": 255.07516479492188,
          "confidence": 0.7307001352310181,
          "visible": true
        },
        {
          "name": "left_hip",
          "x": 325.1031188964844,
          "y": 285.360107421875,
          "confidence": 0.9927152991294861,
          "visible": true
        },
        {
          "name": "right_hip",
          "x": 327.185546875,
          "y": 273.8462219238281,
          "confidence": 0.9550437927246094,
          "visible": true
        },
        {
          "name": "left_knee",
          "x": 201.9949951171875,
          "y": 298.13543701171875,
          "confidence": 0.9936403632164001,
          "visible": true
        },
        {
          "name": "right_knee",
          "x": 205.1857452392578,
          "y": 280.40643310546875,
          "confidence": 0.9479156732559204,
          "visible": true
        },
        {
          "name": "left_ankle",
          "x": 288.8175048828125,
          "y": 418.6123962402344,
          "confidence": 0.9378652572631836,
          "visible": true
        },
        {
          "name": "right_ankle",
          "x": 278.400146484375,
          "y": 398.2548828125,
          "confidence": 0.8118859529495239,
          "visible": true
        }
      ],
      "confidence_scores": [
        0.9469175338745117,
        0.9798493385314941,
        0.1792178899049759,
        0.9876782298088074,
        0.015712261199951172,
        0.9972948431968689,
        0.9096424579620361,
        0.9965781569480896,
        0.4983586370944977,
        0.9956049919128418,
        0.7307001352310181,
        0.9927152991294861,
        0.9550437927246094,
        0.9936403632164001,
        0.9479156732559204,
        0.9378652572631836,
        0.8118859529495239
      ],
      "average_confidence": 0.816271812600248
    }
  ]
}