{
  "timestamp": "2025-11-03T15:14:24.486300",
  "image_shape": {
    "height": 480,
    "width": 640,
    "channels": 3
  },
  "num_persons_detected": 1,
  "persons": [
    {
      "person_id": 0,
      "keypoints": [
        {
          "name": "nose",
          "x": 217.00857543945312,
          "y": 108.19561767578125,
          "confidence": 0.9705257415771484,
          "visible": true
        },
        {
          "name": "left_eye",
          "x": 220.57687377929688,
          "y": 96.60751342773438,
          "confidence": 0.9901284575462341,
          "visible": true
        },
        {
          "name": "right_eye",
          "x": 219.49632263183594,
          "y": 100.25314331054688,
          "confidence": 0.2503478527069092,
          "visible": false
        },
        {
          "name": "left_ear",
          "x": 253.3620147705078,
          "y": 91.68052673339844,
          "confidence": 0.9884902238845825,
          "visible": true
        },
        {
          "name": "right_ear",
          "x": 247.68722534179688,
          "y": 96.833984375,
          "confidence": 0.008776847273111343,
          "visible": false
        },
        {
          "name": "left_shoulder",
          "x": 305.472412109375,
          "y": 134.31085205078125,
          "confidence": 0.9976474642753601,
          "visible": true
        },
        {
          "name": "right_shoulder",
          "x": 286.4665222167969,
          "y": 141.44268798828125,
          "confidence": 0.8837512731552124,
          "visible": true
        },
        {
          "name": "left_elbow",
          "x": 298.7054443359375,
          "y": 214.82554626464844,
          "confidence": 0.9969614148139954,
          "visible": true
        },
        {
          "name": "right_elbow",
          "x": 277.94488525390625,
          "y": 220.79205322265625,
          "confidence": 0.4967949390411377,
          "visible": false
        },
        {
          "name": "left_wrist",
          "x": 208.19473266601562,
          "y": 249.25994873046875,
          "confidence": 0.9965879917144775,
          "visible": true
        },
        {
          "name": "right_wrist",
          "x": 225.0636444091797,
          "y": 250.46469116210938,
          "confidence": 0.7664884924888611,
          "visible": true
        },
        {
          "name": "left_hip",
          "x": 328.6175537109375,
          "y": 275.3016357421875,
          "confidence": 0.994110643863678,
          "visible": true
        },
        {
          "name": "right_hip",
          "x": 317.7157287597656,
          "y": 267.30755615234375,
          "confidence": 0.9588019251823425,
          "visible": true
        },
        {
          "name": "left_knee",
          "x": 204.91015625,
          "y": 278.334716796875,
          "confidence": 0.9960301518440247,
          "visible": true
        },
        {
          "name": "right_knee",
          "x": 199.5284423828125,
          "y": 269.828125,
          "confidence": 0.9680476188659668,
          "visible": true
        },
        {
          "name": "left_ankle",
          "x": 189.1454620361328,
          "y": 416.8199462890625,
          "confidence": 0.9676631689071655,
          "visible": true
        },
        {
          "name": "right_ankle",
          "x": 194.28549194335938,
          "y": 399.9485168457031,
          "confidence": 0.8979206085205078,
          "visible": true
        }
      ],
      "confidence_scores": [
        0.9705257415771484,
        0.9901284575462341,
        0.2503478527069092,
        0.9884902238845825,
        0.008776847273111343,
        0.9976474642753601,
        0.8837512731552124,
        0.9969614148139954,
        0.4967949390411377,
        0.9965879917144775,
        0.7664884924888611,
        0.994110643863678,
        0.9588019251823425,
        0.9960301518440247,
        0.9680476188659668,
        0.9676631689071655,
        0.8979206085205078
      ],
      "average_confidence": 0.8311220479800421
    }
  ]
}