{
  "timestamp": "2025-11-03T15:14:17.647195",
  "image_shape": {
    "height": 480,
    "width": 640,
    "channels": 3
  },
  "num_persons_detected": 1,
  "persons": [
    {
      "person_id": 0,
      "keypoints": [
        {
          "name": "nose",
          "x": 272.6914367675781,
          "y": 65.95088195800781,
          "confidence": 0.9650545120239258,
          "visible": true
        },
        {
          "name": "left_eye",
          "x": 280.59954833984375,
          "y": 54.82234191894531,
          "confidence": 0.9844051003456116,
          "visible": true
        },
        {
          "name": "right_eye",
          "x": 274.2934265136719,
          "y": 56.35530090332031,
          "confidence": 0.31312844157218933,
          "visible": false
        },
        {
          "name": "left_ear",
          "x": 306.8871765136719,
          "y": 64.90863037109375,
          "confidence": 0.9755354523658752,
          "visible": true
        },
        {
          "name": "right_ear",
          "x": 294.16168212890625,
          "y": 64.47502136230469,
          "confidence": 0.018874727189540863,
          "visible": false
        },
        {
          "name": "left_shoulder",
          "x": 326.7478942871094,
          "y": 130.7931365966797,
          "confidence": 0.9964078068733215,
          "visible": true
        },
        {
          "name": "right_shoulder",
          "x": 321.95770263671875,
          "y": 123.41062927246094,
          "confidence": 0.8734719753265381,
          "visible": true
        },
        {
          "name": "left_elbow",
          "x": 312.0173645019531,
          "y": 224.34939575195312,
          "confidence": 0.9963428378105164,
          "visible": true
        },
        {
          "name": "right_elbow",
          "x": 312.08953857421875,
          "y": 208.8106689453125,
          "confidence": 0.5142595767974854,
          "visible": true
        },
        {
          "name": "left_wrist",
          "x": 231.9475860595703,
          "y": 242.6885223388672,
          "confidence": 0.9967341423034668,
          "visible": true
        },
        {
          "name": "right_wrist",
          "x": 255.38970947265625,
          "y": 234.969482421875,
          "confidence": 0.7960208654403687,
          "visible": true
        },
        {
          "name": "left_hip",
          "x": 317.0821533203125,
          "y": 274.1353759765625,
          "confidence": 0.9916708469390869,
          "visible": true
        },
        {
          "name": "right_hip",
          "x": 315.2118835449219,
          "y": 260.2716064453125,
          "confidence": 0.9453516602516174,
          "visible": true
        },
        {
          "name": "left_knee",
          "x": 198.253173828125,
          "y": 276.7651672363281,
          "confidence": 0.9954928159713745,
          "visible": true
        },
        {
          "name": "right_knee",
          "x": 200.45472717285156,
          "y": 260.1835021972656,
          "confidence": 0.9629908204078674,
          "visible": true
        },
        {
          "name": "left_ankle",
          "x": 193.63888549804688,
          "y": 416.2773132324219,
          "confidence": 0.9651911854743958,
          "visible": true
        },
        {
          "name": "right_ankle",
          "x": 195.5699005126953,
          "y": 395.09747314453125,
          "confidence": 0.883528470993042,
          "visible": true
        }
      ],
      "confidence_scores": [
        0.9650545120239258,
        0.9844051003456116,
        0.31312844157218933,
        0.9755354523658752,
        0.018874727189540863,
        0.9964078068733215,
        0.8734719753265381,
        0.9963428378105164,
        0.5142595767974854,
        0.9967341423034668,
        0.7960208654403687,
        0.9916708469390869,
        0.9453516602516174,
        0.9954928159713745,
        0.9629908204078674,
        0.9651911854743958,
        0.883528470993042
      ],
      "average_confidence": 0.8337918375344837
    }
  ]
}