{
  "timestamp": "2025-11-03T15:14:37.691580",
  "image_shape": {
    "height": 480,
    "width": 640,
    "channels": 3
  },
  "num_persons_detected": 1,
  "persons": [
    {
      "person_id": 0,
      "keypoints": [
        {
          "name": "nose",
          "x": 184.62417602539062,
          "y": 97.08047485351562,
          "confidence": 0.9674240946769714,
          "visible": true
        },
        {
          "name": "left_eye",
          "x": 189.5826416015625,
          "y": 86.16990661621094,
          "confidence": 0.9912797808647156,
          "visible": true
        },
        {
          "name": "right_eye",
          "x": 187.44427490234375,
          "y": 88.25991821289062,
          "confidence": 0.24938395619392395,
          "visible": false
        },
        {
          "name": "left_ear",
          "x": 218.8204345703125,
          "y": 90.84785461425781,
          "confidence": 0.9916393160820007,
          "visible": true
        },
        {
          "name": "right_ear",
          "x": 213.71286010742188,
          "y": 91.67710876464844,
          "confidence": 0.008112640120089054,
          "visible": false
        },
        {
          "name": "left_shoulder",
          "x": 274.89239501953125,
          "y": 142.50326538085938,
          "confidence": 0.9979610443115234,
          "visible": true
        },
        {
          "name": "right_shoulder",
          "x": 256.1333312988281,
          "y": 141.55116271972656,
          "confidence": 0.8395078778266907,
          "visible": true
        },
        {
          "name": "left_elbow",
          "x": 293.1067199707031,
          "y": 230.29541015625,
          "confidence": 0.9963611960411072,
          "visible": true
        },
        {
          "name": "right_elbow",
          "x": 260.7303771972656,
          "y": 222.7619171142578,
          "confidence": 0.36703792214393616,
          "visible": false
        },
        {
          "name": "left_wrist",
          "x": 206.6665802001953,
          "y": 244.56640625,
          "confidence": 0.9952229857444763,
          "visible": true
        },
        {
          "name": "right_wrist",
          "x": 214.0357666015625,
          "y": 247.70046997070312,
          "confidence": 0.6584699749946594,
          "visible": true
        },
        {
          "name": "left_hip",
          "x": 319.671630859375,
          "y": 270.31060791015625,
          "confidence": 0.9931017160415649,
          "visible": true
        },
        {
          "name": "right_hip",
          "x": 309.52777099609375,
          "y": 259.7049865722656,
          "confidence": 0.9459424018859863,
          "visible": true
        },
        {
          "name": "left_knee",
          "x": 207.81785583496094,
          "y": 280.15570068359375,
          "confidence": 0.996216356754303,
          "visible": true
        },
        {
          "name": "right_knee",
          "x": 201.45265197753906,
          "y": 261.21234130859375,
          "confidence": 0.9675002098083496,
          "visible": true
        },
        {
          "name": "left_ankle",
          "x": 189.16087341308594,
          "y": 423.17138671875,
          "confidence": 0.9732996821403503,
          "visible": true
        },
        {
          "name": "right_ankle",
          "x": 194.43966674804688,
          "y": 391.9185485839844,
          "confidence": 0.9129987359046936,
          "visible": true
        }
      ],
      "confidence_scores": [
        0.9674240946769714,
        0.9912797808647156,
        0.24938395619392395,
        0.9916393160820007,
        0.008112640120089054,
        0.9979610443115234,
        0.8395078778266907,
        0.9963611960411072,
        0.36703792214393616,
        0.9952229857444763,
        0.6584699749946594,
        0.9931017160415649,
        0.9459424018859863,
        0.996216356754303,
        0.9675002098083496,
        0.9732996821403503,
        0.9129987359046936
      ],
      "average_confidence": 0.8147917583256084
    }
  ]
}