{
  "timestamp": "2025-11-03T15:15:27.040455",
  "image_shape": {
    "height": 480,
    "width": 640,
    "channels": 3
  },
  "num_persons_detected": 1,
  "persons": [
    {
      "person_id": 0,
      "keypoints": [
        {
          "name": "nose",
          "x": 355.52044677734375,
          "y": 166.50558471679688,
          "confidence": 0.9763342142105103,
          "visible": true
        },
        {
          "name": "left_eye",
          "x": 372.35858154296875,
          "y": 162.51101684570312,
          "confidence": 0.9714965224266052,
          "visible": true
        },
        {
          "name": "right_eye",
          "x": 361.4315185546875,
          "y": 160.08642578125,
          "confidence": 0.6873777508735657,
          "visible": true
        },
        {
          "name": "left_ear",
          "x": 401.3077392578125,
          "y": 184.89498901367188,
          "confidence": 0.920531153678894,
          "visible": true
        },
        {
          "name": "right_ear",
          "x": 369.9596252441406,
          "y": 176.6528778076172,
          "confidence": 0.09717750549316406,
          "visible": false
        },
        {
          "name": "left_shoulder",
          "x": 372.3882141113281,
          "y": 231.5147705078125,
          "confidence": 0.9897029995918274,
          "visible": true
        },
        {
          "name": "right_shoulder",
          "x": 344.6706848144531,
          "y": 216.18341064453125,
          "confidence": 0.95900559425354,
          "visible": true
        },
        {
          "name": "left_elbow",
          "x": 287.98455810546875,
          "y": 242.08145141601562,
          "confidence": 0.9730823040008545,
          "visible": true
        },
        {
          "name": "right_elbow",
          "x": 281.643310546875,
          "y": 224.177490234375,
          "confidence": 0.8019157648086548,
          "visible": true
        },
        {
          "name": "left_wrist",
          "x": 236.48193359375,
          "y": 217.44064331054688,
          "confidence": 0.9724448919296265,
          "visible": true
        },
        {
          "name": "right_wrist",
          "x": 265.7120361328125,
          "y": 219.1611328125,
          "confidence": 0.8125997185707092,
          "visible": true
        },
        {
          "name": "left_hip",
          "x": 239.58486938476562,
          "y": 288.7119445800781,
          "confidence": 0.9867448210716248,
          "visible": true
        },
        {
          "name": "right_hip",
          "x": 217.80718994140625,
          "y": 267.0534973144531,
          "confidence": 0.9707158803939819,
          "visible": true
        },
        {
          "name": "left_knee",
          "x": 81.90306091308594,
          "y": 287.605224609375,
          "confidence": 0.9862740635871887,
          "visible": true
        },
        {
          "name": "right_knee",
          "x": 80.35150146484375,
          "y": 274.66650390625,
          "confidence": 0.9588809609413147,
          "visible": true
        },
        {
          "name": "left_ankle",
          "x": 67.60920715332031,
          "y": 382.2569580078125,
          "confidence": 0.9303092956542969,
          "visible": true
        },
        {
          "name": "right_ankle",
          "x": 75.78396606445312,
          "y": 377.55169677734375,
          "confidence": 0.860204815864563,
          "visible": true
        }
      ],
      "confidence_scores": [
        0.9763342142105103,
        0.9714965224266052,
        0.6873777508735657,
        0.920531153678894,
        0.09717750549316406,
        0.9897029995918274,
        0.95900559425354,
        0.9730823040008545,
        0.8019157648086548,
        0.9724448919296265,
        0.8125997185707092,
        0.9867448210716248,
        0.9707158803939819,
        0.9862740635871887,
        0.9588809609413147,
        0.9303092956542969,
        0.860204815864563
      ],
      "average_confidence": 0.873811662197113
    }
  ]
}