{
  "timestamp": "2025-11-03T15:16:31.991951",
  "image_shape": {
    "height": 480,
    "width": 640,
    "channels": 3
  },
  "num_persons_detected": 1,
  "persons": [
    {
      "person_id": 0,
      "keypoints": [
        {
          "name": "nose",
          "x": 176.678466796875,
          "y": 71.73637390136719,
          "confidence": 0.9423201084136963,
          "visible": true
        },
        {
          "name": "left_eye",
          "x": 182.70947265625,
          "y": 61.90187072753906,
          "confidence": 0.9774531126022339,
          "visible": true
        },
        {
          "name": "right_eye",
          "x": 178.81309509277344,
          "y": 61.38462829589844,
          "confidence": 0.1572510153055191,
          "visible": false
        },
        {
          "name": "left_ear",
          "x": 207.15386962890625,
          "y": 77.25944519042969,
          "confidence": 0.9841619729995728,
          "visible": true
        },
        {
          "name": "right_ear",
          "x": 204.11659240722656,
          "y": 72.40437316894531,
          "confidence": 0.015158466063439846,
          "visible": false
        },
        {
          "name": "left_shoulder",
          "x": 240.22000122070312,
          "y": 147.48468017578125,
          "confidence": 0.9989587068557739,
          "visible": true
        },
        {
          "name": "right_shoulder",
          "x": 238.4548797607422,
          "y": 133.4318084716797,
          "confidence": 0.915382981300354,
          "visible": true
        },
        {
          "name": "left_elbow",
          "x": 214.40724182128906,
          "y": 240.81350708007812,
          "confidence": 0.998207688331604,
          "visible": true
        },
        {
          "name": "right_elbow",
          "x": 206.302490234375,
          "y": 218.7601318359375,
          "confidence": 0.5887080430984497,
          "visible": true
        },
        {
          "name": "left_wrist",
          "x": 136.74447631835938,
          "y": 216.55569458007812,
          "confidence": 0.996823787689209,
          "visible": true
        },
        {
          "name": "right_wrist",
          "x": 143.64659118652344,
          "y": 215.98684692382812,
          "confidence": 0.8006972670555115,
          "visible": true
        },
        {
          "name": "left_hip",
          "x": 255.29135131835938,
          "y": 284.01123046875,
          "confidence": 0.9977743029594421,
          "visible": true
        },
        {
          "name": "right_hip",
          "x": 256.3869323730469,
          "y": 269.3383483886719,
          "confidence": 0.9816411733627319,
          "visible": true
        },
        {
          "name": "left_knee",
          "x": 160.5226593017578,
          "y": 290.3536682128906,
          "confidence": 0.9980760812759399,
          "visible": true
        },
        {
          "name": "right_knee",
          "x": 163.52760314941406,
          "y": 269.74578857421875,
          "confidence": 0.983742356300354,
          "visible": true
        },
        {
          "name": "left_ankle",
          "x": 86.8564224243164,
          "y": 418.130126953125,
          "confidence": 0.9819773435592651,
          "visible": true
        },
        {
          "name": "right_ankle",
          "x": 89.22418975830078,
          "y": 392.2919921875,
          "confidence": 0.93951416015625,
          "visible": true
        }
      ],
      "confidence_scores": [
        0.9423201084136963,
        0.9774531126022339,
        0.1572510153055191,
        0.9841619729995728,
        0.015158466063439846,
        0.9989587068557739,
        0.915382981300354,
        0.998207688331604,
        0.5887080430984497,
        0.996823787689209,
        0.8006972670555115,
        0.9977743029594421,
        0.9816411733627319,
        0.9980760812759399,
        0.983742356300354,
        0.9819773435592651,
        0.93951416015625
      ],
      "average_confidence": 0.8386969745487851
    }
  ]
}