{
  "timestamp": "2025-11-03T15:17:37.680724",
  "image_shape": {
    "height": 480,
    "width": 640,
    "channels": 3
  },
  "num_persons_detected": 1,
  "persons": [
    {
      "person_id": 0,
      "keypoints": [
        {
          "name": "nose",
          "x": 217.01467895507812,
          "y": 156.9180145263672,
          "confidence": 0.9524232745170593,
          "visible": true
        },
        {
          "name": "left_eye",
          "x": 212.0919647216797,
          "y": 143.28500366210938,
          "confidence": 0.9671421647071838,
          "visible": true
        },
        {
          "name": "right_eye",
          "x": 211.04110717773438,
          "y": 146.41329956054688,
          "confidence": 0.2738128900527954,
          "visible": false
        },
        {
          "name": "left_ear",
          "x": 228.05010986328125,
          "y": 116.43194580078125,
          "confidence": 0.9442213773727417,
          "visible": true
        },
        {
          "name": "right_ear",
          "x": 222.11013793945312,
          "y": 127.01167297363281,
          "confidence": 0.01660182513296604,
          "visible": false
        },
        {
          "name": "left_shoulder",
          "x": 295.53375244140625,
          "y": 137.34906005859375,
          "confidence": 0.9961143732070923,
          "visible": true
        },
        {
          "name": "right_shoulder",
          "x": 274.32415771484375,
          "y": 138.96780395507812,
          "confidence": 0.8969326019287109,
          "visible": true
        },
        {
          "name": "left_elbow",
          "x": 331.2687072753906,
          "y": 228.9626007080078,
          "confidence": 0.9946951270103455,
          "visible": true
        },
        {
          "name": "right_elbow",
          "x": 290.58282470703125,
          "y": 216.87564086914062,
          "confidence": 0.6618369221687317,
          "visible": true
        },
        {
          "name": "left_wrist",
          "x": 249.93458557128906,
          "y": 245.39964294433594,
          "confidence": 0.9940198659896851,
          "visible": true
        },
        {
          "name": "right_wrist",
          "x": 247.50144958496094,
          "y": 245.19544982910156,
          "confidence": 0.8246406316757202,
          "visible": true
        },
        {
          "name": "left_hip",
          "x": 336.3146667480469,
          "y": 268.59576416015625,
          "confidence": 0.9932390451431274,
          "visible": true
        },
        {
          "name": "right_hip",
          "x": 324.360595703125,
          "y": 258.6669921875,
          "confidence": 0.9705800414085388,
          "visible": true
        },
        {
          "name": "left_knee",
          "x": 208.4927978515625,
          "y": 285.15435791015625,
          "confidence": 0.9952619075775146,
          "visible": true
        },
        {
          "name": "right_knee",
          "x": 201.8389434814453,
          "y": 268.74139404296875,
          "confidence": 0.9763450026512146,
          "visible": true
        },
        {
          "name": "left_ankle",
          "x": 206.15188598632812,
          "y": 413.8953857421875,
          "confidence": 0.9614737033843994,
          "visible": true
        },
        {
          "name": "right_ankle",
          "x": 209.52198791503906,
          "y": 398.8053283691406,
          "confidence": 0.9069305658340454,
          "visible": true
        }
      ],
      "confidence_scores": [
        0.9524232745170593,
        0.9671421647071838,
        0.2738128900527954,
        0.9442213773727417,
        0.01660182513296604,
        0.9961143732070923,
        0.8969326019287109,
        0.9946951270103455,
        0.6618369221687317,
        0.9940198659896851,
        0.8246406316757202,
        0.9932390451431274,
        0.9705800414085388,
        0.9952619075775146,
        0.9763450026512146,
        0.9614737033843994,
        0.9069305658340454
      ],
      "average_confidence": 0.8427218423389337
    }
  ]
}