{
  "timestamp": "2025-11-03T15:18:56.357524",
  "image_shape": {
    "height": 480,
    "width": 640,
    "channels": 3
  },
  "num_persons_detected": 1,
  "persons": [
    {
      "person_id": 0,
      "keypoints": [
        {
          "name": "nose",
          "x": 298.24041748046875,
          "y": 51.94129943847656,
          "confidence": 0.9772670269012451,
          "visible": true
        },
        {
          "name": "left_eye",
          "x": 309.3347473144531,
          "y": 39.26487731933594,
          "confidence": 0.986260712146759,
          "visible": true
        },
        {
          "name": "right_eye",
          "x": 299.585205078125,
          "y": 40.50445556640625,
          "confidence": 0.45319390296936035,
          "visible": false
        },
        {
          "name": "left_ear",
          "x": 339.6825866699219,
          "y": 49.22196960449219,
          "confidence": 0.9656850099563599,
          "visible": true
        },
        {
          "name": "right_ear",
          "x": 315.52642822265625,
          "y": 47.89019775390625,
          "confidence": 0.022426245734095573,
          "visible": false
        },
        {
          "name": "left_shoulder",
          "x": 355.984375,
          "y": 122.80062866210938,
          "confidence": 0.9926161766052246,
          "visible": true
        },
        {
          "name": "right_shoulder",
          "x": 330.9514465332031,
          "y": 112.80787658691406,
          "confidence": 0.9221280217170715,
          "visible": true
        },
        {
          "name": "left_elbow",
          "x": 339.4867858886719,
          "y": 230.9909210205078,
          "confidence": 0.9929603934288025,
          "visible": true
        },
        {
          "name": "right_elbow",
          "x": 310.6525573730469,
          "y": 211.0242156982422,
          "confidence": 0.6978976130485535,
          "visible": true
        },
        {
          "name": "left_wrist",
          "x": 259.356689453125,
          "y": 239.31939697265625,
          "confidence": 0.9962958693504333,
          "visible": true
        },
        {
          "name": "right_wrist",
          "x": 259.0530700683594,
          "y": 236.14646911621094,
          "confidence": 0.8886193037033081,
          "visible": true
        },
        {
          "name": "left_hip",
          "x": 326.5439758300781,
          "y": 280.62091064453125,
          "confidence": 0.9834061861038208,
          "visible": true
        },
        {
          "name": "right_hip",
          "x": 311.44879150390625,
          "y": 263.58935546875,
          "confidence": 0.940361738204956,
          "visible": true
        },
        {
          "name": "left_knee",
          "x": 174.22628784179688,
          "y": 283.6075744628906,
          "confidence": 0.99085533618927,
          "visible": true
        },
        {
          "name": "right_knee",
          "x": 168.85301208496094,
          "y": 264.0164489746094,
          "confidence": 0.9526011943817139,
          "visible": true
        },
        {
          "name": "left_ankle",
          "x": 199.0108642578125,
          "y": 430.1048278808594,
          "confidence": 0.9207079410552979,
          "visible": true
        },
        {
          "name": "right_ankle",
          "x": 198.35284423828125,
          "y": 409.164306640625,
          "confidence": 0.8091186285018921,
          "visible": true
        }
      ],
      "confidence_scores": [
        0.9772670269012451,
        0.986260712146759,
        0.45319390296936035,
        0.9656850099563599,
        0.022426245734095573,
        0.9926161766052246,
        0.9221280217170715,
        0.9929603934288025,
        0.6978976130485535,
        0.9962958693504333,
        0.8886193037033081,
        0.9834061861038208,
        0.940361738204956,
        0.99085533618927,
        0.9526011943817139,
        0.9207079410552979,
        0.8091186285018921
      ],
      "average_confidence": 0.852494194117539
    }
  ]
}