{
  "timestamp": "2025-11-03T15:16:38.319255",
  "image_shape": {
    "height": 480,
    "width": 640,
    "channels": 3
  },
  "num_persons_detected": 1,
  "persons": [
    {
      "person_id": 0,
      "keypoints": [
        {
          "name": "nose",
          "x": 282.3122253417969,
          "y": 44.405242919921875,
          "confidence": 0.9587564468383789,
          "visible": true
        },
        {
          "name": "left_eye",
          "x": 292.448974609375,
          "y": 32.965606689453125,
          "confidence": 0.9747028946876526,
          "visible": true
        },
        {
          "name": "right_eye",
          "x": 283.6510314941406,
          "y": 33.86610412597656,
          "confidence": 0.3070108890533447,
          "visible": false
        },
        {
          "name": "left_ear",
          "x": 320.9262390136719,
          "y": 42.3970947265625,
          "confidence": 0.9579300880432129,
          "visible": true
        },
        {
          "name": "right_ear",
          "x": 299.8929138183594,
          "y": 41.140350341796875,
          "confidence": 0.015735795721411705,
          "visible": false
        },
        {
          "name": "left_shoulder",
          "x": 335.8305969238281,
          "y": 111.91300964355469,
          "confidence": 0.9934676289558411,
          "visible": true
        },
        {
          "name": "right_shoulder",
          "x": 315.854248046875,
          "y": 100.83853149414062,
          "confidence": 0.9216324090957642,
          "visible": true
        },
        {
          "name": "left_elbow",
          "x": 318.33544921875,
          "y": 211.65182495117188,
          "confidence": 0.9948487877845764,
          "visible": true
        },
        {
          "name": "right_elbow",
          "x": 292.4270324707031,
          "y": 188.56686401367188,
          "confidence": 0.7349863052368164,
          "visible": true
        },
        {
          "name": "left_wrist",
          "x": 236.29910278320312,
          "y": 191.78759765625,
          "confidence": 0.9968089461326599,
          "visible": true
        },
        {
          "name": "right_wrist",
          "x": 232.92312622070312,
          "y": 190.90774536132812,
          "confidence": 0.8945387005805969,
          "visible": true
        },
        {
          "name": "left_hip",
          "x": 308.2708740234375,
          "y": 263.8170471191406,
          "confidence": 0.9933860898017883,
          "visible": true
        },
        {
          "name": "right_hip",
          "x": 297.0622863769531,
          "y": 246.874267578125,
          "confidence": 0.9740570783615112,
          "visible": true
        },
        {
          "name": "left_knee",
          "x": 167.08322143554688,
          "y": 282.2206726074219,
          "confidence": 0.9967419505119324,
          "visible": true
        },
        {
          "name": "right_knee",
          "x": 168.32177734375,
          "y": 261.2515869140625,
          "confidence": 0.9822441935539246,
          "visible": true
        },
        {
          "name": "left_ankle",
          "x": 191.86756896972656,
          "y": 411.81365966796875,
          "confidence": 0.9697260856628418,
          "visible": true
        },
        {
          "name": "right_ankle",
          "x": 197.47695922851562,
          "y": 390.27978515625,
          "confidence": 0.9209692478179932,
          "visible": true
        }
      ],
      "confidence_scores": [
        0.9587564468383789,
        0.9747028946876526,
        0.3070108890533447,
        0.9579300880432129,
        0.015735795721411705,
        0.9934676289558411,
        0.9216324090957642,
        0.9948487877845764,
        0.7349863052368164,
        0.9968089461326599,
        0.8945387005805969,
        0.9933860898017883,
        0.9740570783615112,
        0.9967419505119324,
        0.9822441935539246,
        0.9697260856628418,
        0.9209692478179932
      ],
      "average_confidence": 0.8580907963435439
    }
  ]
}