{
  "timestamp": "2025-11-03T15:18:28.268543",
  "image_shape": {
    "height": 480,
    "width": 640,
    "channels": 3
  },
  "num_persons_detected": 1,
  "persons": [
    {
      "person_id": 0,
      "keypoints": [
        {
          "name": "nose",
          "x": 339.6788635253906,
          "y": 93.94061279296875,
          "confidence": 0.9921545386314392,
          "visible": true
        },
        {
          "name": "left_eye",
          "x": 352.28192138671875,
          "y": 83.30604553222656,
          "confidence": 0.9877030253410339,
          "visible": true
        },
        {
          "name": "right_eye",
          "x": 333.2351989746094,
          "y": 80.31100463867188,
          "confidence": 0.9227322936058044,
          "visible": true
        },
        {
          "name": "left_ear",
          "x": 366.966552734375,
          "y": 93.90501403808594,
          "confidence": 0.9491439461708069,
          "visible": true
        },
        {
          "name": "right_ear",
          "x": 322.15423583984375,
          "y": 88.08819580078125,
          "confidence": 0.34050610661506653,
          "visible": false
        },
        {
          "name": "left_shoulder",
          "x": 381.03546142578125,
          "y": 158.56629943847656,
          "confidence": 0.9957382678985596,
          "visible": true
        },
        {
          "name": "right_shoulder",
          "x": 311.0914001464844,
          "y": 147.07937622070312,
          "confidence": 0.9959891438484192,
          "visible": true
        },
        {
          "name": "left_elbow",
          "x": 354.59625244140625,
          "y": 249.4522705078125,
          "confidence": 0.9885920882225037,
          "visible": true
        },
        {
          "name": "right_elbow",
          "x": 293.1946105957031,
          "y": 222.36123657226562,
          "confidence": 0.9736879467964172,
          "visible": true
        },
        {
          "name": "left_wrist",
          "x": 259.16448974609375,
          "y": 255.17657470703125,
          "confidence": 0.9936094284057617,
          "visible": true
        },
        {
          "name": "right_wrist",
          "x": 240.92388916015625,
          "y": 247.86810302734375,
          "confidence": 0.9812058210372925,
          "visible": true
        },
        {
          "name": "left_hip",
          "x": 347.58746337890625,
          "y": 278.02520751953125,
          "confidence": 0.9979475140571594,
          "visible": true
        },
        {
          "name": "right_hip",
          "x": 298.0921936035156,
          "y": 263.86151123046875,
          "confidence": 0.9975698590278625,
          "visible": true
        },
        {
          "name": "left_knee",
          "x": 253.1732940673828,
          "y": 294.306640625,
          "confidence": 0.9987658262252808,
          "visible": true
        },
        {
          "name": "right_knee",
          "x": 181.3353271484375,
          "y": 276.0245056152344,
          "confidence": 0.9979081153869629,
          "visible": true
        },
        {
          "name": "left_ankle",
          "x": 266.48138427734375,
          "y": 436.2659606933594,
          "confidence": 0.9909676909446716,
          "visible": true
        },
        {
          "name": "right_ankle",
          "x": 208.82571411132812,
          "y": 416.3526916503906,
          "confidence": 0.9884073138237,
          "visible": true
        }
      ],
      "confidence_scores": [
        0.9921545386314392,
        0.9877030253410339,
        0.9227322936058044,
        0.9491439461708069,
        0.34050610661506653,
        0.9957382678985596,
        0.9959891438484192,
        0.9885920882225037,
        0.9736879467964172,
        0.9936094284057617,
        0.9812058210372925,
        0.9979475140571594,
        0.9975698590278625,
        0.9987658262252808,
        0.9979081153869629,
        0.9909676909446716,
        0.9884073138237
      ],
      "average_confidence": 0.9466252309434554
    }
  ]
}