{
  "timestamp": "2025-11-03T15:17:44.532219",
  "image_shape": {
    "height": 480,
    "width": 640,
    "channels": 3
  },
  "num_persons_detected": 1,
  "persons": [
    {
      "person_id": 0,
      "keypoints": [
        {
          "name": "nose",
          "x": 312.49163818359375,
          "y": 74.66374206542969,
          "confidence": 0.377027690410614,
          "visible": false
        },
        {
          "name": "left_eye",
          "x": 310.1700744628906,
          "y": 63.70387268066406,
          "confidence": 0.5155202150344849,
          "visible": true
        },
        {
          "name": "right_eye",
          "x": 319.48297119140625,
          "y": 63.13462829589844,
          "confidence": 0.010623613372445107,
          "visible": false
        },
        {
          "name": "left_ear",
          "x": 313.4960632324219,
          "y": 72.25199890136719,
          "confidence": 0.958696722984314,
          "visible": true
        },
        {
          "name": "right_ear",
          "x": 352.2466735839844,
          "y": 69.12005615234375,
          "confidence": 0.057900864630937576,
          "visible": false
        },
        {
          "name": "left_shoulder",
          "x": 320.10272216796875,
          "y": 143.3022918701172,
          "confidence": 0.9979594945907593,
          "visible": true
        },
        {
          "name": "right_shoulder",
          "x": 386.14276123046875,
          "y": 126.61112976074219,
          "confidence": 0.925035834312439,
          "visible": true
        },
        {
          "name": "left_elbow",
          "x": 304.8359680175781,
          "y": 247.16574096679688,
          "confidence": 0.9965366125106812,
          "visible": true
        },
        {
          "name": "right_elbow",
          "x": 366.5091857910156,
          "y": 223.05877685546875,
          "confidence": 0.5335816144943237,
          "visible": true
        },
        {
          "name": "left_wrist",
          "x": 261.54974365234375,
          "y": 228.15591430664062,
          "confidence": 0.9918813109397888,
          "visible": true
        },
        {
          "name": "right_wrist",
          "x": 278.99713134765625,
          "y": 222.0900115966797,
          "confidence": 0.6357244253158569,
          "visible": true
        },
        {
          "name": "left_hip",
          "x": 322.1498107910156,
          "y": 288.5457763671875,
          "confidence": 0.9923415184020996,
          "visible": true
        },
        {
          "name": "right_hip",
          "x": 367.13177490234375,
          "y": 271.811279296875,
          "confidence": 0.952392578125,
          "visible": true
        },
        {
          "name": "left_knee",
          "x": 191.37884521484375,
          "y": 268.5545959472656,
          "confidence": 0.9948769211769104,
          "visible": true
        },
        {
          "name": "right_knee",
          "x": 219.62843322753906,
          "y": 248.87432861328125,
          "confidence": 0.9575247168540955,
          "visible": true
        },
        {
          "name": "left_ankle",
          "x": 201.972900390625,
          "y": 408.107421875,
          "confidence": 0.9590269923210144,
          "visible": true
        },
        {
          "name": "right_ankle",
          "x": 206.55722045898438,
          "y": 386.4638671875,
          "confidence": 0.8556529879570007,
          "visible": true
        }
      ],
      "confidence_scores": [
        0.377027690410614,
        0.5155202150344849,
        0.010623613372445107,
        0.958696722984314,
        0.057900864630937576,
        0.9979594945907593,
        0.925035834312439,
        0.9965366125106812,
        0.5335816144943237,
        0.9918813109397888,
        0.6357244253158569,
        0.9923415184020996,
        0.952392578125,
        0.9948769211769104,
        0.9575247168540955,
        0.9590269923210144,
        0.8556529879570007
      ],
      "average_confidence": 0.7477825949078097
    }
  ]
}