{
  "timestamp": "2025-11-03T15:15:23.570421",
  "image_shape": {
    "height": 480,
    "width": 640,
    "channels": 3
  },
  "num_persons_detected": 1,
  "persons": [
    {
      "person_id": 0,
      "keypoints": [
        {
          "name": "nose",
          "x": 345.97601318359375,
          "y": 164.99795532226562,
          "confidence": 0.9485188722610474,
          "visible": true
        },
        {
          "name": "left_eye",
          "x": 359.4281005859375,
          "y": 160.4286651611328,
          "confidence": 0.9305307269096375,
          "visible": true
        },
        {
          "name": "right_eye",
          "x": 354.1247253417969,
          "y": 159.0245361328125,
          "confidence": 0.4826735854148865,
          "visible": false
        },
        {
          "name": "left_ear",
          "x": 385.6300964355469,
          "y": 179.08160400390625,
          "confidence": 0.9312477707862854,
          "visible": true
        },
        {
          "name": "right_ear",
          "x": 367.938720703125,
          "y": 173.58358764648438,
          "confidence": 0.11380217969417572,
          "visible": false
        },
        {
          "name": "left_shoulder",
          "x": 360.00689697265625,
          "y": 229.31094360351562,
          "confidence": 0.9939931035041809,
          "visible": true
        },
        {
          "name": "right_shoulder",
          "x": 337.6921081542969,
          "y": 212.27786254882812,
          "confidence": 0.9736989140510559,
          "visible": true
        },
        {
          "name": "left_elbow",
          "x": 285.8390197753906,
          "y": 242.06356811523438,
          "confidence": 0.9788764715194702,
          "visible": true
        },
        {
          "name": "right_elbow",
          "x": 276.2618408203125,
          "y": 218.44500732421875,
          "confidence": 0.8489497900009155,
          "visible": true
        },
        {
          "name": "left_wrist",
          "x": 261.2527160644531,
          "y": 215.18455505371094,
          "confidence": 0.9728198647499084,
          "visible": true
        },
        {
          "name": "right_wrist",
          "x": 293.03216552734375,
          "y": 217.28457641601562,
          "confidence": 0.8135603666305542,
          "visible": true
        },
        {
          "name": "left_hip",
          "x": 222.765869140625,
          "y": 285.2528991699219,
          "confidence": 0.9913184642791748,
          "visible": true
        },
        {
          "name": "right_hip",
          "x": 204.68209838867188,
          "y": 263.9259948730469,
          "confidence": 0.980240523815155,
          "visible": true
        },
        {
          "name": "left_knee",
          "x": 69.25338745117188,
          "y": 288.697998046875,
          "confidence": 0.9868908524513245,
          "visible": true
        },
        {
          "name": "right_knee",
          "x": 70.08549499511719,
          "y": 277.2929382324219,
          "confidence": 0.9609776139259338,
          "visible": true
        },
        {
          "name": "left_ankle",
          "x": 62.98039245605469,
          "y": 374.9993896484375,
          "confidence": 0.9175183773040771,
          "visible": true
        },
        {
          "name": "right_ankle",
          "x": 70.95298767089844,
          "y": 377.2204895019531,
          "confidence": 0.8349502086639404,
          "visible": true
        }
      ],
      "confidence_scores": [
        0.9485188722610474,
        0.9305307269096375,
        0.4826735854148865,
        0.9312477707862854,
        0.11380217969417572,
        0.9939931035041809,
        0.9736989140510559,
        0.9788764715194702,
        0.8489497900009155,
        0.9728198647499084,
        0.8135603666305542,
        0.9913184642791748,
        0.980240523815155,
        0.9868908524513245,
        0.9609776139259338,
        0.9175183773040771,
        0.8349502086639404
      ],
      "average_confidence": 0.8623863344683367
    }
  ]
}