{
  "timestamp": "2025-11-03T15:14:00.480296",
  "image_shape": {
    "height": 480,
    "width": 640,
    "channels": 3
  },
  "num_persons_detected": 1,
  "persons": [
    {
      "person_id": 0,
      "keypoints": [
        {
          "name": "nose",
          "x": 321.1659240722656,
          "y": 57.203216552734375,
          "confidence": 0.9536861181259155,
          "visible": true
        },
        {
          "name": "left_eye",
          "x": 329.0048522949219,
          "y": 44.3067626953125,
          "confidence": 0.972687304019928,
          "visible": true
        },
        {
          "name": "right_eye",
          "x": 321.315185546875,
          "y": 44.36845397949219,
          "confidence": 0.18424171209335327,
          "visible": false
        },
        {
          "name": "left_ear",
          "x": 357.9039306640625,
          "y": 50.02619934082031,
          "confidence": 0.9558916687965393,
          "visible": true
        },
        {
          "name": "right_ear",
          "x": 341.24688720703125,
          "y": 47.85203552246094,
          "confidence": 0.009992062114179134,
          "visible": false
        },
        {
          "name": "left_shoulder",
          "x": 373.55029296875,
          "y": 126.4107666015625,
          "confidence": 0.9982409477233887,
          "visible": true
        },
        {
          "name": "right_shoulder",
          "x": 368.705078125,
          "y": 111.92489624023438,
          "confidence": 0.9257084727287292,
          "visible": true
        },
        {
          "name": "left_elbow",
          "x": 329.2684326171875,
          "y": 212.4431610107422,
          "confidence": 0.9980498552322388,
          "visible": true
        },
        {
          "name": "right_elbow",
          "x": 320.5991516113281,
          "y": 193.8885955810547,
          "confidence": 0.732654869556427,
          "visible": true
        },
        {
          "name": "left_wrist",
          "x": 260.1528625488281,
          "y": 179.55419921875,
          "confidence": 0.9975094795227051,
          "visible": true
        },
        {
          "name": "right_wrist",
          "x": 248.67977905273438,
          "y": 184.11715698242188,
          "confidence": 0.880006730556488,
          "visible": true
        },
        {
          "name": "left_hip",
          "x": 326.5955505371094,
          "y": 278.84747314453125,
          "confidence": 0.9985827207565308,
          "visible": true
        },
        {
          "name": "right_hip",
          "x": 324.3330078125,
          "y": 260.2695007324219,
          "confidence": 0.9908191561698914,
          "visible": true
        },
        {
          "name": "left_knee",
          "x": 204.38092041015625,
          "y": 294.2754211425781,
          "confidence": 0.998964786529541,
          "visible": true
        },
        {
          "name": "right_knee",
          "x": 212.4777069091797,
          "y": 276.5068664550781,
          "confidence": 0.9925035238265991,
          "visible": true
        },
        {
          "name": "left_ankle",
          "x": 131.2366485595703,
          "y": 393.99249267578125,
          "confidence": 0.9897727370262146,
          "visible": true
        },
        {
          "name": "right_ankle",
          "x": 132.94454956054688,
          "y": 382.13238525390625,
          "confidence": 0.9664820432662964,
          "visible": true
        }
      ],
      "confidence_scores": [
        0.9536861181259155,
        0.972687304019928,
        0.18424171209335327,
        0.9558916687965393,
        0.009992062114179134,
        0.9982409477233887,
        0.9257084727287292,
        0.9980498552322388,
        0.732654869556427,
        0.9975094795227051,
        0.880006730556488,
        0.9985827207565308,
        0.9908191561698914,
        0.998964786529541,
        0.9925035238265991,
        0.9897727370262146,
        0.9664820432662964
      ],
      "average_confidence": 0.8556349522379392
    }
  ]
}