{
  "timestamp": "2025-11-03T15:15:11.655262",
  "image_shape": {
    "height": 480,
    "width": 640,
    "channels": 3
  },
  "num_persons_detected": 1,
  "persons": [
    {
      "person_id": 0,
      "keypoints": [
        {
          "name": "nose",
          "x": 151.08416748046875,
          "y": 207.1349639892578,
          "confidence": 0.8960019946098328,
          "visible": true
        },
        {
          "name": "left_eye",
          "x": 150.87338256835938,
          "y": 197.28224182128906,
          "confidence": 0.9785130023956299,
          "visible": true
        },
        {
          "name": "right_eye",
          "x": 151.61602783203125,
          "y": 194.43650817871094,
          "confidence": 0.09987110644578934,
          "visible": false
        },
        {
          "name": "left_ear",
          "x": 172.25128173828125,
          "y": 182.59397888183594,
          "confidence": 0.9811086058616638,
          "visible": true
        },
        {
          "name": "right_ear",
          "x": 171.45982360839844,
          "y": 175.69143676757812,
          "confidence": 0.006022408604621887,
          "visible": false
        },
        {
          "name": "left_shoulder",
          "x": 213.53488159179688,
          "y": 205.24880981445312,
          "confidence": 0.9907647371292114,
          "visible": true
        },
        {
          "name": "right_shoulder",
          "x": 237.18634033203125,
          "y": 183.45263671875,
          "confidence": 0.7462062835693359,
          "visible": true
        },
        {
          "name": "left_elbow",
          "x": 212.53643798828125,
          "y": 308.75213623046875,
          "confidence": 0.9777783751487732,
          "visible": true
        },
        {
          "name": "right_elbow",
          "x": 225.17539978027344,
          "y": 263.6194152832031,
          "confidence": 0.2597423791885376,
          "visible": false
        },
        {
          "name": "left_wrist",
          "x": 220.6450958251953,
          "y": 401.1300048828125,
          "confidence": 0.9205730557441711,
          "visible": true
        },
        {
          "name": "right_wrist",
          "x": 212.2952423095703,
          "y": 360.2861022949219,
          "confidence": 0.2710396349430084,
          "visible": false
        },
        {
          "name": "left_hip",
          "x": 341.872802734375,
          "y": 280.6277770996094,
          "confidence": 0.9767160415649414,
          "visible": true
        },
        {
          "name": "right_hip",
          "x": 359.1064758300781,
          "y": 268.14837646484375,
          "confidence": 0.9019851684570312,
          "visible": true
        },
        {
          "name": "left_knee",
          "x": 186.99520874023438,
          "y": 291.136962890625,
          "confidence": 0.9913784265518188,
          "visible": true
        },
        {
          "name": "right_knee",
          "x": 207.85231018066406,
          "y": 270.19134521484375,
          "confidence": 0.9502567648887634,
          "visible": true
        },
        {
          "name": "left_ankle",
          "x": 237.7417449951172,
          "y": 413.89990234375,
          "confidence": 0.9774237275123596,
          "visible": true
        },
        {
          "name": "right_ankle",
          "x": 246.1750030517578,
          "y": 390.85467529296875,
          "confidence": 0.9420946836471558,
          "visible": true
        }
      ],
      "confidence_scores": [
        0.8960019946098328,
        0.9785130023956299,
        0.09987110644578934,
        0.9811086058616638,
        0.006022408604621887,
        0.9907647371292114,
        0.7462062835693359,
        0.9777783751487732,
        0.2597423791885376,
        0.9205730557441711,
        0.2710396349430084,
        0.9767160415649414,
        0.9019851684570312,
        0.9913784265518188,
        0.9502567648887634,
        0.9774237275123596,
        0.9420946836471558
      ],
      "average_confidence": 0.7569103762507439
    }
  ]
}