{
  "timestamp": "2025-11-03T15:16:18.268155",
  "image_shape": {
    "height": 480,
    "width": 640,
    "channels": 3
  },
  "num_persons_detected": 1,
  "persons": [
    {
      "person_id": 0,
      "keypoints": [
        {
          "name": "nose",
          "x": 335.63018798828125,
          "y": 105.76493835449219,
          "confidence": 0.9503015279769897,
          "visible": true
        },
        {
          "name": "left_eye",
          "x": 343.0311279296875,
          "y": 95.33132934570312,
          "confidence": 0.966421902179718,
          "visible": true
        },
        {
          "name": "right_eye",
          "x": 340.2308349609375,
          "y": 96.86372375488281,
          "confidence": 0.2312711775302887,
          "visible": false
        },
        {
          "name": "left_ear",
          "x": 369.9266357421875,
          "y": 99.05766296386719,
          "confidence": 0.9659896492958069,
          "visible": true
        },
        {
          "name": "right_ear",
          "x": 363.611083984375,
          "y": 100.44439697265625,
          "confidence": 0.020757265388965607,
          "visible": false
        },
        {
          "name": "left_shoulder",
          "x": 371.3024597167969,
          "y": 160.01034545898438,
          "confidence": 0.9959277510643005,
          "visible": true
        },
        {
          "name": "right_shoulder",
          "x": 369.5447082519531,
          "y": 143.31103515625,
          "confidence": 0.9343410134315491,
          "visible": true
        },
        {
          "name": "left_elbow",
          "x": 315.3656921386719,
          "y": 240.33230590820312,
          "confidence": 0.9964542388916016,
          "visible": true
        },
        {
          "name": "right_elbow",
          "x": 321.3594970703125,
          "y": 205.0706787109375,
          "confidence": 0.717353105545044,
          "visible": true
        },
        {
          "name": "left_wrist",
          "x": 244.98300170898438,
          "y": 195.614990234375,
          "confidence": 0.9968683123588562,
          "visible": true
        },
        {
          "name": "right_wrist",
          "x": 245.677490234375,
          "y": 193.42794799804688,
          "confidence": 0.8567799925804138,
          "visible": true
        },
        {
          "name": "left_hip",
          "x": 300.3106689453125,
          "y": 282.6602478027344,
          "confidence": 0.9919852018356323,
          "visible": true
        },
        {
          "name": "right_hip",
          "x": 299.2011413574219,
          "y": 262.27294921875,
          "confidence": 0.9615091681480408,
          "visible": true
        },
        {
          "name": "left_knee",
          "x": 153.8950958251953,
          "y": 276.12969970703125,
          "confidence": 0.9949186444282532,
          "visible": true
        },
        {
          "name": "right_knee",
          "x": 161.08404541015625,
          "y": 258.8369140625,
          "confidence": 0.9653342366218567,
          "visible": true
        },
        {
          "name": "left_ankle",
          "x": 191.41241455078125,
          "y": 397.7107238769531,
          "confidence": 0.9521653056144714,
          "visible": true
        },
        {
          "name": "right_ankle",
          "x": 197.36282348632812,
          "y": 394.59222412109375,
          "confidence": 0.8536261320114136,
          "visible": true
        }
      ],
      "confidence_scores": [
        0.9503015279769897,
        0.966421902179718,
        0.2312711775302887,
        0.9659896492958069,
        0.020757265388965607,
        0.9959277510643005,
        0.9343410134315491,
        0.9964542388916016,
        0.717353105545044,
        0.9968683123588562,
        0.8567799925804138,
        0.9919852018356323,
        0.9615091681480408,
        0.9949186444282532,
        0.9653342366218567,
        0.9521653056144714,
        0.8536261320114136
      ],
      "average_confidence": 0.8442355661707766
    }
  ]
}